epoch,loss,lr,mae,mse,rmse,val_loss,val_mae,val_mse,val_rmse
0,2.4404420852661133,1e-04,1.4407545,2.4354813,1.5606029,0.6488873362541199,0.797569751739502,0.6439266204833984,0.8024503588676453
1,2.3726654052734375,1e-04,1.4215841,2.3677046,1.5387348,0.6487879753112793,0.7975029349327087,0.6438271999359131,0.8023884296417236
2,2.305696725845337,1e-04,1.4023972,2.300736,1.5168177,0.6486879587173462,0.7974357008934021,0.6437271237373352,0.8023260831832886
3,2.239396095275879,1e-04,1.3831487,2.2344353,1.4948027,0.6485899090766907,0.7973697185516357,0.6436290740966797,0.8022649884223938
4,2.1735522747039795,1e-04,1.3637892,2.1685915,1.4726138,0.6484909653663635,0.7973030805587769,0.643530011177063,0.8022032380104065
5,2.107883930206299,1e-04,1.3442421,2.1029232,1.450146,0.6483845710754395,0.7972319722175598,0.6434236168861389,0.8021368980407715
6,2.0420820713043213,1e-04,1.3244067,2.037121,1.4272774,0.6482661366462708,0.7971533536911011,0.6433050632476807,0.80206298828125
7,1.9758135080337524,1e-04,1.3041631,1.9708525,1.4038706,0.6481328010559082,0.7970654964447021,0.6431716680526733,0.8019798398017883
8,1.9087482690811157,1e-04,1.2833772,1.903787,1.3797779,0.6479840278625488,0.7969680428504944,0.6430227756500244,0.801887035369873
9,1.840601921081543,1e-04,1.2619127,1.8356408,1.3548582,0.6478198766708374,0.7968611121177673,0.642858624458313,0.8017846345901489
10,1.7711615562438965,1e-04,1.2396393,1.7662002,1.3289846,0.6476408243179321,0.7967448234558105,0.6426794528961182,0.8016729354858398
11,1.7003024816513062,1e-04,1.2164408,1.695341,1.3020526,0.6474469900131226,0.7966192960739136,0.642485499382019,0.8015519380569458
12,1.6280041933059692,1e-04,1.192221,1.623043,1.273987,0.64723801612854,0.7964844703674316,0.6422765254974365,0.801421582698822
13,1.5543705224990845,1e-04,1.1669132,1.549409,1.2447526,0.6470139026641846,0.7963400483131409,0.6420522928237915,0.8012816309928894
14,1.4796535968780518,1e-04,1.1404934,1.474692,1.2143689,0.646773636341095,0.7961856722831726,0.6418119668960571,0.8011316657066345
15,1.4042669534683228,1e-04,1.1129931,1.3993052,1.1829224,0.6465166211128235,0.7960207462310791,0.6415548920631409,0.8009712100028992
16,1.3287807703018188,1e-04,1.084509,1.323819,1.1505734,0.6462417244911194,0.7958446145057678,0.641279935836792,0.800799548625946
17,1.2538989782333374,1e-04,1.0552077,1.2489372,1.1175586,0.6459479331970215,0.7956565618515015,0.6409860849380493,0.8006160855293274
18,1.1804187297821045,1e-04,1.0253259,1.1754569,1.0841849,0.6456335186958313,0.7954556941986084,0.6406716108322144,0.8004196286201477
19,1.109169840812683,1e-04,0.9951597,1.1042079,1.050813,0.6452973484992981,0.7952410578727722,0.6403353810310364,0.8002095818519592
20,1.0409440994262695,1e-04,0.96504563,1.0359821,1.017832,0.644938051700592,0.7950117588043213,0.639975905418396,0.7999849319458008
21,0.9764202833175659,1e-04,0.9353323,0.97145814,0.98562574,0.644554078578949,0.7947670817375183,0.6395919322967529,0.7997449040412903
22,0.916124701499939,1e-04,0.9063592,0.91116256,0.95454836,0.644144594669342,0.7945061922073364,0.6391823887825012,0.7994888424873352
23,0.8603808283805847,1e-04,0.87842184,0.8554186,0.92488843,0.6437088847160339,0.7942286729812622,0.6387466192245483,0.7992162704467773
24,0.8093198537826538,1e-04,0.85175914,0.8043576,0.8968598,0.6432461142539978,0.793934166431427,0.6382837295532227,0.798926591873169
25,0.7628860473632812,1e-04,0.82653624,0.75792366,0.8705881,0.6427562832832336,0.7936223745346069,0.6377938389778137,0.7986199855804443
26,0.720879077911377,1e-04,0.8028466,0.71591663,0.84611857,0.6422392129898071,0.7932932376861572,0.6372767090797424,0.7982961535453796
27,0.6829909086227417,1e-04,0.780715,0.6780284,0.8234248,0.6416954398155212,0.7929471135139465,0.636732816696167,0.7979553937911987
28,0.6488548517227173,1e-04,0.7601132,0.6438922,0.80242896,0.6411252021789551,0.7925841808319092,0.636162519454956,0.7975979447364807
29,0.6180745363235474,1e-04,0.7409695,0.61311185,0.7830146,0.6405295133590698,0.7922049760818481,0.635566771030426,0.7972244024276733
30,0.5902559161186218,1e-04,0.72318536,0.5852932,0.76504457,0.6399092078208923,0.7918099761009216,0.6349464058876038,0.7968352437019348
31,0.565028727054596,1e-04,0.7066478,0.5600659,0.74837554,0.6392653584480286,0.7913997769355774,0.6343024373054504,0.7964310646057129
32,0.5420475006103516,1e-04,0.6912341,0.5370846,0.73286057,0.6385988593101501,0.790975034236908,0.6336359977722168,0.7960125803947449
33,0.5210107564926147,1e-04,0.6768263,0.5160479,0.7183647,0.6379110217094421,0.7905365228652954,0.6329480409622192,0.7955803275108337
34,0.501650869846344,1e-04,0.6635539,0.49668792,0.7047609,0.6372030377388,0.7900848388671875,0.6322399973869324,0.7951352000236511
35,0.4837352931499481,1e-04,0.6511405,0.47877225,0.6919337,0.6364759206771851,0.7896207571029663,0.6315128803253174,0.7946778535842896
36,0.4670676290988922,1e-04,0.6393047,0.46210453,0.6797827,0.6357312202453613,0.7891451120376587,0.6307680010795593,0.7942090630531311
37,0.45148003101348877,1e-04,0.6279729,0.4465169,0.6682192,0.6349697113037109,0.7886584997177124,0.6300065517425537,0.7937295436859131
38,0.43683215975761414,1e-04,0.6170807,0.43186894,0.6571674,0.634192943572998,0.7881616353988647,0.6292296648025513,0.793239951133728
39,0.4230022132396698,1e-04,0.6065683,0.418039,0.64655936,0.6334018707275391,0.7876554727554321,0.6284385919570923,0.7927411794662476
40,0.4098910093307495,1e-04,0.59638494,0.40492773,0.6363393,0.6325977444648743,0.787140429019928,0.6276344060897827,0.7922338247299194
41,0.39741262793540955,1e-04,0.5864848,0.39244926,0.6264577,0.6317816972732544,0.7866173982620239,0.6268182992935181,0.791718602180481
42,0.38549646735191345,1e-04,0.5768286,0.3805331,0.6168736,0.6309547424316406,0.7860870361328125,0.6259913444519043,0.7911961674690247
43,0.3740829527378082,1e-04,0.5673818,0.3691195,0.60755205,0.6301112174987793,0.7855454683303833,0.625147819519043,0.7906628847122192
44,0.3630111515522003,1e-04,0.558075,0.35804763,0.5983708,0.629266083240509,0.7850024700164795,0.6243025660514832,0.7901281714439392
45,0.35245954990386963,1e-04,0.54925615,0.34749603,0.58948797,0.6284133195877075,0.7844541072845459,0.6234497427940369,0.7895883321762085
46,0.3422778844833374,1e-04,0.5405876,0.33731434,0.58078766,0.6275541186332703,0.7839010953903198,0.6225904822349548,0.7890440225601196
47,0.3324364125728607,1e-04,0.5320448,0.3274728,0.5722524,0.6266893744468689,0.7833441495895386,0.6217256784439087,0.7884958386421204
48,0.322907954454422,1e-04,0.5236046,0.3179443,0.5638655,0.6258200407028198,0.7827836871147156,0.6208564043045044,0.7879444360733032
49,0.31366923451423645,1e-04,0.5152464,0.30870554,0.55561274,0.6249473094940186,0.7822204232215881,0.6199835538864136,0.7873903512954712
50,0.30469971895217896,1e-04,0.50695086,0.299736,0.5474815,0.6240717172622681,0.781654953956604,0.6191079616546631,0.7868341207504272
51,0.2959834635257721,1e-04,0.49870178,0.2910197,0.53946245,0.6231887936592102,0.7810840010643005,0.6182249784469604,0.7862728238105774
52,0.287430077791214,1e-04,0.49040994,0.28246626,0.53147554,0.6223104000091553,0.7805155515670776,0.6173465847969055,0.7857140898704529
53,0.2791760563850403,1e-04,0.4822059,0.2742122,0.52365273,0.6214319467544556,0.7799465656280518,0.616468071937561,0.7851548194885254
54,0.27113521099090576,1e-04,0.47400436,0.26617134,0.51591796,0.6205539703369141,0.779377281665802,0.6155900359153748,0.7845954895019531
55,0.2632973790168762,1e-04,0.46579257,0.25833344,0.50826514,0.6196772456169128,0.7788082361221313,0.6147133111953735,0.7840365767478943
56,0.25565412640571594,1e-04,0.45755926,0.25069013,0.5006897,0.6188023686408997,0.7782398462295532,0.6138383150100708,0.783478319644928
57,0.2481963336467743,1e-04,0.44929206,0.2432323,0.49318585,0.6179297566413879,0.7776724100112915,0.6129657030105591,0.7829212546348572
58,0.24091900885105133,1e-04,0.44098178,0.23595494,0.48575193,0.6170600652694702,0.7771062254905701,0.6120959520339966,0.782365620136261
59,0.23381608724594116,1e-04,0.43261874,0.22885197,0.47838476,0.6161938905715942,0.7765417695045471,0.611229658126831,0.7818117737770081
60,0.2268829494714737,1e-04,0.42419347,0.22191878,0.47108257,0.6153310537338257,0.7759790420532227,0.6103668808937073,0.7812597751617432
61,0.22011694312095642,1e-04,0.41569948,0.21515273,0.46384558,0.6144724488258362,0.7754183411598206,0.6095081567764282,0.7807100415229797
62,0.21351388096809387,1e-04,0.4071277,0.20854963,0.45667234,0.6136178374290466,0.7748597860336304,0.6086534857749939,0.7801624536514282
63,0.20707201957702637,1e-04,0.39847174,0.20210771,0.44956392,0.6127675175666809,0.7743036150932312,0.607803225517273,0.7796173691749573
64,0.20079152286052704,1e-04,0.38972774,0.19582717,0.44252363,0.6119216084480286,0.7737497091293335,0.6069572567939758,0.7790746092796326
65,0.19467025995254517,1e-04,0.38088885,0.18970585,0.43555236,0.6110802292823792,0.773198127746582,0.6061157584190369,0.7785343527793884
66,0.18871043622493744,1e-04,0.37195364,0.18374598,0.428656,0.6102430820465088,0.7726489305496216,0.6052786111831665,0.7779965400695801
67,0.18291307985782623,1e-04,0.36503768,0.17794858,0.4218395,0.6094099879264832,0.7721018195152283,0.6044454574584961,0.7774609327316284
68,0.17728003859519958,1e-04,0.3599008,0.17231548,0.415109,0.6085808873176575,0.7715568542480469,0.6036163568496704,0.7769275307655334
69,0.1718147099018097,1e-04,0.35467255,0.16685009,0.40847287,0.6077554821968079,0.7710137963294983,0.6027908325195312,0.7763960361480713
70,0.16652004420757294,1e-04,0.3493508,0.16155536,0.4019395,0.6069331765174866,0.7704724073410034,0.6019684672355652,0.7758662700653076
71,0.16140079498291016,1e-04,0.3439372,0.15643609,0.39552003,0.606113612651825,0.7699322700500488,0.6011488437652588,0.7753378748893738
72,0.1564616858959198,1e-04,0.33854517,0.1514969,0.38922602,0.6052961349487305,0.7693931460380554,0.6003313064575195,0.7748104929924011
73,0.15170738101005554,1e-04,0.33560756,0.14674254,0.38306987,0.6044802069664001,0.768854558467865,0.5995153188705444,0.774283766746521
74,0.14714254438877106,1e-04,0.33257225,0.14217766,0.37706453,0.6036649346351624,0.7683160901069641,0.5986999869346619,0.7737570405006409
75,0.14277318120002747,1e-04,0.32944113,0.13780825,0.37122533,0.602849543094635,0.7677772045135498,0.5978845357894897,0.7732299566268921
76,0.13860319554805756,1e-04,0.32621664,0.1336382,0.3655656,0.6020330786705017,0.7672371864318848,0.5970680117607117,0.7727017402648926
77,0.1346365213394165,1e-04,0.32290223,0.12967147,0.36009926,0.6012144684791565,0.766695499420166,0.5962494015693665,0.7721718549728394
78,0.1308770328760147,1e-04,0.31950477,0.12591194,0.35484073,0.6003928184509277,0.7661514282226562,0.5954276323318481,0.7716395854949951
79,0.12732712924480438,1e-04,0.31603122,0.12236198,0.34980276,0.599566638469696,0.7656042575836182,0.5946014523506165,0.7711040377616882
80,0.12398643046617508,1e-04,0.312489,0.119021215,0.34499452,0.598734974861145,0.7650530338287354,0.5937697291374207,0.7705645561218262
81,0.12085551768541336,1e-04,0.3088896,0.11589026,0.3404266,0.5978965163230896,0.7644971609115601,0.5929311513900757,0.7700202465057373
82,0.1179315522313118,1e-04,0.3052428,0.11296625,0.3361045,0.5970497727394104,0.7639355659484863,0.5920844078063965,0.76947021484375
83,0.11521073430776596,1e-04,0.3015614,0.110245384,0.3320322,0.5961933732032776,0.7633674740791321,0.5912280082702637,0.7689135074615479
84,0.11268717050552368,1e-04,0.297858,0.107721776,0.32820997,0.5953262448310852,0.7627919912338257,0.5903607606887817,0.7683493494987488
85,0.11035303771495819,1e-04,0.29414538,0.105387606,0.32463458,0.5944467782974243,0.7622082233428955,0.5894812941551208,0.7677768468856812
86,0.10819962620735168,1e-04,0.2904375,0.10323415,0.32130072,0.5935538411140442,0.7616153359413147,0.588588297367096,0.7671951055526733
87,0.10621583461761475,1e-04,0.2867475,0.10125032,0.31819856,0.5926459431648254,0.7610124349594116,0.5876803994178772,0.7666031718254089
88,0.10439027100801468,1e-04,0.2830881,0.09942472,0.31531686,0.5917221307754517,0.7603988647460938,0.5867565870285034,0.7660003900527954
89,0.10270968079566956,1e-04,0.27947146,0.0977441,0.31264052,0.5907815098762512,0.759773850440979,0.5858159065246582,0.7653861045837402
90,0.10116128623485565,1e-04,0.27590954,0.096195675,0.3101543,0.5898229479789734,0.7591368556022644,0.5848573446273804,0.7647596597671509
91,0.09973084181547165,1e-04,0.27241173,0.09476521,0.30783957,0.5888457894325256,0.7584872841835022,0.5838800668716431,0.7641204595565796
92,0.09840507805347443,1e-04,0.26898775,0.09343942,0.30567864,0.5878494381904602,0.7578247785568237,0.5828837156295776,0.7634682059288025
93,0.09717105329036713,1e-04,0.2656459,0.09220537,0.30365336,0.5868332982063293,0.7571489810943604,0.5818675756454468,0.7628024220466614
94,0.09601569920778275,1e-04,0.26239222,0.09105001,0.30174494,0.5857973098754883,0.7564597129821777,0.5808315873146057,0.7621231079101562
95,0.09492707252502441,1e-04,0.2592317,0.08996136,0.29993558,0.5847413539886475,0.7557569742202759,0.5797756910324097,0.761430025100708
96,0.09389480948448181,1e-04,0.25616866,0.08892908,0.2982098,0.5836656093597412,0.7550405859947205,0.5786998271942139,0.7607232332229614
97,0.09290902316570282,1e-04,0.25320598,0.087943286,0.29655233,0.5825700759887695,0.7543108463287354,0.5776042938232422,0.760002851486206
98,0.09196075052022934,1e-04,0.2503443,0.086995006,0.29494914,0.5814552307128906,0.7535678148269653,0.5764894485473633,0.7592689990997314
99,0.09104287624359131,1e-04,0.24758422,0.08607713,0.29338905,0.5803214311599731,0.7528117299079895,0.5753556489944458,0.7585220336914062
100,0.09014908224344254,1e-04,0.24492507,0.085183345,0.29186186,0.5791692137718201,0.7520430088043213,0.5742034316062927,0.7577621340751648
101,0.08927470445632935,1e-04,0.24236588,0.08430895,0.29036003,0.5779992938041687,0.751261830329895,0.5730334520339966,0.7569897174835205
102,0.08841466903686523,1e-04,0.2399023,0.08344892,0.28887525,0.5768122673034668,0.7504688501358032,0.5718464851379395,0.7562053203582764
103,0.08756689727306366,1e-04,0.2376541,0.08260115,0.28740415,0.5756087899208069,0.7496641874313354,0.5706430077552795,0.7554091811180115
104,0.086729034781456,1e-04,0.23572671,0.08176329,0.28594282,0.5743896961212158,0.748848557472229,0.5694239139556885,0.7546018362045288
105,0.08589920401573181,1e-04,0.23388056,0.08093348,0.2844881,0.5731557011604309,0.7480223178863525,0.5681899785995483,0.7537837624549866
106,0.08507650345563889,1e-04,0.23211205,0.08011079,0.2830385,0.571907639503479,0.7471858263015747,0.5669418573379517,0.752955436706543
107,0.08426105231046677,1e-04,0.23041637,0.07929534,0.28159428,0.5706461071968079,0.7463396787643433,0.5656803846359253,0.7521172761917114
108,0.08345203101634979,1e-04,0.22878818,0.07848633,0.2801541,0.56937175989151,0.7454842329025269,0.564406156539917,0.7512696981430054
109,0.08265045285224915,1e-04,0.22722363,0.07768476,0.27871987,0.5680857300758362,0.7446199655532837,0.5631201267242432,0.7504132986068726
110,0.0818566232919693,1e-04,0.22571744,0.07689095,0.2772922,0.5667882561683655,0.7437472343444824,0.5618226528167725,0.7495483160018921
111,0.0810706689953804,1e-04,0.22426458,0.076105006,0.27587137,0.5654804110527039,0.7428665161132812,0.5605148077011108,0.7486753463745117
112,0.08029410988092422,1e-04,0.2228614,0.07532846,0.27446032,0.5641624331474304,0.7419781684875488,0.5591968297958374,0.7477946281433105
113,0.0795266330242157,1e-04,0.22150224,0.07456099,0.2730586,0.562835156917572,0.7410825490951538,0.557869553565979,0.7469066381454468
114,0.07876937836408615,1e-04,0.2201838,0.07380375,0.27166846,0.5614991188049316,0.7401800155639648,0.5565335750579834,0.7460117936134338
115,0.07802295684814453,1e-04,0.21890186,0.07305736,0.27029124,0.5601549744606018,0.7392709255218506,0.5551893711090088,0.7451103329658508
116,0.07728710770606995,1e-04,0.21765184,0.07232153,0.26892662,0.5588028430938721,0.7383554577827454,0.5538372993469238,0.7442024350166321
117,0.07656290382146835,1e-04,0.21643133,0.07159733,0.26757678,0.5574434995651245,0.737433910369873,0.5524779558181763,0.7432886362075806
118,0.07585041970014572,1e-04,0.21523671,0.07088486,0.26624212,0.5560773611068726,0.7365066409111023,0.5511118173599243,0.7423690557479858
119,0.07514962553977966,1e-04,0.21406479,0.070184074,0.26492277,0.5547046661376953,0.7355738282203674,0.5497391223907471,0.741443932056427
120,0.07446043938398361,1e-04,0.21291263,0.06949492,0.2636189,0.5533256530761719,0.734635591506958,0.5483601689338684,0.7405134439468384
121,0.07378291338682175,1e-04,0.21177785,0.06881741,0.2623307,0.5519409775733948,0.7336921691894531,0.5469754934310913,0.7395778894424438
122,0.07311639189720154,1e-04,0.21065743,0.0681509,0.2610573,0.5505506992340088,0.7327437996864319,0.5455852150917053,0.738637387752533
123,0.07246122509241104,1e-04,0.20955051,0.06749574,0.25979942,0.5491551756858826,0.7317905426025391,0.5441896915435791,0.73769211769104
124,0.07181686908006668,1e-04,0.20845443,0.06685141,0.2585564,0.5477545261383057,0.7308325171470642,0.542789101600647,0.7367421984672546
125,0.07118306308984756,1e-04,0.20736809,0.06621761,0.25732782,0.5463491082191467,0.7298699021339417,0.541383683681488,0.7357878088951111
126,0.07055889815092087,1e-04,0.20628919,0.06559346,0.2561122,0.5449389815330505,0.7289026975631714,0.5399734973907471,0.7348288893699646
127,0.06994439661502838,1e-04,0.20521708,0.06497897,0.25490972,0.5435240864753723,0.727931022644043,0.5385586619377136,0.7338655591011047
128,0.06933915615081787,1e-04,0.20415096,0.06437374,0.2537198,0.542104959487915,0.7269549369812012,0.5371395349502563,0.7328980565071106
129,0.06874216347932816,1e-04,0.203089,0.06377676,0.25254062,0.5406814813613892,0.7259745597839355,0.5357160568237305,0.7319262623786926
130,0.06815358996391296,1e-04,0.20203114,0.063188195,0.25137264,0.5392535328865051,0.7249897718429565,0.5342881679534912,0.7309501767158508
131,0.06757262349128723,1e-04,0.20097677,0.062607236,0.25021437,0.5378215312957764,0.7240006923675537,0.5328561663627625,0.7299699783325195
132,0.06699907779693604,1e-04,0.19992495,0.0620337,0.24906565,0.5363854765892029,0.723007321357727,0.531420111656189,0.7289856672286987
133,0.06643246859312057,1e-04,0.19887578,0.061467107,0.24792561,0.5349453687667847,0.7220097184181213,0.5299800038337708,0.7279972434043884
134,0.06587229669094086,1e-04,0.19782867,0.060906947,0.24679333,0.5335010290145874,0.721007764339447,0.5285356640815735,0.7270045876502991
135,0.06531832367181778,1e-04,0.19678353,0.06035298,0.24566844,0.532052755355835,0.7200015783309937,0.527087390422821,0.7260078191757202
136,0.06477026641368866,1e-04,0.19573988,0.059804928,0.24455047,0.5306006073951721,0.7189911603927612,0.5256352424621582,0.7250070571899414
137,0.06422750651836395,1e-04,0.1946976,0.059262186,0.24343826,0.5291442275047302,0.7179763317108154,0.5241788625717163,0.7240020036697388
138,0.06369059532880783,1e-04,0.19365801,0.05872528,0.242333,0.5276839137077332,0.7169572114944458,0.522718608379364,0.7229928374290466
139,0.06315874308347702,1e-04,0.19262032,0.05819343,0.24123314,0.5262196063995361,0.7159337997436523,0.521254301071167,0.7219794392585754
140,0.06263145804405212,1e-04,0.19158351,0.057666153,0.24013779,0.5247513055801392,0.7149059772491455,0.51978600025177,0.72096186876297
141,0.0621090792119503,1e-04,0.1905493,0.057143778,0.23904765,0.5232789516448975,0.7138738632202148,0.5183136463165283,0.7199400067329407
142,0.061591148376464844,1e-04,0.18951702,0.056625854,0.23796187,0.5218026041984558,0.7128372192382812,0.5168372392654419,0.7189139127731323
143,0.06107782945036888,1e-04,0.18848746,0.05611254,0.23688085,0.5203220248222351,0.7117961049079895,0.5153567790985107,0.7178835272789001
144,0.060569096356630325,1e-04,0.18746106,0.055603813,0.2358046,0.5188375115394592,0.7107505798339844,0.5138722658157349,0.7168488502502441
145,0.06006430462002754,1e-04,0.18643661,0.05509903,0.23473182,0.5173490047454834,0.7097005248069763,0.5123836994171143,0.7158098220825195
146,0.05956364795565605,1e-04,0.18541561,0.054598372,0.23366295,0.5158563256263733,0.7086459398269653,0.5108910799026489,0.7147664427757263
147,0.059067271649837494,1e-04,0.18439834,0.054102004,0.23259838,0.5143594145774841,0.7075867056846619,0.5093941688537598,0.7137185335159302
148,0.05857497453689575,1e-04,0.18338454,0.05360971,0.23153771,0.512858510017395,0.7065229415893555,0.5078932642936707,0.7126663327217102
149,0.0580865740776062,1e-04,0.1823744,0.05312131,0.23048061,0.5113534331321716,0.7054545879364014,0.5063881874084473,0.7116096019744873
150,0.05760227143764496,1e-04,0.18136863,0.05263701,0.22942758,0.509844183921814,0.70438152551651,0.5048789978027344,0.7105484008789062
151,0.05712172016501427,1e-04,0.18036692,0.052156463,0.2283779,0.5083307027816772,0.7033037543296814,0.5033655166625977,0.7094825506210327
152,0.05664514750242233,1e-04,0.17936985,0.051679894,0.22733213,0.5068132281303406,0.7022213339805603,0.5018479824066162,0.7084122896194458
153,0.05617241561412811,1e-04,0.17837751,0.051207166,0.22629,0.5052913427352905,0.7011340856552124,0.5003260970115662,0.7073373198509216
154,0.05570358783006668,1e-04,0.17739016,0.05073834,0.22525172,0.5037654042243958,0.7000421285629272,0.4988001883029938,0.7062578797340393
155,0.05523861572146416,1e-04,0.17640819,0.05027337,0.22421724,0.5022352337837219,0.6989454030990601,0.49726998805999756,0.7051737308502197
156,0.0547773540019989,1e-04,0.17543113,0.049812105,0.22318625,0.5006991624832153,0.6978425979614258,0.49573391675949097,0.7040837407112122
157,0.05431855842471123,1e-04,0.17445691,0.049353313,0.22215605,0.4991607367992401,0.6967363357543945,0.49419549107551575,0.7029904127120972
158,0.0538649708032608,1e-04,0.17349122,0.048899725,0.22113281,0.4976181387901306,0.6956252455711365,0.49265289306640625,0.7018923759460449
159,0.053415052592754364,1e-04,0.17253089,0.048449814,0.22011319,0.49607139825820923,0.6945092678070068,0.49110615253448486,0.7007896900177002
160,0.052968841046094894,1e-04,0.17157654,0.048003595,0.21909723,0.49452051520347595,0.6933884620666504,0.4895552694797516,0.6996822357177734
161,0.05252644792199135,1e-04,0.17062818,0.04756121,0.21808533,0.4929656386375427,0.6922628879547119,0.48800036311149597,0.6985702514648438
162,0.05208737403154373,1e-04,0.1696853,0.047122132,0.21707633,0.4914064109325409,0.6911322474479675,0.4864411950111389,0.6974533796310425
163,0.05165243148803711,1e-04,0.16874929,0.046687186,0.21607217,0.48984336853027344,0.6899968981742859,0.4848781228065491,0.6963319182395935
164,0.051220834255218506,1e-04,0.16781871,0.046255592,0.21507113,0.4882761240005493,0.6888565421104431,0.48331087827682495,0.6952056288719177
165,0.050792843103408813,1e-04,0.16689427,0.0458276,0.21407382,0.48670485615730286,0.6877113580703735,0.4817396104335785,0.6940746307373047
166,0.05036863312125206,1e-04,0.16597643,0.04540339,0.21308072,0.4851296544075012,0.6865612864494324,0.48016440868377686,0.6929389834403992
167,0.04994778335094452,1e-04,0.16506414,0.04498254,0.21209088,0.48355042934417725,0.6854062676429749,0.4785851538181305,0.6917985081672668
168,0.04953036829829216,1e-04,0.16415785,0.04456513,0.21110454,0.4819672405719757,0.6842463612556458,0.47700202465057373,0.6906533241271973
169,0.04911666736006737,1e-04,0.16325815,0.044151425,0.2101224,0.48038017749786377,0.6830815076828003,0.4754149317741394,0.6895033717155457
170,0.048706311732530594,1e-04,0.16236399,0.043741066,0.20914365,0.4787892997264862,0.6819118857383728,0.47382402420043945,0.6883487701416016
171,0.04829942807555199,1e-04,0.16147597,0.043334186,0.20816864,0.4771943986415863,0.6807371973991394,0.4722291827201843,0.6871893405914307
172,0.047895897179841995,1e-04,0.16059357,0.04293065,0.20719713,0.4755958914756775,0.6795576810836792,0.4706306457519531,0.6860252618789673
173,0.04749591648578644,1e-04,0.15971734,0.042530667,0.20622964,0.47399359941482544,0.6783733367919922,0.4690283536911011,0.6848564743995667
174,0.04709910228848457,1e-04,0.1588468,0.042133857,0.20526533,0.4723874628543854,0.677183985710144,0.467422217130661,0.6836828589439392
175,0.046705711632966995,1e-04,0.15798192,0.041740462,0.20430483,0.47077760100364685,0.6759896874427795,0.4658123850822449,0.6825044751167297
176,0.046315748244524,1e-04,0.15712272,0.0413505,0.20334822,0.46916431188583374,0.674790620803833,0.4641990661621094,0.6813215613365173
177,0.045928940176963806,1e-04,0.15626921,0.04096369,0.20239489,0.4675472378730774,0.6735865473747253,0.462581992149353,0.6801338195800781
178,0.04554533585906029,1e-04,0.1554207,0.040580083,0.20144498,0.4659265875816345,0.6723775863647461,0.46096134185791016,0.6789413094520569
179,0.04516502842307091,1e-04,0.15457772,0.040199775,0.20049882,0.4643024504184723,0.67116379737854,0.45933717489242554,0.6777442097663879
180,0.044788096100091934,1e-04,0.15385637,0.039822843,0.19955662,0.46267491579055786,0.6699451208114624,0.4577096700668335,0.6765424609184265
181,0.04441414028406143,1e-04,0.15315564,0.039448883,0.19861743,0.46104395389556885,0.6687215566635132,0.4560787081718445,0.6753360033035278
182,0.04404343292117119,1e-04,0.15245837,0.039078176,0.19768201,0.4594094753265381,0.6674931049346924,0.4544442296028137,0.6741247773170471
183,0.043675851076841354,1e-04,0.15176427,0.03871059,0.19675007,0.45777174830436707,0.666259765625,0.4528064727783203,0.6729089617729187
184,0.043311357498168945,1e-04,0.15107359,0.038346097,0.1958216,0.456130713224411,0.6650216579437256,0.45116543769836426,0.6716884970664978
185,0.042949993163347244,1e-04,0.15038604,0.03798473,0.19489671,0.45448631048202515,0.6637784838676453,0.4495210349559784,0.6704633235931396
186,0.04259169101715088,1e-04,0.14970171,0.037626427,0.19397533,0.4528387486934662,0.6625305414199829,0.44787347316741943,0.669233500957489
187,0.04223672300577164,1e-04,0.14902075,0.03727146,0.19305818,0.45118802785873413,0.6612778306007385,0.4462227523326874,0.6679990887641907
188,0.04188438132405281,1e-04,0.14834207,0.036919113,0.19214347,0.449534147977829,0.6600201725959778,0.4445688724517822,0.6667599678039551
189,0.0415351539850235,1e-04,0.147667,0.036569882,0.19123253,0.4478757977485657,0.6587566137313843,0.4429105222225189,0.6655152440071106
190,0.04118834063410759,1e-04,0.14699328,0.03622307,0.19032359,0.44621583819389343,0.6574892401695251,0.4412505328655243,0.6642668843269348
191,0.04084498807787895,1e-04,0.14632384,0.035879713,0.1894194,0.444551557302475,0.656216025352478,0.4395862817764282,0.6630130410194397
192,0.040503889322280884,1e-04,0.1456556,0.035538614,0.18851689,0.44288548827171326,0.6549389362335205,0.4379202127456665,0.661755383014679
193,0.04016659036278725,1e-04,0.14499186,0.03520131,0.18762012,0.44121667742729187,0.653657078742981,0.4362514019012451,0.6604933142662048
194,0.039832234382629395,1e-04,0.14433093,0.034866955,0.18672696,0.4395449161529541,0.6523703336715698,0.43457967042922974,0.6592265963554382
195,0.03950071334838867,1e-04,0.14367275,0.03453543,0.1858371,0.43787023425102234,0.6510786414146423,0.4329049587249756,0.6579551100730896
196,0.0391722247004509,1e-04,0.14301743,0.034206938,0.18495117,0.43619289994239807,0.6497822403907776,0.4312276244163513,0.6566792130470276
197,0.038846347481012344,1e-04,0.14236446,0.033881065,0.1840681,0.434512734413147,0.6484808921813965,0.4295474588871002,0.6553987264633179
198,0.03852333873510361,1e-04,0.14171393,0.033558052,0.18318857,0.43282997608184814,0.6471748352050781,0.4278647005558014,0.6541136503219604
199,0.03820327669382095,1e-04,0.14106646,0.033237986,0.18231288,0.4311445355415344,0.645863950252533,0.42617926001548767,0.6528240442276001
200,0.037885963916778564,1e-04,0.14042114,0.032920666,0.18144053,0.4294564425945282,0.6445481181144714,0.42449116706848145,0.651529848575592
201,0.03757128491997719,1e-04,0.13977824,0.032605994,0.1805713,0.42776569724082947,0.6432273983955383,0.4228004217147827,0.6502310633659363
202,0.03725949674844742,1e-04,0.13913798,0.032294203,0.17970587,0.4260725677013397,0.641901969909668,0.4211072623729706,0.6489278078079224
203,0.03695039451122284,1e-04,0.13850008,0.031985097,0.17884378,0.424376904964447,0.640571653842926,0.4194115996360779,0.6476199626922607
204,0.03664415702223778,1e-04,0.13786498,0.03167885,0.17798553,0.42267879843711853,0.6392365097999573,0.4177134931087494,0.6463075876235962
205,0.036340344697237015,1e-04,0.13723163,0.03137504,0.17713001,0.42097824811935425,0.6378965377807617,0.4160129427909851,0.6449906826019287
206,0.036039259284734726,1e-04,0.13660099,0.031073958,0.17627807,0.41927531361579895,0.6365516185760498,0.4143100380897522,0.6436691880226135
207,0.03574094921350479,1e-04,0.1359725,0.030775642,0.17542988,0.4175701141357422,0.6352019906044006,0.41260480880737305,0.6423432230949402
208,0.03544522076845169,1e-04,0.13537131,0.030479914,0.17458497,0.4158625900745392,0.6338474154472351,0.41089725494384766,0.6410126686096191
209,0.035152193158864975,1e-04,0.1347752,0.030186882,0.17374372,0.41415277123451233,0.6324880123138428,0.4091874659061432,0.6396776437759399
210,0.03486166149377823,1e-04,0.13418075,0.029896349,0.17290561,0.41244086623191833,0.6311237812042236,0.4074755311012268,0.6383380889892578
211,0.034573692828416824,1e-04,0.13358803,0.029608378,0.17207085,0.4107266962528229,0.6297546625137329,0.40576136112213135,0.6369940042495728
212,0.03428836911916733,1e-04,0.1329974,0.02932305,0.17123975,0.4090104103088379,0.6283807158470154,0.40404510498046875,0.6356454491615295
213,0.034005481749773026,1e-04,0.13240813,0.02904016,0.17041174,0.4072922170162201,0.6270020008087158,0.40232688188552856,0.6342924237251282
214,0.03372519835829735,1e-04,0.13182116,0.028759876,0.16958737,0.4055718779563904,0.6256183385848999,0.40060657262802124,0.6329348683357239
215,0.03344743326306343,1e-04,0.13123573,0.028482111,0.16876644,0.40384969115257263,0.624229907989502,0.3988843560218811,0.6315729022026062
216,0.033172063529491425,1e-04,0.1306522,0.028206738,0.16794862,0.40212541818618774,0.6228364706039429,0.39716005325317383,0.6302063465118408
217,0.0328991673886776,1e-04,0.1300704,0.027933843,0.16713421,0.40039917826652527,0.6214382648468018,0.39543384313583374,0.6288353204727173
218,0.032628703862428665,1e-04,0.1294903,0.02766338,0.16632313,0.3986712694168091,0.6200352311134338,0.39370590448379517,0.6274598836898804
219,0.032360874116420746,1e-04,0.12891242,0.027395546,0.165516,0.3969413638114929,0.6186273097991943,0.3919760584831238,0.6260799169540405
220,0.03209524601697922,1e-04,0.12833612,0.027129918,0.16471162,0.3952098786830902,0.6172146797180176,0.39024457335472107,0.6246955990791321
221,0.03183219954371452,1e-04,0.12776174,0.026866868,0.16391116,0.3934766352176666,0.6157970428466797,0.3885113000869751,0.6233067512512207
222,0.03157135099172592,1e-04,0.12718894,0.026606021,0.16311352,0.39174169301986694,0.6143745183944702,0.3867763876914978,0.621913492679596
223,0.0313129760324955,1e-04,0.12661815,0.026347643,0.16231957,0.3900052309036255,0.6129473447799683,0.38503989577293396,0.6205158233642578
224,0.03105698898434639,1e-04,0.12604924,0.026091656,0.16152912,0.3882671296596527,0.6115151643753052,0.3833017945289612,0.6191137433052063
225,0.03080323152244091,1e-04,0.1254819,0.025837898,0.16074172,0.38652774691581726,0.6100783348083496,0.38156241178512573,0.617707371711731
226,0.030551720410585403,1e-04,0.12491632,0.025586382,0.15995744,0.38478654623031616,0.6086364984512329,0.379821240901947,0.6162964105606079
227,0.03030266985297203,1e-04,0.12435288,0.025337333,0.15917705,0.38304403424263,0.6071898341178894,0.3780786991119385,0.6148810386657715
228,0.030055776238441467,1e-04,0.12379106,0.02509044,0.15839961,0.38130027055740356,0.6057384014129639,0.3763349652290344,0.613461434841156
229,0.029811101034283638,1e-04,0.12323105,0.024845764,0.15762539,0.3795551061630249,0.6042820811271667,0.3745897710323334,0.6120374202728271
230,0.029568737372756004,1e-04,0.12267292,0.024603399,0.1568547,0.37780866026878357,0.6028209328651428,0.37284332513809204,0.6106089949607849
231,0.02932862378656864,1e-04,0.12211654,0.024363285,0.15608743,0.3760611116886139,0.6013550758361816,0.37109577655792236,0.6091763377189636
232,0.02909069135785103,1e-04,0.12156221,0.024125353,0.15532339,0.37431252002716064,0.5998845100402832,0.3693471848964691,0.6077393889427185
233,0.028854932636022568,1e-04,0.12100946,0.023889596,0.15456259,0.3725627064704895,0.5984089970588684,0.367597371339798,0.6062980890274048
234,0.028621336445212364,1e-04,0.12045866,0.023655998,0.15380506,0.37081179022789,0.5969286561012268,0.3658464848995209,0.6048524379730225
235,0.02838986925780773,1e-04,0.11990946,0.02342453,0.15305075,0.36906012892723083,0.5954436659812927,0.3640947937965393,0.6034026741981506
236,0.02816059999167919,1e-04,0.11936221,0.02319526,0.1522999,0.3673074245452881,0.5939538478851318,0.36234208941459656,0.6019485592842102
237,0.027933524921536446,1e-04,0.11881709,0.022968188,0.15155259,0.36555394530296326,0.5924594402313232,0.36058861017227173,0.6004903316497803
238,0.027708403766155243,1e-04,0.118273206,0.022743067,0.15080805,0.3637995719909668,0.5909600257873535,0.35883423686027527,0.5990277528762817
239,0.02748556062579155,1e-04,0.11773157,0.022520224,0.1500674,0.3620445430278778,0.5894559621810913,0.3570791780948639,0.5975610017776489
240,0.027264613658189774,1e-04,0.11719161,0.022299277,0.14932942,0.3602888584136963,0.5879472494125366,0.35532355308532715,0.5960901975631714
241,0.02704569324851036,1e-04,0.11665339,0.022080356,0.1485946,0.358532577753067,0.5864338278770447,0.3535672426223755,0.5946152210235596
242,0.026829002425074577,1e-04,0.11611726,0.02186367,0.14786369,0.3567756712436676,0.5849156379699707,0.3518103361129761,0.5931360125541687
243,0.02661425992846489,1e-04,0.11558286,0.021648927,0.14713575,0.35501858592033386,0.5833929777145386,0.35005325078964233,0.5916529893875122
244,0.02640148438513279,1e-04,0.11505005,0.021436153,0.1464109,0.3532607853412628,0.5818654298782349,0.3482954502105713,0.5901656150817871
245,0.02619081363081932,1e-04,0.11451947,0.021225482,0.14568968,0.35150277614593506,0.5803333520889282,0.34653744101524353,0.5886743068695068
246,0.025981970131397247,1e-04,0.113990285,0.021016642,0.14497118,0.3497444987297058,0.5787965655326843,0.3447791337966919,0.5871789455413818
247,0.02577509544789791,1e-04,0.11346307,0.020809771,0.14425592,0.3479858934879303,0.577255129814148,0.34302058815956116,0.5856795907020569
248,0.025570223107933998,1e-04,0.11293763,0.0206049,0.14354406,0.34622737765312195,0.5757092833518982,0.3412620425224304,0.5841763615608215
249,0.025367356836795807,1e-04,0.11241418,0.020402037,0.14283569,0.3444686233997345,0.5741586685180664,0.33950328826904297,0.5826690793037415
250,0.0251662228256464,1e-04,0.11189223,0.020200903,0.14212988,0.3427097797393799,0.5726035237312317,0.33774447441101074,0.5811578631401062
251,0.024967314675450325,1e-04,0.11137275,0.020001998,0.14142843,0.34095123410224915,0.5710439085960388,0.3359858989715576,0.5796428918838501
252,0.024769974872469902,1e-04,0.110854544,0.019804662,0.14072904,0.3391929566860199,0.5694799423217773,0.33422762155532837,0.5781242251396179
253,0.02457469329237938,1e-04,0.11033845,0.019609382,0.1400335,0.33743470907211304,0.5679112672805786,0.3324694037437439,0.5766016244888306
254,0.024381199851632118,1e-04,0.10982414,0.01941589,0.13934092,0.3356768488883972,0.5663381814956665,0.3307115137577057,0.5750752091407776
255,0.024189500138163567,1e-04,0.1093112,0.019224197,0.13865136,0.3339192569255829,0.564760684967041,0.32895398139953613,0.5735450983047485
256,0.023999711498618126,1e-04,0.10880042,0.019034412,0.13796526,0.33216148614883423,0.5631780624389648,0.3271962106227875,0.5720106959342957
257,0.02381136454641819,1e-04,0.10829055,0.018846067,0.13728097,0.3304049074649811,0.561591625213623,0.3254396319389343,0.5704731941223145
258,0.023625196889042854,1e-04,0.107783526,0.018659906,0.13660127,0.32864901423454285,0.5600009560585022,0.3236837387084961,0.5689321160316467
259,0.023440714925527573,1e-04,0.10727831,0.018475426,0.13592434,0.3268938362598419,0.5584059953689575,0.32192856073379517,0.5673874616622925
260,0.023258021101355553,1e-04,0.106774606,0.018292736,0.13525064,0.3251394033432007,0.5568066239356995,0.32017412781715393,0.5658392906188965
261,0.02307722344994545,1e-04,0.10627318,0.018111944,0.13458063,0.32338592410087585,0.5552030801773071,0.3184206485748291,0.5642877221107483
262,0.022898081690073013,1e-04,0.10577339,0.017932808,0.13391343,0.32163339853286743,0.5535953044891357,0.31666815280914307,0.5627327561378479
263,0.022720571607351303,1e-04,0.10527506,0.0177553,0.13324901,0.31988173723220825,0.5519832372665405,0.3149164915084839,0.561174213886261
264,0.022544920444488525,1e-04,0.10477894,0.017579654,0.13258828,0.31813135743141174,0.5503671169281006,0.3131661117076874,0.5596124529838562
265,0.02237093262374401,1e-04,0.104284525,0.017405674,0.13193056,0.3163822591304779,0.5487468242645264,0.31141701340675354,0.5580474734306335
266,0.02219858020544052,1e-04,0.10379174,0.017233325,0.13127576,0.3146343231201172,0.5471224188804626,0.3096690773963928,0.5564791560173035
267,0.022027920931577682,1e-04,0.10330101,0.017062671,0.13062416,0.3128877282142639,0.5454939603805542,0.30792248249053955,0.5549076199531555
268,0.02185891941189766,1e-04,0.10281185,0.01689368,0.12997569,0.31114253401756287,0.5438613295555115,0.3061773180961609,0.5533329248428345
269,0.02169150672852993,1e-04,0.102324516,0.01672627,0.12933008,0.3093991279602051,0.5422248840332031,0.3044339120388031,0.5517553091049194
270,0.02152584306895733,1e-04,0.10183933,0.016560612,0.12868804,0.30765727162361145,0.5405844449996948,0.3026920557022095,0.5501745939254761
271,0.021361669525504112,1e-04,0.101355456,0.016396446,0.12804861,0.30591702461242676,0.5389400124549866,0.3009518086910248,0.5485907196998596
272,0.021199196577072144,1e-04,0.10087369,0.01623398,0.12741263,0.3041786551475525,0.5372917652130127,0.2992134690284729,0.5470041036605835
273,0.02103825844824314,1e-04,0.100393444,0.01607305,0.12677953,0.3024422526359558,0.535639762878418,0.29747703671455383,0.5454145669937134
274,0.020878860726952553,1e-04,0.099915065,0.01591366,0.12614936,0.3007078170776367,0.5339838266372681,0.29574260115623474,0.5438222289085388
275,0.020721128210425377,1e-04,0.09943876,0.015755935,0.12552264,0.29897552728652954,0.5323243141174316,0.29401034116744995,0.5422272086143494
276,0.020564954727888107,1e-04,0.098964095,0.015599769,0.12489904,0.2972452938556671,0.5306609272956848,0.2922801375389099,0.5406293869018555
277,0.020410211756825447,1e-04,0.098491035,0.015445034,0.12427805,0.295516699552536,0.5289933681488037,0.2905515432357788,0.5390283465385437
278,0.020256822928786278,1e-04,0.098019265,0.0152916545,0.12365943,0.29379111528396606,0.5273226499557495,0.28882595896720886,0.5374252796173096
279,0.02010505460202694,1e-04,0.097549416,0.015139893,0.123044275,0.29206815361976624,0.5256485939025879,0.28710299730300903,0.535819947719574
280,0.019954944029450417,1e-04,0.09708186,0.014989793,0.12243281,0.29034751653671265,0.5239708423614502,0.28538239002227783,0.5342119336128235
281,0.019806239753961563,1e-04,0.09661605,0.014841097,0.12182404,0.28862977027893066,0.5222897529602051,0.28366461396217346,0.5326017141342163
282,0.019658973440527916,1e-04,0.09615179,0.014693841,0.12121815,0.28691476583480835,0.5206052660942078,0.28194963932037354,0.5309892892837524
283,0.019513247534632683,1e-04,0.0956895,0.014548126,0.12061561,0.28520217537879944,0.5189170241355896,0.2802370488643646,0.5293741822242737
284,0.01936895214021206,1e-04,0.09522889,0.014403838,0.120015986,0.2834929823875427,0.5172259211540222,0.2785278856754303,0.5277574062347412
285,0.019226059317588806,1e-04,0.09477013,0.014260955,0.11941924,0.2817865312099457,0.5155313014984131,0.27682143449783325,0.5261382460594177
286,0.019084632396697998,1e-04,0.094313055,0.0141195385,0.11882567,0.28008338809013367,0.5138335227966309,0.27511829137802124,0.5245171785354614
287,0.018944665789604187,1e-04,0.09385791,0.013979583,0.11823529,0.27838343381881714,0.5121326446533203,0.2734183371067047,0.5228942036628723
288,0.01880597695708275,1e-04,0.09340429,0.013840907,0.11764739,0.2766864597797394,0.5104283690452576,0.27172142267227173,0.5212690234184265
289,0.018668800592422485,1e-04,0.092952885,0.01370374,0.11706298,0.27499330043792725,0.5087213516235352,0.2700282633304596,0.5196424126625061
290,0.018532857298851013,1e-04,0.092502646,0.013567808,0.11648093,0.27330371737480164,0.5070112943649292,0.268338680267334,0.5180141925811768
291,0.018398327752947807,1e-04,0.09205427,0.0134332925,0.11590208,0.27161750197410583,0.5052981972694397,0.2666524648666382,0.5163840055465698
292,0.018265103921294212,1e-04,0.09160764,0.013300079,0.115325965,0.26993510127067566,0.5035823583602905,0.264970064163208,0.5147524476051331
293,0.018133245408535004,1e-04,0.09116266,0.013168233,0.114752926,0.2682563066482544,0.501863420009613,0.26329129934310913,0.5131191611289978
294,0.018002834171056747,1e-04,0.090719886,0.013037834,0.11418334,0.2665816843509674,0.500141978263855,0.26161670684814453,0.5114848017692566
295,0.017873592674732208,1e-04,0.090278424,0.012908605,0.11361604,0.264911025762558,0.4984177350997925,0.2599460482597351,0.5098490715026855
296,0.017745696008205414,1e-04,0.089838825,0.012780721,0.113051854,0.26324427127838135,0.4966907501220703,0.25827929377555847,0.5082118511199951
297,0.017619134858250618,1e-04,0.08940187,0.012654175,0.11249078,0.2615819573402405,0.4949614107608795,0.25661700963974,0.5065737962722778
298,0.01749381050467491,1e-04,0.08897676,0.012528864,0.111932404,0.2599238455295563,0.49322938919067383,0.2549588978290558,0.504934549331665
299,0.0173697117716074,1e-04,0.08855325,0.012404778,0.11137674,0.258270263671875,0.4914950430393219,0.2533053159713745,0.5032944679260254
300,0.01724693365395069,1e-04,0.08813134,0.012282015,0.11082425,0.25662097334861755,0.489758163690567,0.25165605545043945,0.5016533136367798
301,0.01712535135447979,1e-04,0.08771098,0.012160447,0.11027442,0.2549763023853302,0.4880189895629883,0.2500114142894745,0.5000113844871521
302,0.01700504869222641,1e-04,0.08729219,0.012040158,0.10972765,0.25333625078201294,0.48627740144729614,0.24837137758731842,0.4983687102794647
303,0.01688595861196518,1e-04,0.08687527,0.0119210845,0.10918372,0.2517012357711792,0.4845339059829712,0.24673637747764587,0.4967256486415863
304,0.016768142580986023,1e-04,0.08645973,0.011803285,0.10864293,0.25007110834121704,0.4827882945537567,0.2451062798500061,0.4950820803642273
305,0.016651425510644913,1e-04,0.08604568,0.011686581,0.10810449,0.24844612181186676,0.48104074597358704,0.24348129332065582,0.4934382438659668
306,0.016535896807909012,1e-04,0.08563313,0.011571069,0.107568905,0.2468259036540985,0.4792909324169159,0.24186110496520996,0.49179375171661377
307,0.01642160676419735,1e-04,0.085222356,0.011456795,0.10703642,0.24521088600158691,0.47753915190696716,0.24024610221385956,0.49014905095100403
308,0.016308486461639404,1e-04,0.08481324,0.011343691,0.106506765,0.24360141158103943,0.4757857918739319,0.23863664269447327,0.4885044991970062
309,0.016196493059396744,1e-04,0.084405534,0.011231716,0.10597979,0.24199706315994263,0.47403043508529663,0.23703230917453766,0.48685964941978455
310,0.016085704788565636,1e-04,0.083999455,0.011120945,0.10545589,0.24039845168590546,0.472273588180542,0.23543371260166168,0.48521512746810913
311,0.01597592979669571,1e-04,0.08359477,0.011011187,0.1049342,0.23880526423454285,0.47051501274108887,0.23384054005146027,0.4835706055164337
312,0.015867428854107857,1e-04,0.08319214,0.010902706,0.10441602,0.2372179925441742,0.4687550663948059,0.2322532832622528,0.48192664980888367
313,0.01575998216867447,1e-04,0.0827908,0.010795274,0.103900306,0.23563629388809204,0.46699345111846924,0.23067161440849304,0.48028284311294556
314,0.015653597190976143,1e-04,0.08239093,0.010688909,0.103387184,0.2340603917837143,0.4652303457260132,0.2290957272052765,0.4786394536495209
315,0.015548374503850937,1e-04,0.08199302,0.010583705,0.10287714,0.23249056935310364,0.463466078042984,0.22752591967582703,0.4769967794418335
316,0.015444227494299412,1e-04,0.08159615,0.010479577,0.10236981,0.2309267520904541,0.461700439453125,0.22596213221549988,0.47535473108291626
317,0.01534110214561224,1e-04,0.08120103,0.01037647,0.101864964,0.22936907410621643,0.4599335789680481,0.2244044542312622,0.4737134873867035
318,0.015239152126014233,1e-04,0.08080771,0.010274541,0.101363406,0.2278178632259369,0.4581659436225891,0.22285327315330505,0.47207337617874146
319,0.015138142742216587,1e-04,0.080415875,0.01017355,0.100864016,0.22627295553684235,0.4563971757888794,0.2213083952665329,0.4704342484474182
320,0.015038251876831055,1e-04,0.0800257,0.010073681,0.10036773,0.22473441064357758,0.4546273350715637,0.21976985037326813,0.46879616379737854
321,0.014939436689019203,1e-04,0.07963707,0.009974887,0.099874355,0.2232026755809784,0.45285701751708984,0.21823816001415253,0.4671596586704254
322,0.014841564930975437,1e-04,0.07924992,0.009877034,0.09938327,0.2216774970293045,0.45108574628829956,0.21671299636363983,0.46552443504333496
323,0.014744766056537628,1e-04,0.07886438,0.009780257,0.098895185,0.22015875577926636,0.44931352138519287,0.21519427001476288,0.4638903737068176
324,0.014648869633674622,1e-04,0.07848013,0.009684383,0.098409265,0.21864713728427887,0.4475409984588623,0.21368268132209778,0.4622582495212555
325,0.014554087072610855,1e-04,0.07809778,0.00958962,0.0979266,0.2171422839164734,0.44576776027679443,0.2121778428554535,0.4606276750564575
326,0.014460260048508644,1e-04,0.077716894,0.009495817,0.09744649,0.21564461290836334,0.44399428367614746,0.21068018674850464,0.4589991271495819
327,0.014367390424013138,1e-04,0.07733765,0.009402969,0.096968904,0.21415407955646515,0.4422205090522766,0.20918968319892883,0.4573725759983063
328,0.014275520108640194,1e-04,0.076959945,0.009311121,0.09649415,0.2126704901456833,0.4404461979866028,0.20770612359046936,0.4557478725910187
329,0.014184610918164253,1e-04,0.07658383,0.009220236,0.09602206,0.21119442582130432,0.43867191672325134,0.2062300741672516,0.45412561297416687
330,0.01409461721777916,1e-04,0.076209106,0.009130265,0.095552415,0.20972543954849243,0.43689727783203125,0.20476111769676208,0.4525053799152374
331,0.014005645178258419,1e-04,0.07583612,0.009041316,0.09508584,0.20826418697834015,0.43512284755706787,0.203299880027771,0.45088788866996765
332,0.013917560689151287,1e-04,0.075464755,0.008953257,0.09462165,0.20681050419807434,0.43334853649139404,0.20184621214866638,0.4492729902267456
333,0.013830350711941719,1e-04,0.07509448,0.008866072,0.09415982,0.20536448061466217,0.43157440423965454,0.2004002332687378,0.4476608335971832
334,0.013744124211370945,1e-04,0.074726515,0.0087798685,0.09370095,0.20392628014087677,0.4298006296157837,0.1989620476961136,0.44605162739753723
335,0.013658777810633183,1e-04,0.07435957,0.008694547,0.09324455,0.2024959921836853,0.42802733182907104,0.1975317895412445,0.44444549083709717
336,0.01357436366379261,1e-04,0.073994406,0.008610158,0.09279094,0.20107297599315643,0.4262537360191345,0.19610880315303802,0.4428417384624481
337,0.013490702956914902,1e-04,0.07363581,0.008526523,0.09233917,0.1996586173772812,0.42448142170906067,0.19469445943832397,0.44124194979667664
338,0.013408076018095016,1e-04,0.07332387,0.008443922,0.09189081,0.19825170934200287,0.42270901799201965,0.19328758120536804,0.43964484333992004
339,0.013326157815754414,1e-04,0.07301229,0.00836203,0.091444135,0.19685296714305878,0.42093735933303833,0.19188886880874634,0.4380512237548828
340,0.013245105743408203,1e-04,0.072702095,0.008281005,0.09100003,0.19546310603618622,0.4191672205924988,0.19049903750419617,0.4364619553089142
341,0.013165074400603771,1e-04,0.072394155,0.008201,0.09055937,0.19408142566680908,0.41739776730537415,0.18911737203598022,0.4348762631416321
342,0.013085841201245785,1e-04,0.072087474,0.008121795,0.090121,0.19270823895931244,0.415629506111145,0.18774423003196716,0.4332946240901947
343,0.013007516041398048,1e-04,0.071782105,0.008043497,0.089685544,0.1913434863090515,0.4138621985912323,0.18637949228286743,0.4317169189453125
344,0.012929919175803661,1e-04,0.07147798,0.007965929,0.089252055,0.18998734652996063,0.41209614276885986,0.18502336740493774,0.43014341592788696
345,0.012853194959461689,1e-04,0.07117524,0.007889233,0.08882135,0.1886400282382965,0.41033151745796204,0.1836760938167572,0.42857450246810913
346,0.012777271680533886,1e-04,0.07087413,0.007813337,0.088393085,0.18730123341083527,0.4085681438446045,0.18233732879161835,0.4270097613334656
347,0.012702224776148796,1e-04,0.07057459,0.0077383183,0.08796771,0.18597131967544556,0.40680623054504395,0.18100744485855103,0.4254496991634369
348,0.012627903372049332,1e-04,0.07027599,0.007664027,0.08754443,0.18465034663677216,0.4050459563732147,0.17968648672103882,0.4238944351673126
349,0.012554456479847431,1e-04,0.069979034,0.007590609,0.0871241,0.18333855271339417,0.4032876491546631,0.1783747375011444,0.4223443269729614
350,0.012481656856834888,1e-04,0.0696829,0.0075178393,0.086705476,0.18203553557395935,0.40153083205223083,0.17707175016403198,0.4207989573478699
351,0.012409714050590992,1e-04,0.06938862,0.0074459272,0.086289786,0.18074186146259308,0.3997761011123657,0.1757781058549881,0.4192589819431305
352,0.012338601984083652,1e-04,0.06909592,0.007374844,0.08587691,0.17945697903633118,0.39802291989326477,0.17449325323104858,0.4177238941192627
353,0.01226816512644291,1e-04,0.06880417,0.00730444,0.08546601,0.17818200588226318,0.39627254009246826,0.17321832478046417,0.4161950647830963
354,0.01219853013753891,1e-04,0.06851399,0.0072348346,0.08505783,0.17691585421562195,0.3945237100124359,0.17195218801498413,0.4146711826324463
355,0.0121295852586627,1e-04,0.06822489,0.0071659223,0.08465177,0.17565953731536865,0.3927777409553528,0.17069590091705322,0.41315361857414246
356,0.012061403132975101,1e-04,0.06793731,0.007097771,0.08424827,0.17441223561763763,0.3910335898399353,0.1694486439228058,0.411641389131546
357,0.011993990279734135,1e-04,0.06765128,0.0070303916,0.08384743,0.17317484319210052,0.38929229974746704,0.16821128129959106,0.4101356863975525
358,0.011927244253456593,1e-04,0.06736609,0.0069636777,0.083448656,0.17194676399230957,0.3875531554222107,0.1669832319021225,0.40863582491874695
359,0.011861270293593407,1e-04,0.06708265,0.006897736,0.083052605,0.1707286685705185,0.3858172297477722,0.1657651662826538,0.407142698764801
360,0.01179596409201622,1e-04,0.066800356,0.006832463,0.082658716,0.1695202887058258,0.384084016084671,0.1645568311214447,0.40565603971481323
361,0.011731368489563465,1e-04,0.066519536,0.006767901,0.082267255,0.16832152009010315,0.38235342502593994,0.16335809230804443,0.4041758179664612
362,0.011667495593428612,1e-04,0.066239856,0.006704062,0.081878334,0.16713279485702515,0.38062602281570435,0.16216939687728882,0.4027026295661926
363,0.01160433515906334,1e-04,0.065962054,0.0066409353,0.08149193,0.16595374047756195,0.3789013624191284,0.1609903872013092,0.40123608708381653
364,0.01154172420501709,1e-04,0.06568452,0.0065783598,0.08110709,0.16478490829467773,0.37718015909194946,0.15982158482074738,0.3997769057750702
365,0.011479901149868965,1e-04,0.06540896,0.006516572,0.08072529,0.1636262983083725,0.3754625916481018,0.15866300463676453,0.39832526445388794
366,0.01141875609755516,1e-04,0.06513491,0.006455461,0.080345884,0.1624777615070343,0.3737483024597168,0.15751449763774872,0.39688095450401306
367,0.01135825552046299,1e-04,0.064862005,0.0063949954,0.07996871,0.16133952140808105,0.37203773856163025,0.15637631714344025,0.39544445276260376
368,0.011298388242721558,1e-04,0.06459032,0.0063351654,0.079593755,0.16021138429641724,0.3703306317329407,0.15524819493293762,0.39401546120643616
369,0.011239157058298588,1e-04,0.06431965,0.006275971,0.079221025,0.15909333527088165,0.3686269521713257,0.15413019061088562,0.39259418845176697
370,0.011180565692484379,1e-04,0.0640506,0.006217415,0.07885059,0.15798573195934296,0.36692720651626587,0.1530226171016693,0.3911810517311096
371,0.011122648604214191,1e-04,0.06378289,0.006159535,0.0784827,0.15688903629779816,0.3652321696281433,0.1519259661436081,0.3897768259048462
372,0.011065336875617504,1e-04,0.063516386,0.0061022616,0.078116976,0.1558024138212204,0.3635405898094177,0.15083937346935272,0.3883804380893707
373,0.011008686386048794,1e-04,0.06325146,0.006045647,0.07775376,0.1547260880470276,0.3618529140949249,0.1497630923986435,0.38699236512184143
374,0.010952578857541084,1e-04,0.062987186,0.0059895776,0.07739236,0.15366069972515106,0.36017006635665894,0.14869773387908936,0.38561344146728516
375,0.010897159576416016,1e-04,0.06272485,0.005934197,0.077033736,0.1526060402393341,0.3584916591644287,0.14764311909675598,0.38424357771873474
376,0.010842286050319672,1e-04,0.06246337,0.0058793616,0.076676995,0.1515619456768036,0.35681766271591187,0.14659905433654785,0.38288256525993347
377,0.010788044892251492,1e-04,0.062203277,0.0058251587,0.07632273,0.15052831172943115,0.35514792799949646,0.145565465092659,0.38153043389320374
378,0.010734383948147297,1e-04,0.061944526,0.005771538,0.075970635,0.14950546622276306,0.3534829616546631,0.1445426642894745,0.38018766045570374
379,0.01068130973726511,1e-04,0.061687008,0.0057185036,0.075620785,0.14849348366260529,0.35182294249534607,0.1435307264328003,0.3788544833660126
380,0.010628798976540565,1e-04,0.061430644,0.0056660324,0.07527305,0.14749252796173096,0.35016804933547974,0.14252981543540955,0.3775312006473541
381,0.01057689543813467,1e-04,0.061175823,0.0056141703,0.07492777,0.1465025544166565,0.3485182821750641,0.14153987169265747,0.3762178421020508
382,0.010525527410209179,1e-04,0.06092195,0.0055628414,0.07458446,0.14552326500415802,0.34687331318855286,0.14056062698364258,0.37491416931152344
383,0.010474728420376778,1e-04,0.060669553,0.005512083,0.074243404,0.14455485343933105,0.3452335596084595,0.139592245221138,0.3736204504966736
384,0.010424471460282803,1e-04,0.06041804,0.0054618674,0.07390445,0.14359742403030396,0.3435991108417511,0.13863487541675568,0.3723370432853699
385,0.010374774225056171,1e-04,0.060168043,0.005412212,0.07356774,0.14265140891075134,0.3419705629348755,0.13768890500068665,0.37106454372406006
386,0.010325616225600243,1e-04,0.05991921,0.005363095,0.07323316,0.14171582460403442,0.3403467535972595,0.13675335049629211,0.36980175971984863
387,0.01027697417885065,1e-04,0.05967155,0.0053144954,0.072900586,0.1407920867204666,0.3387295603752136,0.13582965731620789,0.36855074763298035
388,0.01022886298596859,1e-04,0.059425022,0.0052664266,0.07257015,0.13987940549850464,0.3371180593967438,0.1349170207977295,0.3673105239868164
389,0.010181325487792492,1e-04,0.059180018,0.005218931,0.07224217,0.13897791504859924,0.33551251888275146,0.13401557505130768,0.3660813868045807
390,0.010134302079677582,1e-04,0.05893621,0.0051719504,0.071916275,0.1380874663591385,0.3339126706123352,0.1331251561641693,0.36486321687698364
391,0.010087811388075352,1e-04,0.058693767,0.005125504,0.07159262,0.1372082531452179,0.3323189318180084,0.1322459876537323,0.3636564016342163
392,0.010041788220405579,1e-04,0.058452144,0.005079525,0.071270786,0.1363406479358673,0.33073198795318604,0.1313784271478653,0.3624616265296936
393,0.00999630056321621,1e-04,0.05821203,0.005034081,0.07095126,0.13548433780670166,0.3291512131690979,0.13052216172218323,0.3612785041332245
394,0.0099512729793787,1e-04,0.057972908,0.0049890983,0.07063355,0.1346394121646881,0.3275771141052246,0.12967729568481445,0.36010733246803284
395,0.009906752035021782,1e-04,0.057734936,0.0049446225,0.07031801,0.13380569219589233,0.3260091245174408,0.12884360551834106,0.35894790291786194
396,0.009862764738500118,1e-04,0.057498608,0.0049006795,0.07000485,0.1329837143421173,0.32444843649864197,0.12802167236804962,0.3578011691570282
397,0.009819204919040203,1e-04,0.057262838,0.0048571657,0.06969337,0.1321728229522705,0.32289397716522217,0.1272108256816864,0.3566662669181824
398,0.009776130318641663,1e-04,0.057028513,0.0048141363,0.06938398,0.13137352466583252,0.3213466703891754,0.1264115869998932,0.3555440604686737
399,0.009733565151691437,1e-04,0.056795586,0.0047716177,0.069076896,0.13058584928512573,0.31980663537979126,0.12562395632266998,0.35443469882011414
400,0.009691462852060795,1e-04,0.056563903,0.004729561,0.0687718,0.12980934977531433,0.3182731866836548,0.12484750151634216,0.3533376455307007
401,0.009649819694459438,1e-04,0.056333292,0.004687965,0.06846871,0.12904486060142517,0.3167475461959839,0.12408304214477539,0.3522542417049408
402,0.009608610533177853,1e-04,0.056103546,0.004646802,0.068167455,0.12829162180423737,0.3152291178703308,0.12332986295223236,0.3511835038661957
403,0.009567879140377045,1e-04,0.05587524,0.0046061184,0.06786839,0.12755021452903748,0.31371834874153137,0.12258850038051605,0.3501264154911041
404,0.009527616202831268,1e-04,0.05564822,0.004565904,0.067571476,0.12682044506072998,0.31221526861190796,0.12185879051685333,0.3490827977657318
405,0.00948777049779892,1e-04,0.055422246,0.004526107,0.06727635,0.12610208988189697,0.3107195496559143,0.1211404800415039,0.34805241227149963
406,0.009448389522731304,1e-04,0.055197567,0.0044867736,0.06698339,0.12539558112621307,0.3092319965362549,0.12043401598930359,0.3470360338687897
407,0.009409397840499878,1e-04,0.05497371,0.00444783,0.066692054,0.12470077723264694,0.30775246024131775,0.11973926424980164,0.34603360295295715
408,0.009370868094265461,1e-04,0.054751318,0.0044093495,0.066402934,0.12401752173900604,0.30628061294555664,0.11905605345964432,0.3450450003147125
409,0.009332741610705853,1e-04,0.054529715,0.0043712724,0.066115595,0.12334619462490082,0.30481764674186707,0.11838478595018387,0.3440709114074707
410,0.009295065887272358,1e-04,0.054309785,0.0043336456,0.06583043,0.12268640100955963,0.3033624291419983,0.11772503703832626,0.3431108295917511
411,0.009257805533707142,1e-04,0.054090634,0.004296436,0.065547206,0.12203843146562576,0.30191558599472046,0.11707711219787598,0.3421653211116791
412,0.009220894426107407,1e-04,0.053872436,0.004259574,0.06526542,0.12140194326639175,0.30047714710235596,0.11644068360328674,0.3412340581417084
413,0.009184476919472218,1e-04,0.053655732,0.0042232075,0.06498621,0.12077787518501282,0.29904818534851074,0.11581665277481079,0.3403184711933136
414,0.009148386307060719,1e-04,0.053439647,0.004187168,0.06470833,0.12016499787569046,0.2976270318031311,0.11520382016897202,0.33941689133644104
415,0.009112725034356117,1e-04,0.05322517,0.004151559,0.06443259,0.11956396698951721,0.2962149679660797,0.11460284888744354,0.33853042125701904
416,0.00907744187861681,1e-04,0.053011466,0.004116326,0.0641586,0.11897473782300949,0.29481181502342224,0.114013671875,0.3376591205596924
417,0.009042557328939438,1e-04,0.052799117,0.004081495,0.06388658,0.11839809268712997,0.2934187948703766,0.11343707889318466,0.33680421113967896
418,0.009008120745420456,1e-04,0.052588236,0.00404711,0.0636169,0.11783213168382645,0.29203343391418457,0.11287117749452591,0.33596307039260864
419,0.008974003605544567,1e-04,0.05237797,0.004013045,0.0633486,0.11727830022573471,0.29065775871276855,0.11231739073991776,0.33513787388801575
420,0.008940281346440315,1e-04,0.052168947,0.0039793756,0.06308229,0.11673665791749954,0.2892918586730957,0.11177580058574677,0.33432888984680176
421,0.008906935341656208,1e-04,0.051961023,0.003946081,0.06281784,0.11620668321847916,0.28793561458587646,0.11124588549137115,0.33353543281555176
422,0.008873937651515007,1e-04,0.051753968,0.0039131376,0.062555075,0.11568895727396011,0.2865893840789795,0.1107282042503357,0.33275848627090454
423,0.0088413180783391,1e-04,0.051548302,0.0038805723,0.06229424,0.11518257856369019,0.28525227308273315,0.11022189259529114,0.3319968283176422
424,0.00880906917154789,1e-04,0.051343735,0.0038483778,0.062035296,0.11468854546546936,0.28392553329467773,0.1097279042005539,0.3312520384788513
425,0.008777176029980183,1e-04,0.051140267,0.0038165387,0.06177814,0.11420610547065735,0.2826085686683655,0.10924551635980606,0.3305231034755707
426,0.008745631203055382,1e-04,0.05093758,0.003785048,0.061522745,0.11373554170131683,0.2813015580177307,0.10877501964569092,0.32981058955192566
427,0.008714435622096062,1e-04,0.050736323,0.0037539082,0.061269145,0.11327704042196274,0.28000521659851074,0.1083165630698204,0.3291148245334625
428,0.00868356041610241,1e-04,0.05053559,0.0037230877,0.06101711,0.11283057928085327,0.2787192463874817,0.10787016153335571,0.3284359276294708
429,0.008653068915009499,1e-04,0.05033653,0.0036926528,0.0607672,0.11239606142044067,0.27744394540786743,0.10743570327758789,0.3277738690376282
430,0.008622854016721249,1e-04,0.050138008,0.0036624942,0.060518544,0.11197283864021301,0.2761782705783844,0.10701253265142441,0.32712769508361816
431,0.008593046106398106,1e-04,0.049940974,0.0036327422,0.060272235,0.11156222969293594,0.2749241292476654,0.10660197585821152,0.3264995813369751
432,0.008563538081943989,1e-04,0.04974489,0.003603289,0.060027402,0.111162930727005,0.2736802101135254,0.10620273649692535,0.32588762044906616
433,0.008534334599971771,1e-04,0.0495497,0.0035741434,0.05978414,0.11077586561441422,0.27244746685028076,0.10581573098897934,0.32529330253601074
434,0.008505502715706825,1e-04,0.049355716,0.003545368,0.059542995,0.1104007288813591,0.2712257206439972,0.1054406464099884,0.3247162699699402
435,0.008476962335407734,1e-04,0.04916279,0.0035168852,0.059303332,0.11003764718770981,0.2700153887271881,0.10507763177156448,0.324156790971756
436,0.00844874233007431,1e-04,0.04897095,0.0034887234,0.059065416,0.10968666523694992,0.2688165605068207,0.10472670197486877,0.32361504435539246
437,0.008420835249125957,1e-04,0.0487798,0.003460874,0.058829196,0.1093473881483078,0.26762863993644714,0.10438748449087143,0.323090523481369
438,0.008393272757530212,1e-04,0.048590243,0.003433371,0.058594976,0.1090199202299118,0.26645228266716003,0.10406006872653961,0.3225834369659424
439,0.00836592260748148,1e-04,0.04840094,0.0034060779,0.058361612,0.10870417207479477,0.26528704166412354,0.10374438762664795,0.32209375500679016
440,0.008338941261172295,1e-04,0.04821323,0.0033791556,0.058130506,0.10840073227882385,0.2641338109970093,0.10344099998474121,0.32162246108055115
441,0.008312264457345009,1e-04,0.048026454,0.0033525384,0.05790111,0.10810881853103638,0.26299238204956055,0.10314915329217911,0.3211684226989746
442,0.008285842835903168,1e-04,0.04784036,0.003326176,0.057673007,0.10782928764820099,0.2618633210659027,0.1028696820139885,0.32073304057121277
443,0.00825973879545927,1e-04,0.04765557,0.0033001322,0.057446778,0.10756149142980576,0.2607460021972656,0.10260194540023804,0.3203153908252716
444,0.008233919739723206,1e-04,0.047471806,0.0032743725,0.05722213,0.10730583220720291,0.2596408426761627,0.10234633833169937,0.31991612911224365
445,0.008208384737372398,1e-04,0.047288973,0.003248899,0.056999113,0.10706168413162231,0.25854745507240295,0.10210226476192474,0.31953445076942444
446,0.008183151483535767,1e-04,0.04710722,0.0032237256,0.05677786,0.10682991147041321,0.2574670612812042,0.10187055170536041,0.319171667098999
447,0.008158180862665176,1e-04,0.04692638,0.0031988162,0.05655808,0.10661006718873978,0.2563992738723755,0.10165075957775116,0.31882715225219727
448,0.008133498951792717,1e-04,0.04674655,0.003174196,0.056340005,0.10640178620815277,0.2553431987762451,0.10144254565238953,0.31850045919418335
449,0.008109046146273613,1e-04,0.04656745,0.003149804,0.056123115,0.10620564222335815,0.25430071353912354,0.10124646127223969,0.3181924819946289
450,0.008084908127784729,1e-04,0.046389658,0.0031257279,0.05590821,0.106021448969841,0.2532704472541809,0.1010623350739479,0.3179030418395996
451,0.008060992695391178,1e-04,0.046212584,0.0031018748,0.05569448,0.10584863275289536,0.25225281715393066,0.10088957101106644,0.31763118505477905
452,0.008037399500608444,1e-04,0.04603675,0.0030783445,0.05548283,0.10568810999393463,0.251248300075531,0.10072912275791168,0.31737852096557617
453,0.008013997226953506,1e-04,0.04586129,0.0030550044,0.055272095,0.10553976148366928,0.25025755167007446,0.10058083385229111,0.31714481115341187
454,0.007990920916199684,1e-04,0.04568763,0.0030319912,0.05506352,0.10540303587913513,0.24927957355976105,0.10044416785240173,0.31692928075790405
455,0.007968083955347538,1e-04,0.045514658,0.003009217,0.05485633,0.10527824610471725,0.24831464886665344,0.10031944513320923,0.3167324364185333
456,0.007945467717945576,1e-04,0.045342147,0.0029866647,0.054650385,0.10516563057899475,0.24736380577087402,0.1002068966627121,0.3165547251701355
457,0.007923134602606297,1e-04,0.045171052,0.0029643953,0.05444626,0.1050649881362915,0.246426522731781,0.10010631382465363,0.3163958191871643
458,0.007901017554104328,1e-04,0.04500066,0.002942342,0.05424336,0.1049753949046135,0.24550136923789978,0.10001678764820099,0.31625431776046753
459,0.007879174314439297,1e-04,0.044831444,0.002920563,0.054042235,0.1048986092209816,0.24524742364883423,0.09994006901979446,0.3161329925060272
460,0.00785756204277277,1e-04,0.044663116,0.002899016,0.05384251,0.10483336448669434,0.24540367722511292,0.09987489134073257,0.3160298764705658
461,0.00783617701381445,1e-04,0.04449569,0.0028776953,0.053644154,0.10478029400110245,0.24557018280029297,0.09982188045978546,0.3159460127353668
462,0.007815019227564335,1e-04,0.044329092,0.0028566038,0.053447206,0.10473861545324326,0.24574638903141022,0.09978026151657104,0.31588014960289
463,0.0077941217459738255,1e-04,0.044163596,0.002835771,0.05325196,0.10470903664827347,0.24593286216259003,0.09975075721740723,0.3158334195613861
464,0.007773455698043108,1e-04,0.04399887,0.0028151714,0.05305819,0.10469188541173935,0.24612995982170105,0.09973366558551788,0.3158063590526581
465,0.007753024343401194,1e-04,0.043835465,0.0027948066,0.05286593,0.10468585789203644,0.24633663892745972,0.09972770512104034,0.31579694151878357
466,0.007732757367193699,5e-05,0.043672007,0.0027746053,0.05267452,0.10479401797056198,0.2466624528169632,0.09983590245246887,0.31596818566322327
467,0.007722746580839157,5e-05,0.043591205,0.0027646283,0.05257973,0.10491390526294708,0.24699918925762177,0.09995581209659576,0.31615787744522095
468,0.007712792605161667,5e-05,0.04351045,0.002754707,0.052485302,0.10504527390003204,0.24734613299369812,0.1000872254371643,0.31636565923690796
469,0.007702918723225594,5e-05,0.04343031,0.0027448665,0.052391473,0.10518880933523178,0.24770432710647583,0.10023078322410583,0.3165924549102783
470,0.007693124935030937,2.5e-05,0.04335064,0.002735107,0.05229825,0.10539489984512329,0.248127743601799,0.10043689608573914,0.3169178068637848
471,0.007688263431191444,2.5e-05,0.043310996,0.0027302627,0.052251916,0.1056133285164833,0.24856309592723846,0.10065533965826035,0.3172622621059418
472,0.007683433126658201,2.5e-05,0.04327154,0.00272545,0.052205842,0.10584365576505661,0.24900907278060913,0.10088568925857544,0.3176250755786896
473,0.007678605150431395,2.5e-05,0.043232054,0.0027206372,0.052159727,0.10608527809381485,0.24946580827236176,0.10112732648849487,0.318005234003067
474,0.007673815358430147,1.25e-05,0.043192923,0.0027158654,0.052113965,0.10636463761329651,0.24996142089366913,0.10140669345855713,0.318444162607193
475,0.007671388331800699,1.25e-05,0.04317315,0.0027134467,0.052090757,0.10665639489889145,0.2504688501358032,0.10169845819473267,0.3189019560813904
476,0.007669029291719198,1.25e-05,0.0431537,0.0027110956,0.05206818,0.106960229575634,0.2509876489639282,0.10200230032205582,0.31937798857688904
477,0.007666631601750851,1.25e-05,0.043134168,0.0027087072,0.05204524,0.10727611184120178,0.25151771306991577,0.1023181900382042,0.3198721408843994
478,0.0076642693020403385,6.25e-06,0.043114826,0.0027063538,0.05202263,0.1076170802116394,0.25207310914993286,0.10265916585922241,0.32040467858314514
479,0.0076630874536931515,6.25e-06,0.04310511,0.0027051766,0.05201131,0.10797030478715897,0.2526401877403259,0.10301239043474197,0.32095542550086975
480,0.007661909330636263,6.25e-06,0.043095443,0.0027040022,0.05200002,0.10833564400672913,0.25321847200393677,0.10337773710489273,0.32152408361434937
481,0.007660714443773031,6.25e-06,0.043085527,0.0027028117,0.051988572,0.10871397703886032,0.25380924344062805,0.10375607013702393,0.32211190462112427
482,0.007659559603780508,3.125e-06,0.04307605,0.0027016618,0.05197751,0.10911116749048233,0.25441867113113403,0.10415326803922653,0.32272785902023315
483,0.0076589579693973064,3.125e-06,0.043071207,0.0027010625,0.05197175,0.1095208153128624,0.2550397515296936,0.1045629233121872,0.32336190342903137
484,0.0076583754271268845,3.125e-06,0.043066412,0.0027004825,0.051966168,0.10994348675012589,0.25567325949668884,0.10498559474945068,0.324014812707901
485,0.007657779846340418,3.125e-06,0.04306154,0.002699888,0.051960446,0.110378697514534,0.2563183307647705,0.1054208055138588,0.3246856927871704
486,0.007657197769731283,1.5625e-06,0.043056738,0.0026993083,0.05195487,0.1108299121260643,0.25697898864746094,0.1058720201253891,0.3253798186779022
487,0.007656906731426716,1.5625e-06,0.043054387,0.0026990187,0.05195208,0.11129403859376907,0.257651686668396,0.10633614659309387,0.3260922431945801
488,0.007656620349735022,1.5625e-06,0.043052126,0.0026987332,0.051949333,0.11177089065313339,0.2583363652229309,0.10681299865245819,0.32682257890701294
489,0.007656318601220846,1.5625e-06,0.04304965,0.0026984327,0.05194644,0.1122605949640274,0.2590330243110657,0.1073027104139328,0.32757091522216797
490,0.00765601871535182,7.8125e-07,0.043047115,0.002698134,0.051943567,0.11276525259017944,0.25974398851394653,0.10780736804008484,0.3283403217792511
491,0.0076558892615139484,7.8125e-07,0.043046176,0.0026980052,0.051942326,0.11328302323818207,0.2604670822620392,0.10832513868808746,0.32912784814834595
492,0.007655740715563297,7.8125e-07,0.043044914,0.002697857,0.0519409,0.11381363868713379,0.2612018585205078,0.10885575413703918,0.32993295788764954
493,0.007655588444322348,7.8125e-07,0.043043654,0.0026977055,0.051939443,0.11435724794864655,0.2619485855102539,0.10939936339855194,0.33075574040412903
494,0.007655440829694271,3.90625e-07,0.043042246,0.0026975584,0.051938023,0.11491520702838898,0.26270899176597595,0.10995732247829437,0.3315981328487396
495,0.007655386812984943,3.90625e-07,0.043041978,0.0026975044,0.051937506,0.11548667401075363,0.26348167657852173,0.11052878946065903,0.3324587047100067
496,0.007655310910195112,3.90625e-07,0.043041438,0.002697429,0.05193678,0.1160712018609047,0.26426637172698975,0.11111331731081009,0.33333665132522583
497,0.007655238267034292,3.90625e-07,0.043040875,0.0026973567,0.051936083,0.11666929721832275,0.2650633454322815,0.11171141266822815,0.3342325687408447
498,0.007655178662389517,1.953125e-07,0.043040346,0.0026972971,0.05193551,0.11728119850158691,0.2658729553222656,0.11232331395149231,0.3351466953754425
499,0.007655116729438305,1.953125e-07,0.043039843,0.0026972357,0.051934917,0.11790700256824493,0.2666953504085541,0.11294911801815033,0.33607903122901917
500,0.007655079010874033,1.953125e-07,0.04303955,0.0026971977,0.05193455,0.11854644119739532,0.26753002405166626,0.11358855664730072,0.33702901005744934
501,0.0076550631783902645,1.953125e-07,0.043039512,0.0026971821,0.051934402,0.11919930577278137,0.2683766186237335,0.11424142122268677,0.3379961848258972
502,0.007655035704374313,1e-07,0.04303919,0.002697155,0.05193414,0.11986608803272247,0.2692359685897827,0.11490820348262787,0.33898112177848816
503,0.007655012886971235,1e-07,0.043039154,0.0026971323,0.051933922,0.12054687738418579,0.2701077461242676,0.11558899283409119,0.33998382091522217
504,0.007655000779777765,1e-07,0.04303907,0.0026971204,0.051933806,0.1212417334318161,0.2709922194480896,0.1162838488817215,0.3410041630268097
505,0.0076549723744392395,1e-07,0.043038785,0.0026970915,0.05193353,0.12195003032684326,0.27188840508461,0.11699214577674866,0.34204113483428955
506,0.0076549663208425045,1e-07,0.043038797,0.002697086,0.051933475,0.12267258763313293,0.2727973461151123,0.11771470308303833,0.3430957496166229
507,0.007654956541955471,1e-07,0.04303873,0.0026970764,0.051933385,0.12340933829545975,0.2737186551094055,0.11845145374536514,0.3441677689552307
508,0.007654925342649221,1e-07,0.043038532,0.002697045,0.05193308,0.12416020780801773,0.274652361869812,0.11920232325792313,0.34525689482688904
509,0.007654912304133177,1e-07,0.043038446,0.002697032,0.051932957,0.12492506206035614,0.2755982577800751,0.11996717751026154,0.34636276960372925
510,0.007654894143342972,1e-07,0.043038342,0.002697014,0.051932782,0.12570448219776154,0.2765568494796753,0.12074660509824753,0.34748610854148865
511,0.00765487365424633,1e-07,0.04303808,0.0026969935,0.05193259,0.12649837136268616,0.2775278091430664,0.12154048681259155,0.34862658381462097
512,0.0076548564247787,1e-07,0.04303797,0.0026969768,0.051932424,0.12730619311332703,0.2785106599330902,0.12234830856323242,0.3497832417488098
513,0.007654846180230379,1e-07,0.043037903,0.002696966,0.051932324,0.12812873721122742,0.27950620651245117,0.12317085266113281,0.35095706582069397
514,0.007654836867004633,1e-07,0.04303785,0.0026969572,0.051932238,0.1289658546447754,0.28051429986953735,0.12400797754526138,0.3521476686000824
515,0.00765480799600482,1e-07,0.043037623,0.0026969276,0.05193195,0.12981757521629333,0.2815344035625458,0.12485969066619873,0.35335490107536316
516,0.007654787506908178,1e-07,0.04303744,0.0026969071,0.051931754,0.13068416714668274,0.28256702423095703,0.12572628259658813,0.35457903146743774
517,0.0076547833159565926,1e-07,0.0430375,0.0026969034,0.05193172,0.13156536221504211,0.28361207246780396,0.1266074776649475,0.355819433927536
518,0.00765475956723094,1e-07,0.043037277,0.0026968794,0.05193149,0.13246120512485504,0.28466904163360596,0.12750332057476044,0.35707607865333557
519,0.0076547544449567795,1e-07,0.04303722,0.0026968746,0.05193144,0.13337233662605286,0.2857387661933899,0.12841445207595825,0.35834962129592896
520,0.00765474746003747,1e-07,0.043037232,0.0026968683,0.05193138,0.13429805636405945,0.28682035207748413,0.12934017181396484,0.3596389591693878
521,0.007654715795069933,1e-07,0.043036908,0.0026968366,0.051931076,0.13523854315280914,0.2879137396812439,0.13028065860271454,0.36094412207603455
522,0.007654692977666855,1e-07,0.04303673,0.002696814,0.05193086,0.13619446754455566,0.2890198826789856,0.13123658299446106,0.3622659146785736
523,0.007654685527086258,1e-07,0.043036684,0.0026968066,0.051930785,0.13716524839401245,0.29013776779174805,0.13220736384391785,0.36360329389572144
524,0.0076546696946024895,1e-07,0.04303668,0.0026967907,0.051930632,0.13815133273601532,0.2912680506706238,0.13319344818592072,0.3649567663669586
525,0.007654644548892975,1e-07,0.04303637,0.0026967656,0.05193039,0.13915301859378815,0.292410671710968,0.13419513404369354,0.36632654070854187
526,0.007654616143554449,1e-07,0.043036167,0.002696737,0.051930115,0.14016978442668915,0.293565034866333,0.13521189987659454,0.3677116930484772
527,0.007654601242393255,1e-07,0.043036092,0.0026967225,0.051929977,0.1412019580602646,0.29473158717155457,0.13624407351016998,0.3691125512123108
528,0.007654576096683741,1e-07,0.043035913,0.0026966974,0.051929735,0.14224961400032043,0.2959100604057312,0.13729172945022583,0.3705289959907532
529,0.007654564920812845,1e-07,0.043035824,0.0026966857,0.051929623,0.14331264793872833,0.297100305557251,0.13835476338863373,0.37196069955825806
530,0.007654543500393629,1e-07,0.043035645,0.002696665,0.05192942,0.14439089596271515,0.2983019948005676,0.13943301141262054,0.3734073042869568
531,0.007654537446796894,1e-07,0.043035615,0.0026966587,0.051929362,0.14548516273498535,0.29951590299606323,0.14052727818489075,0.3748696744441986
532,0.007654509041458368,1e-07,0.04303536,0.0026966303,0.05192909,0.14659494161605835,0.3007414937019348,0.14163705706596375,0.37634697556495667
533,0.007654499262571335,1e-07,0.04303531,0.0026966205,0.051928993,0.14772070944309235,0.30197930335998535,0.14276282489299774,0.37783968448638916
534,0.007654472254216671,1e-07,0.04303518,0.0026965942,0.05192874,0.14886155724525452,0.3032277822494507,0.1439036726951599,0.3793463706970215
535,0.007654455490410328,1e-07,0.043034952,0.0026965775,0.05192858,0.15001890063285828,0.3044886291027069,0.14506101608276367,0.3808687627315521
536,0.007654418237507343,1e-07,0.04303475,0.0026965402,0.051928222,0.15119218826293945,0.30576092004776,0.14623430371284485,0.38240593671798706
537,0.007654419168829918,1e-07,0.043034773,0.0026965411,0.05192823,0.1523808240890503,0.30704429745674133,0.1474229395389557,0.3839569389820099
538,0.007654396817088127,1e-07,0.043034613,0.0026965186,0.051928014,0.15358589589595795,0.30833950638771057,0.14862801134586334,0.3855230212211609
539,0.007654373534023762,1e-07,0.043034334,0.0026964953,0.05192779,0.1548072099685669,0.3096460998058319,0.1498493254184723,0.38710376620292664
540,0.0076543488539755344,1e-07,0.04303414,0.0026964706,0.05192755,0.15604379773139954,0.3109632730484009,0.15108591318130493,0.38869771361351013
541,0.007654321845620871,1e-07,0.043033976,0.0026964436,0.05192729,0.15729692578315735,0.31229233741760254,0.15233904123306274,0.39030635356903076
542,0.007654303219169378,1e-07,0.04303382,0.002696425,0.051927112,0.15856605768203735,0.3136320114135742,0.15360817313194275,0.3919287919998169
543,0.007654298562556505,1e-07,0.043033708,0.0026964203,0.051927067,0.15985126793384552,0.31498265266418457,0.15489338338375092,0.39356496930122375
544,0.007654289249330759,1e-07,0.04303372,0.0026964117,0.051926985,0.1611526906490326,0.31634432077407837,0.156194806098938,0.39521488547325134
545,0.007654272485524416,1e-07,0.04303354,0.0026963947,0.05192682,0.162470281124115,0.3177167773246765,0.15751239657402039,0.39687830209732056
546,0.007654247339814901,1e-07,0.043033306,0.0026963695,0.05192658,0.16380421817302704,0.3191000819206238,0.15884633362293243,0.39855530858039856
547,0.007654243614524603,1e-07,0.04303333,0.0026963663,0.051926546,0.16515496373176575,0.32049447298049927,0.16019707918167114,0.400246262550354
548,0.007654219400137663,1e-07,0.043033134,0.0026963418,0.05192631,0.1665218621492386,0.32189932465553284,0.16156397759914398,0.4019502103328705
549,0.007654211483895779,1e-07,0.043033164,0.0026963342,0.051926237,0.16790540516376495,0.323314905166626,0.16294752061367035,0.4036675989627838
550,0.00765417842194438,1e-07,0.043032926,0.0026963009,0.051925916,0.16930483281612396,0.32474029064178467,0.16434694826602936,0.4053972661495209
551,0.007654170505702496,1e-07,0.043032903,0.0026962936,0.05192585,0.17072120308876038,0.32617658376693726,0.16576331853866577,0.4071404039859772
552,0.007654136046767235,1e-07,0.043032546,0.0026962592,0.051925514,0.17215348780155182,0.32762259244918823,0.16719560325145721,0.4088955819606781
553,0.007654124870896339,1e-07,0.043032486,0.0026962478,0.051925406,0.17360246181488037,0.3290788531303406,0.16864457726478577,0.41066357493400574
554,0.007654108572751284,1e-07,0.043032408,0.002696231,0.051925246,0.17506776750087738,0.33054500818252563,0.17010988295078278,0.41244378685951233
555,0.007654086221009493,1e-07,0.043032255,0.0026962096,0.051925037,0.17654959857463837,0.3320211172103882,0.17159171402454376,0.41423630714416504
556,0.007654074113816023,1e-07,0.04303216,0.0026961975,0.05192492,0.1780482530593872,0.3335075080394745,0.1730903685092926,0.4160413146018982
557,0.007654051762074232,1e-07,0.043031976,0.0026961744,0.051924698,0.17956358194351196,0.3350036144256592,0.17460569739341736,0.41785845160484314
558,0.007654034066945314,1e-07,0.043031845,0.0026961572,0.051924534,0.18109503388404846,0.3365088105201721,0.17613714933395386,0.4196869730949402
559,0.007654007989913225,1e-07,0.043031573,0.0026961311,0.05192428,0.18264281749725342,0.33802330493927,0.1776849329471588,0.4215269088745117
560,0.007654001470655203,1e-07,0.043031562,0.0026961246,0.05192422,0.18420752882957458,0.33954763412475586,0.17924964427947998,0.4233788549900055
561,0.007653991226106882,1e-07,0.043031532,0.0026961144,0.05192412,0.18578925728797913,0.3410816490650177,0.18083137273788452,0.42524272203445435
