epoch,loss,lr,mae,mape,mse,msle,rmse,val_loss,val_mae,val_mape,val_mse,val_msle,val_rmse
0,1.3133797645568848,1e-04,0.1643728,61.38384,0.041951165,0.02154287,0.20481983,1.5261023044586182,0.5064456462860107,50.64456558227539,0.2564871907234192,0.08525726199150085,0.5064456462860107
1,1.3090204000473022,1e-04,0.1636649,62.62586,0.039405264,0.020619651,0.19850759,1.524016261100769,0.5061872005462646,50.61872100830078,0.25622549653053284,0.08515622466802597,0.5061872005462646
2,1.288010835647583,1e-04,0.112473086,42.453686,0.020220079,0.011027845,0.14219733,1.5219117403030396,0.5059565901756287,50.59565734863281,0.2559920847415924,0.08506616950035095,0.5059565901756287
3,1.285731315612793,1e-04,0.121697076,43.53967,0.019811556,0.01058846,0.14075352,1.5198278427124023,0.5057859420776367,50.57859420776367,0.2558194100856781,0.08499954640865326,0.5057859420776367
4,1.2769532203674316,1e-04,0.10682525,32.176712,0.012944809,0.0064996975,0.11377526,1.5177712440490723,0.505687952041626,50.56879425048828,0.255720317363739,0.08496132493019104,0.505687952041626
5,1.2760686874389648,1e-04,0.11391076,33.844433,0.01401785,0.0067775757,0.118397005,1.5157639980316162,0.5056730508804321,50.56730651855469,0.25570523738861084,0.08495548367500305,0.5056730508804321
6,1.2699048519134521,1e-04,0.087670326,19.982174,0.009846076,0.004089525,0.0992274,1.5138750076293945,0.5058046579360962,50.580467224121094,0.2558383643627167,0.08500684797763824,0.5058046579360962
7,1.2699134349822998,1e-04,0.098316,23.572004,0.011876804,0.0050107334,0.10898075,1.5120595693588257,0.5060270428657532,50.60270309448242,0.2560633718967438,0.0850936770439148,0.5060270428657532
8,1.2686574459075928,1e-04,0.09616898,21.450848,0.012661293,0.0051006395,0.11252241,1.5103508234024048,0.5063678026199341,50.63677978515625,0.25640836358070374,0.08522681146860123,0.5063678026199341
9,1.2692418098449707,1e-04,0.11083372,27.051054,0.015299447,0.006401205,0.12369093,1.5087107419967651,0.5067824125289917,50.67824172973633,0.2568284273147583,0.08538897335529327,0.5067824125289917
10,1.2658759355545044,1e-04,0.10159975,22.85934,0.0139935445,0.005694472,0.11829431,1.5071507692337036,0.5072799921035767,50.72800064086914,0.257332980632782,0.08558386564254761,0.5072799921035767
11,1.2658343315124512,1e-04,0.11532955,29.007305,0.016016562,0.006813294,0.12655656,1.5056403875350952,0.5078279376029968,50.78279495239258,0.2578892111778259,0.08579882234334946,0.5078279376029968
12,1.266484260559082,1e-04,0.1272643,33.970665,0.018733118,0.008231193,0.13686898,1.5041860342025757,0.5084293484687805,50.842933654785156,0.2585003972053528,0.08603515475988388,0.5084293484687805
13,1.259898066520691,1e-04,0.10495904,25.012115,0.014212418,0.0058313105,0.119215846,1.5027894973754883,0.5090884566307068,50.908843994140625,0.2591710686683655,0.08629462122917175,0.5090884566307068
14,1.2557777166366577,1e-04,0.097631425,23.560766,0.012159223,0.0049383286,0.11026887,1.5014252662658691,0.5097812414169312,50.97812271118164,0.25987690687179565,0.08656790107488632,0.5097812414169312
15,1.2547610998153687,1e-04,0.09927976,23.465294,0.013212748,0.0053108046,0.114946716,1.5001155138015747,0.510528028011322,51.05280303955078,0.26063886284828186,0.08686312288045883,0.510528028011322
16,1.2502517700195312,1e-04,0.093348965,23.62376,0.010775152,0.0044692354,0.103803426,1.4988197088241577,0.5112893581390381,51.128936767578125,0.26141679286956787,0.0871647447347641,0.5112893581390381
17,1.2475494146347046,1e-04,0.0896755,22.536629,0.010146565,0.004191405,0.10073016,1.4975535869598389,0.5120792984962463,51.20793151855469,0.2622252106666565,0.08747844398021698,0.5120792984962463
18,1.2460360527038574,1e-04,0.09501243,25.958677,0.010707653,0.0046780608,0.10347779,1.4962921142578125,0.5128735899925232,51.287357330322266,0.26303932070732117,0.08779458701610565,0.5128735899925232
19,1.2443960905075073,1e-04,0.09840481,27.720985,0.011143283,0.0050070644,0.10556175,1.4950356483459473,0.5136726498603821,51.36726379394531,0.2638595998287201,0.08811337500810623,0.5136726498603821
20,1.246253490447998,1e-04,0.11734814,35.543888,0.01507742,0.0071619563,0.12279014,1.4937678575515747,0.5144604444503784,51.446044921875,0.2646695375442505,0.08842841535806656,0.5144604444503784
21,1.241270661354065,1e-04,0.1039617,31.130356,0.012172386,0.005788735,0.11032854,1.4924803972244263,0.5152281522750854,51.5228157043457,0.2654600441455841,0.08873610943555832,0.5152281522750854
22,1.2385010719299316,1e-04,0.10081054,29.65257,0.01148071,0.005432434,0.10714807,1.4911829233169556,0.5159846544265747,51.59846496582031,0.2662401497364044,0.08903997391462326,0.5159846544265747
23,1.238169550895691,1e-04,0.110059075,34.93677,0.0132268565,0.006687508,0.11500807,1.4898420572280884,0.5166980624198914,51.66980743408203,0.26697689294815063,0.08932719379663467,0.5166980624198914
24,1.234810709953308,1e-04,0.103876725,32.707188,0.011945546,0.0059855953,0.10929568,1.4884850978851318,0.5173944234848022,51.73944091796875,0.26769697666168213,0.0896080806851387,0.5173944234848022
25,1.2284770011901855,1e-04,0.08174778,22.233871,0.0076888967,0.0035299682,0.08768635,1.487134575843811,0.5180951356887817,51.809513092041016,0.26842257380485535,0.08989135921001434,0.5180951356887817
26,1.2303053140640259,1e-04,0.10388978,31.886576,0.01159339,0.005839524,0.10767261,1.4857498407363892,0.518761396408081,51.87614059448242,0.2691133916378021,0.09016121178865433,0.518761396408081
27,1.23283851146698,1e-04,0.12310061,40.12986,0.016202029,0.008375106,0.1272872,1.48432195186615,0.5193846225738525,51.93846130371094,0.269760400056839,0.09041411429643631,0.5193846225738525
28,1.2292113304138184,1e-04,0.11768328,37.635162,0.014649752,0.0074924454,0.12103616,1.482874870300293,0.5199875831604004,51.998756408691406,0.27038708329200745,0.09065920859575272,0.5199875831604004
29,1.2241199016571045,1e-04,0.10462047,33.05442,0.011632185,0.0059734113,0.10785261,1.4813979864120483,0.5205604434013367,52.05604553222656,0.27098318934440613,0.09089250862598419,0.5205604434013367
30,1.219939112663269,1e-04,0.0947395,28.393707,0.0095242765,0.004770319,0.0975924,1.4799058437347412,0.5211171507835388,52.11171340942383,0.2715630829334259,0.09111958742141724,0.5211171507835388
31,1.2177979946136475,1e-04,0.09465433,28.238873,0.009455364,0.004729346,0.0972387,1.4783954620361328,0.5216550827026367,52.16550827026367,0.2721240222454071,0.09133937209844589,0.5216550827026367
32,1.220416784286499,1e-04,0.11628256,37.03405,0.014145437,0.0072806133,0.11893459,1.4768567085266113,0.5221633315086365,52.216331481933594,0.27265453338623047,0.09154731780290604,0.5221633315086365
33,1.2148481607437134,1e-04,0.101236075,30.801287,0.010645942,0.005369421,0.10317917,1.4753061532974243,0.5226583480834961,52.26583480834961,0.2731717526912689,0.09175017476081848,0.5226583480834961
34,1.2120639085769653,1e-04,0.0980282,28.7326,0.009929385,0.004904842,0.0996463,1.4737533330917358,0.5231493711471558,52.314937591552734,0.2736852765083313,0.0919516459107399,0.5231493711471558
35,1.2097053527832031,1e-04,0.09602,29.62185,0.009637304,0.0049159117,0.09816977,1.472154140472412,0.5236163139343262,52.36163330078125,0.2741740345954895,0.09214354306459427,0.5236163139343262
36,1.2089216709136963,1e-04,0.10291149,31.001411,0.010941661,0.0054646367,0.1046024,1.4705784320831299,0.5240813493728638,52.40813446044922,0.27466127276420593,0.09233491122722626,0.5240813493728638
37,1.206146001815796,1e-04,0.099611655,28.945835,0.01022888,0.00500142,0.10113792,1.4690096378326416,0.5245510339736938,52.45510482788086,0.275153785943985,0.09252844005823135,0.5245510339736938
38,1.207539439201355,1e-04,0.115842625,35.557163,0.013683593,0.0068340874,0.11697689,1.467441201210022,0.5250189304351807,52.50189208984375,0.27564486861228943,0.09272149205207825,0.5250189304351807
39,1.1982784271240234,1e-04,0.076741315,19.081522,0.0064820815,0.0028643138,0.080511376,1.4659185409545898,0.5255289673805237,52.55289840698242,0.2761806845664978,0.09293222427368164,0.5255289673805237
40,1.2029715776443481,1e-04,0.11409376,35.26244,0.013233692,0.0066594463,0.115037784,1.464383602142334,0.526024580001831,52.60245895385742,0.2767018675804138,0.09313733130693436,0.526024580001831
41,1.1947746276855469,1e-04,0.08251681,22.761566,0.0070930067,0.0033498239,0.08421999,1.462869644165039,0.5265390872955322,52.653907775878906,0.27724340558052063,0.09335051476955414,0.5265390872955322
42,1.1966729164123535,1e-04,0.10385834,31.509758,0.01104664,0.0054919906,0.10510299,1.4613538980484009,0.5270497798919678,52.704978942871094,0.2777814567089081,0.09356249123811722,0.5270497798919678
43,1.193953037261963,1e-04,0.100577906,29.95665,0.0103805475,0.005102937,0.10188497,1.459848403930664,0.5275682210922241,52.75682067871094,0.2783282399177551,0.09377798438072205,0.5275682210922241
44,1.1919219493865967,1e-04,0.100831345,30.414127,0.01040189,0.0051449304,0.10198966,1.4583500623703003,0.5280914306640625,52.80914306640625,0.2788805663585663,0.09399575740098953,0.5280914306640625
45,1.190416932106018,1e-04,0.10341286,31.444017,0.010947351,0.005425485,0.10462959,1.4568614959716797,0.5286216735839844,52.86216735839844,0.27944087982177734,0.09421682357788086,0.5286216735839844
46,1.1844078302383423,1e-04,0.08052014,21.38392,0.0069872728,0.0031830329,0.08358991,1.4554141759872437,0.5291891694068909,52.91891860961914,0.2800411880016327,0.09445378929376602,0.5291891694068909
47,1.1826891899108887,1e-04,0.08356708,23.711658,0.0073161754,0.0034974823,0.08553465,1.4539844989776611,0.5297712683677673,52.97712707519531,0.2806575894355774,0.0946972519159317,0.5297712683677673
48,1.1822508573532104,1e-04,0.09304104,27.654053,0.008923994,0.004388377,0.094466895,1.4525630474090576,0.5303583145141602,53.035831451416016,0.28127995133399963,0.09494323283433914,0.5303583145141602
49,1.1813266277313232,1e-04,0.098977305,29.637312,0.010043497,0.004959464,0.10021725,1.4511476755142212,0.5309489965438843,53.09489822387695,0.2819068431854248,0.095191091299057,0.5309489965438843
50,1.1786198616027832,1e-04,0.09559934,29.048378,0.009378992,0.0046875468,0.096845195,1.449730634689331,0.5315355062484741,53.15354919433594,0.2825299799442291,0.0954376757144928,0.5315355062484741
51,1.176051139831543,1e-04,0.092137456,25.388897,0.008850414,0.004150994,0.09407664,1.448351263999939,0.5321546196937561,53.21546173095703,0.2831885516643524,0.09569840878248215,0.5321546196937561
52,1.1713780164718628,1e-04,0.07631655,19.966187,0.0062153065,0.0028322581,0.078837216,1.4470051527023315,0.5328021049499512,53.28021240234375,0.2838780879974365,0.09597156941890717,0.5328021049499512
53,1.1757513284683228,1e-04,0.111764595,34.57908,0.012624249,0.0063484637,0.11235768,1.44564950466156,0.5334374904632568,53.34375,0.2845555543899536,0.09624013304710388,0.5334374904632568
54,1.1685432195663452,1e-04,0.08522926,25.477608,0.0074492404,0.0037422539,0.086308986,1.4442808628082275,0.5340580940246582,53.40580749511719,0.2852180600166321,0.09650291502475739,0.5340580940246582
55,1.168800711631775,1e-04,0.09789696,29.664883,0.009737923,0.0048974035,0.09868091,1.4429070949554443,0.534670352935791,53.46703338623047,0.2858723998069763,0.09676267206668854,0.534670352935791
56,1.1643495559692383,1e-04,0.084653504,24.812683,0.0073149223,0.0036337532,0.085527316,1.441530704498291,0.535277783870697,53.52777862548828,0.2865222990512848,0.09702076762914658,0.535277783870697
57,1.1608936786651611,1e-04,0.07532758,20.062212,0.0058852667,0.0027531795,0.07671549,1.4401813745498657,0.5359075665473938,53.590755462646484,0.28719693422317505,0.09728886932134628,0.5359075665473938
58,1.1596912145614624,1e-04,0.080973305,22.473427,0.006706766,0.003225771,0.081894845,1.438840389251709,0.5365420579910278,53.654205322265625,0.2878773808479309,0.09755945205688477,0.5365420579910278
59,1.162534475326538,1e-04,0.106810145,33.505356,0.011571375,0.0059323898,0.10757033,1.4374747276306152,0.5371499061584473,53.714988708496094,0.28853002190589905,0.09781914949417114,0.5371499061584473
60,1.1566818952560425,1e-04,0.08685662,26.662498,0.007737223,0.003983508,0.08796149,1.436081886291504,0.5377298593521118,53.772987365722656,0.28915339708328247,0.09806733578443527,0.5377298593521118
61,1.1540453433990479,1e-04,0.08357361,24.846172,0.00711671,0.0035978972,0.08436059,1.4346816539764404,0.5382993221282959,53.829933166503906,0.2897661626338959,0.09831145405769348,0.5382993221282959
62,1.1525746583938599,1e-04,0.08640486,26.57563,0.0076591773,0.0039532315,0.087516725,1.4332572221755981,0.5388433933258057,53.88433837890625,0.2903521955013275,0.09854506701231003,0.5388433933258057
63,1.1518323421478271,1e-04,0.093821794,28.68853,0.00892739,0.004557168,0.094484866,1.431821584701538,0.5393739342689514,53.93739318847656,0.2909242510795593,0.09877319633960724,0.5393739342689514
64,1.1507920026779175,1e-04,0.09861188,30.478615,0.009894615,0.0050849225,0.09947168,1.4303627014160156,0.5398799180984497,53.98799133300781,0.29147031903266907,0.09899110347032547,0.5398799180984497
65,1.1499618291854858,1e-04,0.10426861,33.020664,0.0110694,0.0057456335,0.10521122,1.4288803339004517,0.5403603315353394,54.036033630371094,0.2919892966747284,0.09919828176498413,0.5403603315353394
66,1.1488641500473022,1e-04,0.108983785,34.07196,0.011973195,0.0061106095,0.109422095,1.4273967742919922,0.5408366322517395,54.08366394042969,0.2925042510032654,0.09940396994352341,0.5408366322517395
67,1.1434640884399414,1e-04,0.09204611,27.175446,0.008571599,0.004265773,0.092582926,1.4259247779846191,0.5413206815719604,54.1320686340332,0.2930280864238739,0.09961329400539398,0.5413206815719604
68,1.138802170753479,1e-04,0.07566397,20.614883,0.005905558,0.0028018975,0.07684763,1.424487590789795,0.5418345928192139,54.1834602355957,0.2935847342014313,0.0998358353972435,0.5418345928192139
69,1.1418761014938354,1e-04,0.104205444,32.447083,0.010973286,0.005584736,0.10475345,1.4230461120605469,0.5423417687416077,54.23417663574219,0.29413458704948425,0.10005579888820648,0.5423417687416077
70,1.1380292177200317,1e-04,0.094837315,29.149826,0.009117773,0.0046294443,0.09548703,1.4216073751449585,0.5428481101989746,54.284812927246094,0.2946840822696686,0.10027571767568588,0.5428481101989746
71,1.1357699632644653,1e-04,0.09358048,27.724209,0.00884667,0.004408949,0.09405674,1.4201855659484863,0.5433676242828369,54.336761474609375,0.2952483892440796,0.10050167888402939,0.5433676242828369
72,1.1303811073303223,1e-04,0.071579374,18.849136,0.0054439865,0.002503383,0.073783375,1.4188251495361328,0.5439410209655762,54.39410400390625,0.2958718240261078,0.10075145214796066,0.5439410209655762
73,1.1317095756530762,1e-04,0.09305562,27.556782,0.008756289,0.004359913,0.093575045,1.4174737930297852,0.5445196628570557,54.45196533203125,0.29650166630744934,0.1010039746761322,0.5445196628570557
74,1.130466103553772,1e-04,0.09670107,29.908733,0.00949389,0.004820315,0.0974366,1.416122555732727,0.5450952053070068,54.509521484375,0.2971287965774536,0.10125549882650375,0.5450952053070068
75,1.1277772188186646,1e-04,0.09296041,28.15919,0.0087833945,0.0044179927,0.093719766,1.4147790670394897,0.5456746816635132,54.567466735839844,0.29776084423065186,0.1015092059969902,0.5456746816635132
76,1.1276261806488037,1e-04,0.10240398,31.816952,0.010607897,0.0053846557,0.10299465,1.4134340286254883,0.5462497472763062,54.62497329711914,0.2983887791633606,0.1017613634467125,0.5462497472763062
77,1.1203008890151978,1e-04,0.07042025,18.57029,0.005255709,0.0024236026,0.072496265,1.4121501445770264,0.5468778014183044,54.68777847290039,0.29907533526420593,0.10203725099563599,0.5468778014183044
78,1.123586654663086,1e-04,0.10199518,31.709564,0.010511853,0.0053455797,0.10252733,1.4108549356460571,0.547492265701294,54.74922561645508,0.2997477948665619,0.10230762511491776,0.547492265701294
79,1.1229180097579956,1e-04,0.10837473,33.955677,0.011810938,0.006038298,0.10867814,1.4095468521118164,0.548091471195221,54.809146881103516,0.30040425062179565,0.1025717705488205,0.548091471195221
80,1.116094708442688,1e-04,0.08264675,24.229206,0.0069520297,0.0034482307,0.08337883,1.4082549810409546,0.5487020611763,54.87020492553711,0.30107393860816956,0.10284136980772018,0.5487020611763
81,1.1183182001113892,1e-04,0.105189845,32.72977,0.0111370925,0.0056624925,0.10553242,1.4069541692733765,0.549301266670227,54.93012619018555,0.3017318844795227,0.10310641676187515,0.549301266670227
82,1.1150497198104858,1e-04,0.09872472,30.64468,0.009827519,0.005009468,0.09913384,1.4056448936462402,0.5498894453048706,54.98894500732422,0.30237841606140137,0.10336700826883316,0.5498894453048706
83,1.1116762161254883,1e-04,0.090925284,28.30844,0.008409699,0.0043255063,0.09170441,1.4043220281600952,0.5504622459411621,55.046226501464844,0.30300867557525635,0.10362119227647781,0.5504622459411621
84,1.1091536283493042,1e-04,0.08779059,27.105719,0.007840317,0.0040228516,0.08854556,1.402991533279419,0.5510247945785522,55.10247802734375,0.3036283254623413,0.10387124866247177,0.5510247945785522
85,1.105656385421753,1e-04,0.07827836,21.564095,0.0062932004,0.0029972494,0.07932969,1.4017102718353271,0.551628589630127,55.16285705566406,0.3042941093444824,0.10414007306098938,0.551628589630127
86,1.1067692041397095,1e-04,0.09619996,29.907917,0.009352981,0.0048130774,0.09671081,1.4004008769989014,0.552203893661499,55.22039031982422,0.30492913722991943,0.10439663380384445,0.552203893661499
87,1.102676510810852,1e-04,0.083966285,23.33546,0.0072048157,0.003451473,0.08488119,1.399139165878296,0.5528194904327393,55.28194808959961,0.3056093752384186,0.10467163473367691,0.5528194904327393
88,1.0996166467666626,1e-04,0.077271745,23.219616,0.0060867826,0.0030986855,0.07801784,1.3978619575500488,0.5534173250198364,55.341732025146484,0.3062707483768463,0.10493919253349304,0.5534173250198364
89,1.0981014966964722,1e-04,0.07994938,24.262066,0.006510266,0.0033291003,0.08068622,1.3965767621994019,0.5540047883987427,55.40047836303711,0.3069213032722473,0.10520251840353012,0.5540047883987427
90,1.0947704315185547,1e-04,0.07056303,19.191744,0.005115012,0.0024362835,0.071519315,1.3953347206115723,0.554628312587738,55.46282958984375,0.3076125681400299,0.10548248887062073,0.554628312587738
91,1.0959190130233765,1e-04,0.090072714,27.778843,0.008196851,0.00420346,0.09053646,1.3940714597702026,0.5552291870117188,55.522918701171875,0.30827945470809937,0.10575274378061295,0.5552291870117188
92,1.0962070226669312,1e-04,0.10160169,31.924036,0.010415077,0.005375585,0.10205428,1.39277982711792,0.5558005571365356,55.580055236816406,0.30891427397727966,0.10601017624139786,0.5558005571365356
93,1.0925143957138062,1e-04,0.09252998,28.796923,0.008648902,0.0044528386,0.09299947,1.3914704322814941,0.5563530325889587,55.63530349731445,0.3095287084579468,0.10625946521759033,0.5563530325889587
94,1.0869122743606567,1e-04,0.0696428,19.012577,0.004970567,0.0023790756,0.070502244,1.3902043104171753,0.5569411516189575,55.694114685058594,0.31018343567848206,0.10652529448270798,0.5569411516189575
95,1.0885839462280273,1e-04,0.092046544,28.672918,0.008563094,0.004412676,0.092536986,1.3889166116714478,0.5575068593025208,55.75068664550781,0.31081390380859375,0.10678138583898544,0.5575068593025208
96,1.0834105014801025,1e-04,0.07205841,19.940895,0.0053078746,0.002559101,0.07285516,1.3876705169677734,0.5581066608428955,55.810665130615234,0.3114830553531647,0.10705336183309555,0.5581066608428955
97,1.0824792385101318,1e-04,0.078804865,23.287344,0.0062917857,0.0031642066,0.07932078,1.386425256729126,0.5587040185928345,55.87040328979492,0.31215018033981323,0.10732468962669373,0.5587040185928345
98,1.079103708267212,1e-04,0.06868603,18.865852,0.0048286133,0.0023260682,0.06948823,1.385213851928711,0.5593284368515015,55.93284225463867,0.312848299741745,0.10760879516601562,0.5593284368515015
99,1.0790601968765259,1e-04,0.08122822,22.8699,0.0066946903,0.0032604416,0.081821084,1.3840309381484985,0.5599751472473145,55.99751281738281,0.3135721683502197,0.10790357738733292,0.5599751472473145
100,1.0798144340515137,1e-04,0.09589759,30.467148,0.009355618,0.0048993723,0.09672444,1.3827890157699585,0.5605654716491699,56.056549072265625,0.314233660697937,0.10817311704158783,0.5605654716491699
101,1.0785890817642212,1e-04,0.0994707,31.617023,0.010033748,0.005237461,0.1001686,1.3815028667449951,0.5611128211021423,56.11128234863281,0.31484758853912354,0.10842344909906387,0.5611128211021423
102,1.076827049255371,1e-04,0.10041481,31.656265,0.010171849,0.0052599623,0.10085559,1.380191445350647,0.5616341233253479,56.163414001464844,0.3154328763484955,0.10866221785545349,0.5616341233253479
103,1.0722510814666748,1e-04,0.08613184,25.944778,0.007492396,0.003822991,0.086558625,1.3788676261901855,0.5621414184570312,56.214141845703125,0.3160029649734497,0.10889491438865662,0.5621414184570312
104,1.0668261051177979,1e-04,0.061051704,15.770079,0.003961428,0.0018223695,0.062939875,1.3776367902755737,0.5627284049987793,56.27284240722656,0.3166632652282715,0.10916456580162048,0.5627284049987793
105,1.0652052164077759,1e-04,0.063903846,17.328426,0.004231718,0.0020225823,0.06505165,1.376455307006836,0.5633565187454224,56.33565139770508,0.31737056374549866,0.10945360362529755,0.5633565187454224
106,1.066715955734253,1e-04,0.08644591,27.206644,0.0076312013,0.003989285,0.087356746,1.3752375841140747,0.5639489889144897,56.3948974609375,0.3180384635925293,0.1097266897559166,0.5639489889144897
107,1.0617330074310303,1e-04,0.06646077,18.580833,0.004533953,0.0022209897,0.06733464,1.374055027961731,0.5645695328712463,56.45695495605469,0.31873875856399536,0.11001322418451309,0.5645695328712463
108,1.0617998838424683,1e-04,0.0799557,24.029682,0.0064835884,0.003306873,0.080520734,1.3728654384613037,0.5651805400848389,56.5180549621582,0.31942903995513916,0.1102958396077156,0.5651805400848389
109,1.0602812767028809,1e-04,0.08213752,24.75998,0.006844744,0.003496461,0.08273297,1.3716599941253662,0.5657742619514465,56.57742691040039,0.3201005160808563,0.11057090014219284,0.5657742619514465
110,1.0612061023712158,1e-04,0.09740059,31.1332,0.009646654,0.005065947,0.09821738,1.370394229888916,0.5663111209869385,56.63111114501953,0.3207082748413086,0.11082001775503159,0.5663111209869385
111,1.0571376085281372,1e-04,0.085454434,26.9294,0.0074516293,0.0039083576,0.08632282,1.3690929412841797,0.5668133497238159,56.68133544921875,0.321277379989624,0.11105340719223022,0.5668133497238159
112,1.0552177429199219,1e-04,0.08526367,26.776455,0.0074022273,0.0038714947,0.0860362,1.3677637577056885,0.5672876834869385,56.72876739501953,0.3218153119087219,0.11127413809299469,0.5672876834869385
113,1.0525145530700684,1e-04,0.08072886,22.98828,0.0065661985,0.0032441667,0.08103208,1.366471767425537,0.5677921772003174,56.77921676635742,0.3223879635334015,0.11150923371315002,0.5677921772003174
114,1.0503534078598022,1e-04,0.07880664,23.386738,0.0062695756,0.0031659128,0.07918065,1.3651896715164185,0.5683022141456604,56.830223083496094,0.32296741008758545,0.11174724996089935,0.5683022141456604
115,1.0504207611083984,1e-04,0.08996928,28.22823,0.008198476,0.00425741,0.09054544,1.3638819456100464,0.56878662109375,56.878662109375,0.32351821660995483,0.11197361350059509,0.56878662109375
116,1.047907829284668,1e-04,0.08645085,26.520937,0.0075440546,0.0038831206,0.086856514,1.362558364868164,0.5692539215087891,56.925392150878906,0.32405003905296326,0.11219225823879242,0.5692539215087891
117,1.0455694198608398,1e-04,0.0833651,26.034243,0.007061111,0.003667047,0.08403042,1.361228108406067,0.5697124004364014,56.97124099731445,0.32457220554351807,0.11240706592798233,0.5697124004364014
118,1.0417104959487915,1e-04,0.07044568,20.64933,0.0050545656,0.0025346444,0.07109547,1.3599382638931274,0.5702035427093506,57.020355224609375,0.3251320719718933,0.1126374751329422,0.5702035427093506
119,1.0407423973083496,1e-04,0.07630304,23.503323,0.0059361747,0.003069586,0.07704657,1.3586487770080566,0.5706921815872192,57.069217681884766,0.32568955421447754,0.11286704242229462,0.5706921815872192
120,1.036649227142334,1e-04,0.057891756,14.418699,0.003689968,0.0016449927,0.06074511,1.357515573501587,0.5713149309158325,57.131492614746094,0.3264007568359375,0.11316002905368805,0.5713149309158325
121,1.0402108430862427,1e-04,0.09517982,29.527344,0.009096043,0.0046612574,0.095373176,1.3563569784164429,0.5719124674797058,57.191246032714844,0.32708385586738586,0.11344167590141296,0.5719124674797058
122,1.0378429889678955,1e-04,0.092329875,28.495098,0.008569833,0.0043716496,0.09257339,1.3551923036575317,0.5725007057189941,57.25006866455078,0.3277570605278015,0.11371936649084091,0.5725007057189941
123,1.0347099304199219,1e-04,0.08505857,25.742014,0.007274773,0.0037031658,0.08529228,1.354017734527588,0.5730772018432617,57.30772018432617,0.32841747999191284,0.11399196833372116,0.5730772018432617
124,1.0333595275878906,1e-04,0.08777614,27.106768,0.0077593178,0.003995326,0.08808699,1.3528225421905518,0.5736327171325684,57.36327362060547,0.32905450463294983,0.11425506323575974,0.5736327171325684
125,1.0305297374725342,1e-04,0.08166836,25.330769,0.006761594,0.003491934,0.082228914,1.3516253232955933,0.5741833448410034,57.4183349609375,0.3296865224838257,0.11451619863510132,0.5741833448410034
126,1.0292675495147705,1e-04,0.08519865,26.355352,0.0073287347,0.0037641902,0.08560803,1.3504319190979004,0.5747342109680176,57.473419189453125,0.3303194046020508,0.11477787792682648,0.5747342109680176
127,1.0301597118377686,1e-04,0.100072235,31.184887,0.01004727,0.0051482464,0.10023607,1.3492298126220703,0.5752743482589722,57.527435302734375,0.3309405744075775,0.11503487825393677,0.5752743482589722
128,1.0249487161636353,1e-04,0.080924384,25.136297,0.00665945,0.0034403293,0.08160546,1.3480336666107178,0.5758165121078491,57.58164978027344,0.33156466484069824,0.1152932196855545,0.5758165121078491
129,1.0235017538070679,1e-04,0.083516665,25.415762,0.0070327986,0.003592642,0.08386178,1.34684419631958,0.5763612985610962,57.636131286621094,0.3321923613548279,0.11555317044258118,0.5763612985610962
130,1.021646499633789,1e-04,0.08326921,25.343628,0.0069947112,0.003572727,0.08363439,1.3456629514694214,0.5769104361534119,57.691043853759766,0.3328256607055664,0.11581560969352722,0.5769104361534119
131,1.0162566900253296,1e-04,0.055239066,13.842669,0.003419506,0.0015229537,0.05847654,1.3446635007858276,0.5776141881942749,57.761417388916016,0.33363816142082214,0.11615251004695892,0.5776141881942749
132,1.017173409461975,1e-04,0.077802934,23.611343,0.0061481073,0.003133319,0.078409865,1.343668818473816,0.5783190727233887,57.8319091796875,0.33445295691490173,0.11649063974618912,0.5783190727233887
133,1.0130791664123535,1e-04,0.060906865,16.636543,0.0038633568,0.0018482564,0.062155906,1.34275484085083,0.5790904760360718,57.9090461730957,0.3353457748889923,0.11686141043901443,0.5790904760360718
134,1.0138766765594482,1e-04,0.07956077,25.049963,0.006467606,0.003389996,0.080421425,1.3418010473251343,0.5798236131668091,57.98236083984375,0.3361954092979431,0.11721454560756683,0.5798236131668091
135,1.0106430053710938,1e-04,0.07038186,21.001984,0.0050373506,0.0025689043,0.0709743,1.3408459424972534,0.5805524587631226,58.05524444580078,0.3370411694049835,0.11756633222103119,0.5805524587631226
136,1.008312702178955,1e-04,0.06644952,19.904724,0.0045078536,0.002319644,0.06714055,1.3398748636245728,0.5812638998031616,58.12638854980469,0.33786770701408386,0.11791034042835236,0.5812638998031616
137,1.010498285293579,1e-04,0.09160567,29.019043,0.00849125,0.004448495,0.092147976,1.3388197422027588,0.5819045305252075,58.190452575683594,0.3386128842830658,0.1182207241654396,0.5819045305252075
138,1.003523349761963,1e-04,0.05698396,15.442356,0.0033165035,0.001603111,0.05758909,1.3378205299377441,0.5825850367546082,58.25850296020508,0.3394053280353546,0.11855104565620422,0.5825850367546082
139,1.0059518814086914,1e-04,0.086284086,27.244507,0.007536701,0.0039525013,0.08681417,1.3367418050765991,0.5831937789916992,58.31937789916992,0.3401149809360504,0.11884704977273941,0.5831937789916992
140,1.0045523643493652,1e-04,0.08846334,27.967411,0.007925468,0.0041535315,0.089025095,1.3355878591537476,0.5837342739105225,58.37342834472656,0.3407457172870636,0.11911027133464813,0.5837342739105225
141,1.0020408630371094,1e-04,0.08406004,26.510542,0.0071987244,0.0037919192,0.0848453,1.3343510627746582,0.5842006206512451,58.42006301879883,0.34129035472869873,0.11933768540620804,0.5842006206512451
142,0.9982883334159851,1e-04,0.0719457,20.348633,0.005227579,0.002580007,0.072302,1.3331626653671265,0.5847105383872986,58.47105407714844,0.34188640117645264,0.11958669871091843,0.5847105383872986
143,1.0002152919769287,1e-04,0.09419003,29.73626,0.008938987,0.0046593044,0.094546214,1.3319188356399536,0.5851649045944214,58.5164909362793,0.34241795539855957,0.1198088750243187,0.5851649045944214
144,0.9937885403633118,1e-04,0.0647628,19.446907,0.0042876517,0.002213778,0.065480165,1.3306796550750732,0.5856252908706665,58.562530517578125,0.3429569900035858,0.12003426998853683,0.5856252908706665
145,0.9925329089164734,1e-04,0.0688234,19.345457,0.0048101894,0.002355352,0.069355525,1.3295284509658813,0.5861532688140869,58.615325927734375,0.343575656414032,0.12029316276311874,0.5861532688140869
146,0.9901946783065796,1e-04,0.06427017,19.30043,0.0042418675,0.0021862215,0.06512962,1.3283861875534058,0.5866909623146057,58.669097900390625,0.3442062735557556,0.12055713683366776,0.5866909623146057
147,0.9897244572639465,1e-04,0.07392395,22.125496,0.005544586,0.002824476,0.074461974,1.327272653579712,0.5872454047203064,58.72454071044922,0.3448571562767029,0.12082976847887039,0.5872454047203064
148,0.9866554737091064,1e-04,0.06441951,18.101242,0.0042399606,0.0020787884,0.06511498,1.3262370824813843,0.5878634452819824,58.786346435546875,0.345583438873291,0.12113415449857712,0.5878634452819824
149,0.9866458773612976,1e-04,0.07643011,24.269932,0.0059923073,0.0031746477,0.07741,1.3251556158065796,0.5884394645690918,58.84394836425781,0.34626099467277527,0.12141831964254379,0.5884394645690918
150,0.9819574356079102,1e-04,0.054336928,14.707904,0.0030628871,0.0014709856,0.055343356,1.3241794109344482,0.589102029800415,58.91020202636719,0.34704118967056274,0.1217457577586174,0.589102029800415
151,0.9801676273345947,1e-04,0.054171115,14.686205,0.0030293104,0.0014599458,0.05503917,1.3232871294021606,0.5898327827453613,58.9832763671875,0.34790271520614624,0.12210755050182343,0.5898327827453613
152,0.9818474054336548,1e-04,0.07971419,25.251793,0.0064629754,0.0034145175,0.08039264,1.3223220109939575,0.5904980897903442,59.049808502197266,0.348688006401062,0.12243756651878357,0.5904980897903442
153,0.9786604642868042,1e-04,0.07054262,21.176369,0.0050263843,0.0025856765,0.070897,1.3213317394256592,0.5911389589309692,59.113895416259766,0.34944528341293335,0.12275604158639908,0.5911389589309692
154,0.9773119688034058,1e-04,0.07265358,23.030146,0.0054255174,0.002893303,0.07365811,1.3202513456344604,0.591700553894043,59.1700553894043,0.3501095473766327,0.12303555756807327,0.591700553894043
155,0.9758376479148865,1e-04,0.07516315,22.584206,0.005695859,0.0029305394,0.07547092,1.319132685661316,0.5922264456748962,59.2226448059082,0.3507321774959564,0.12329772114753723,0.5922264456748962
156,0.9735724925994873,1e-04,0.071722746,20.395931,0.0051719444,0.002575038,0.07191623,1.3180468082427979,0.5927767753601074,59.277679443359375,0.35138431191444397,0.1235724687576294,0.5927767753601074
157,0.9692714810371399,1e-04,0.050036687,12.958717,0.0026090487,0.0012224047,0.05107885,1.317078948020935,0.5934242010116577,59.3424186706543,0.3521522879600525,0.12389623373746872,0.5934242010116577
158,0.9707648158073425,1e-04,0.075662,23.87909,0.005838141,0.0030938212,0.07640773,1.3160200119018555,0.5939915776252747,59.3991584777832,0.35282599925994873,0.12418040633201599,0.5939915776252747
159,0.9685350060462952,1e-04,0.072429955,22.531431,0.005341003,0.0028124875,0.073082164,1.3148980140686035,0.5945025682449341,59.45025634765625,0.3534333109855652,0.12443672865629196,0.5945025682449341
160,0.9682769775390625,1e-04,0.08194943,26.035347,0.0068122717,0.0036005466,0.08253649,1.3137035369873047,0.5949498414993286,59.4949836730957,0.35396531224250793,0.124661386013031,0.5949498414993286
161,0.9653916954994202,1e-04,0.074170545,23.701065,0.0056535117,0.0030228514,0.07518984,1.3124473094940186,0.5953423976898193,59.53424072265625,0.3544325828552246,0.1248587816953659,0.5953423976898193
162,0.9649518728256226,1e-04,0.082685746,26.249172,0.0069370624,0.0036666496,0.08328903,1.3111352920532227,0.5956850647926331,59.56850814819336,0.3548406958580017,0.1250312477350235,0.5956850647926331
163,0.9644544124603271,1e-04,0.0901164,28.346052,0.008159759,0.0042470507,0.09033139,1.3098042011260986,0.5960090756416321,59.60090637207031,0.3552268147468567,0.1251944899559021,0.5960090756416321
164,0.9600933194160461,1e-04,0.073758736,22.591032,0.005516017,0.002849526,0.07426989,1.308502435684204,0.5963553190231323,59.63553237915039,0.35563966631889343,0.12536907196044922,0.5963553190231323
165,0.9562915563583374,1e-04,0.057502933,15.832323,0.0034287577,0.0016523736,0.058555596,1.3073636293411255,0.5968358516693115,59.68358612060547,0.3562130331993103,0.12561167776584625,0.5968358516693115
166,0.9539558291435242,1e-04,0.051341407,13.580588,0.0028052889,0.0013127734,0.052964978,1.3064160346984863,0.597474217414856,59.74742126464844,0.3569754362106323,0.12593446671962738,0.597474217414856
167,0.9519981741905212,1e-04,0.04805082,12.098219,0.002557674,0.0011528863,0.05057345,1.3057022094726562,0.598305344581604,59.830535888671875,0.3579692840576172,0.12635548412799835,0.598305344581604
168,0.9530271887779236,1e-04,0.07251288,21.566736,0.0052941567,0.002692449,0.072760954,1.3049873113632202,0.5991318225860596,59.91318130493164,0.3589589297771454,0.12677516043186188,0.5991318225860596
169,0.9509470462799072,1e-04,0.069714926,20.8168,0.0049187117,0.0025103816,0.07013353,1.3042737245559692,0.5999561548233032,59.9956169128418,0.3599473834037781,0.12719467282295227,0.5999561548233032
170,0.948005735874176,1e-04,0.060224332,17.01159,0.0036793263,0.0018248425,0.06065745,1.3036060333251953,0.6008149981498718,60.08150100708008,0.3609786629676819,0.127632737159729,0.6008149981498718
171,0.9509809017181396,1e-04,0.09101771,28.855099,0.008353595,0.004379711,0.091398,1.3028165102005005,0.6015685796737671,60.156856536865234,0.361884742975235,0.12801799178123474,0.6015685796737671
172,0.9459228515625,1e-04,0.0697909,21.925604,0.004991162,0.0026551164,0.070648156,1.3019273281097412,0.6022360324859619,60.223602294921875,0.36268824338912964,0.1283598244190216,0.6022360324859619
173,0.9420841932296753,1e-04,0.052818015,15.073921,0.0028451686,0.0014429751,0.053340122,1.3010557889938354,0.6029152274131775,60.29152297973633,0.3635067641735077,0.12870830297470093,0.6029152274131775
174,0.9406920671463013,1e-04,0.055575814,16.0665,0.0031430456,0.001606835,0.056062873,1.300188660621643,0.6035948395729065,60.3594856262207,0.36432671546936035,0.12905767560005188,0.6035948395729065
175,0.9426314830780029,1e-04,0.081327945,26.20996,0.006769578,0.0036235368,0.08227745,1.299175500869751,0.6041501760482788,60.415016174316406,0.3649974465370178,0.12934362888336182,0.6041501760482788
176,0.940280556678772,1e-04,0.07692321,24.705952,0.0061025303,0.0032800892,0.0781187,1.2980072498321533,0.6045740842819214,60.4574089050293,0.36550983786582947,0.12956219911575317,0.6045740842819214
177,0.9377481937408447,1e-04,0.0710419,23.036264,0.005250765,0.002851789,0.072462164,1.2967276573181152,0.6049031019210815,60.49031066894531,0.36590775847435,0.12973202764987946,0.6049031019210815
178,0.9378789663314819,1e-04,0.08339101,26.614632,0.0070589823,0.0037446644,0.084017746,1.2953542470932007,0.6051518321037292,60.51518249511719,0.3662087321281433,0.12986049056053162,0.6051518321037292
179,0.9330626130104065,1e-04,0.062293287,17.617863,0.0039170403,0.0019443672,0.06258626,1.2940858602523804,0.6054849624633789,60.54849624633789,0.366612046957016,0.1300327032804489,0.6054849624633789
180,0.9316908121109009,1e-04,0.063896194,20.21915,0.0042170114,0.0022601185,0.06493852,1.2927778959274292,0.6057831048965454,60.578311920166016,0.3669731616973877,0.13018694519996643,0.6057831048965454
181,0.9299814105033875,1e-04,0.06378402,19.997398,0.00417664,0.0022191931,0.06462693,1.2914692163467407,0.6060780882835388,60.60780715942383,0.3673306405544281,0.13033969700336456,0.6060780882835388
182,0.9290697574615479,1e-04,0.07004525,20.585718,0.0049311537,0.0024872909,0.07022218,1.2902451753616333,0.6064406633377075,60.644065856933594,0.3677702844142914,0.1305275857448578,0.6064406633377075
183,0.9289147853851318,1e-04,0.08007002,24.70592,0.006439847,0.003311782,0.080248654,1.289047122001648,0.6068254113197327,60.68254089355469,0.36823707818984985,0.13072720170021057,0.6068254113197327
184,0.9261350035667419,1e-04,0.0728127,21.846832,0.005324923,0.0027093492,0.07297207,1.2879102230072021,0.6072545051574707,60.72544860839844,0.36875802278518677,0.13095006346702576,0.6072545051574707
185,0.9240300059318542,1e-04,0.06953254,20.188316,0.0048779454,0.0024280557,0.06984229,1.2868950366973877,0.6077814102172852,60.778141021728516,0.36939823627471924,0.13122405111789703,0.6077814102172852
186,0.9220107197761536,1e-04,0.06671022,20.397457,0.0045139855,0.0023288373,0.0671862,1.2859238386154175,0.6083419919013977,60.834197998046875,0.37007996439933777,0.1315159946680069,0.6083419919013977
187,0.920333743095398,1e-04,0.06648466,20.367937,0.0044899858,0.0023200966,0.067007355,1.2850004434585571,0.6089391708374023,60.893917083740234,0.37080690264701843,0.1318274736404419,0.6089391708374023
188,0.9194002151489258,1e-04,0.071915224,21.661932,0.005206611,0.0026553888,0.07215685,1.284132957458496,0.60957932472229,60.95793151855469,0.37158694863319397,0.1321619302034378,0.60957932472229
189,0.9169861078262329,1e-04,0.066048175,20.341906,0.004440169,0.002306507,0.066634595,1.2832961082458496,0.6102418899536133,61.02418899536133,0.3723951578140259,0.13250871002674103,0.6102418899536133
190,0.9149482250213623,1e-04,0.062577456,17.258865,0.0040472182,0.0019436494,0.06361775,1.2826658487319946,0.6110706329345703,61.10706329345703,0.3734073042869568,0.13294333219528198,0.6110706329345703
191,0.9152603149414062,1e-04,0.07719466,24.089592,0.006001807,0.0031316024,0.07747133,1.2819935083389282,0.6118615865707397,61.1861572265625,0.3743745982646942,0.13335905969142914,0.6118615865707397
192,0.9123804569244385,1e-04,0.068323,21.503242,0.0047615357,0.0025175465,0.06900388,1.2812846899032593,0.6126196384429932,61.261962890625,0.37530282139778137,0.1337583363056183,0.6126196384429932
193,0.9126997590065002,1e-04,0.08173184,25.602314,0.0067177275,0.0034967144,0.08196174,1.280539631843567,0.6133475303649902,61.334754943847656,0.37619519233703613,0.1341424584388733,0.6133475303649902
194,0.9114538431167603,1e-04,0.084143,26.428835,0.0071094017,0.0037109547,0.08431727,1.2797340154647827,0.6140199303627014,61.40199279785156,0.3770204782485962,0.1344979852437973,0.6140199303627014
195,0.9077226519584656,1e-04,0.070353776,21.771011,0.0050090216,0.0026276084,0.07077444,1.2788684368133545,0.614640474319458,61.464046478271484,0.3777829110622406,0.13482666015625,0.614640474319458
196,0.9041923880577087,1e-04,0.055241276,15.597929,0.0031067627,0.0015431043,0.05573834,1.2781147956848145,0.615349292755127,61.53492736816406,0.37865474820137024,0.13520275056362152,0.615349292755127
197,0.901583731174469,1e-04,0.045241706,12.3961935,0.0021236301,0.0010386873,0.04608286,1.2774956226348877,0.6161644458770752,61.6164436340332,0.37965860962867737,0.13563616573810577,0.6161644458770752
198,0.9029682874679565,1e-04,0.07077767,22.656384,0.005131215,0.0027530824,0.0716325,1.2767590284347534,0.6168807744979858,61.68807601928711,0.3805418908596039,0.1360177993774414,0.6168807744979858
199,0.9025947451591492,1e-04,0.07926433,25.33627,0.00637768,0.003396281,0.07986038,1.275876760482788,0.6174761056900024,61.74761199951172,0.3812767267227173,0.136335551738739,0.6174761056900024
200,0.9003841876983643,1e-04,0.075295,24.109299,0.005784233,0.0030978424,0.07605415,1.2748558521270752,0.6179561018943787,61.79560852050781,0.38186973333358765,0.1365921050310135,0.6179561018943787
201,0.8975549936294556,1e-04,0.06648802,21.398026,0.0045688543,0.0024728975,0.0675933,1.273733139038086,0.6183512210845947,61.835121154785156,0.38235822319984436,0.136803537607193,0.6183512210845947
202,0.898239254951477,1e-04,0.0825986,26.07492,0.006864302,0.003606005,0.08285108,1.2725428342819214,0.6186887621879578,61.86887741088867,0.38277578353881836,0.13698434829711914,0.6186887621879578
203,0.8920602798461914,1e-04,0.047295503,13.138504,0.0022932847,0.0011327653,0.047888253,1.2715060710906982,0.6191484928131104,61.91484832763672,0.3833448588848114,0.13723085820674896,0.6191484928131104
204,0.8915216326713562,1e-04,0.05755311,16.12409,0.0033603273,0.0016548842,0.05796833,1.2706208229064941,0.6197278499603271,61.97278594970703,0.38406261801719666,0.13754194974899292,0.6197278499603271
205,0.8883475065231323,1e-04,0.04080728,10.433587,0.0017893307,0.0008272263,0.04230048,1.2699998617172241,0.6205207109451294,62.05207061767578,0.38504594564437866,0.13796846568584442,0.6205207109451294
206,0.8903681039810181,1e-04,0.07317428,23.123718,0.005414173,0.0028653466,0.07358106,1.26926851272583,0.6212185621261597,62.121856689453125,0.3859125077724457,0.1383446305990219,0.6212185621261597
207,0.8881480097770691,1e-04,0.068596415,21.625021,0.0047920654,0.002546811,0.069224745,1.2684417963027954,0.6218366026878357,62.183658599853516,0.3866807520389557,0.13867837190628052,0.6218366026878357
208,0.8888453245162964,1e-04,0.08396389,26.39934,0.0070842435,0.003705861,0.08416795,1.2675310373306274,0.6223840713500977,62.238407135009766,0.38736194372177124,0.13897442817687988,0.6223840713500977
209,0.8829991817474365,1e-04,0.05283829,14.981773,0.0028301673,0.0014173461,0.053199317,1.2667192220687866,0.6230084300041199,62.30084228515625,0.3881395161151886,0.13931262493133545,0.6230084300041199
210,0.8810157775878906,1e-04,0.04886681,13.887926,0.0024360414,0.0012266482,0.04935627,1.2660019397735596,0.6237061023712158,62.370609283447266,0.3890092968940735,0.13969121873378754,0.6237061023712158
211,0.880447506904602,1e-04,0.05842016,16.710335,0.003454798,0.0017356265,0.05877753,1.2653714418411255,0.6244702935218811,62.44702911376953,0.38996315002441406,0.1401066929101944,0.6244702935218811
212,0.8804372549057007,1e-04,0.070060685,22.374603,0.0050290343,0.002703425,0.070915684,1.2645562887191772,0.6250835657119751,62.508358001708984,0.39072945713996887,0.14044074714183807,0.6250835657119751
213,0.8797997832298279,1e-04,0.07662011,24.582916,0.005972908,0.003197224,0.07728459,1.2635762691497803,0.6255618333816528,62.556182861328125,0.3913276195526123,0.14070160686969757,0.6255618333816528
214,0.8746939301490784,1e-04,0.048178773,14.897814,0.0024453604,0.0013168623,0.049450584,1.2625597715377808,0.6260088086128235,62.60087966918945,0.39188703894615173,0.14094573259353638,0.6260088086128235
215,0.8737657070159912,1e-04,0.05409226,17.310017,0.0030929989,0.0016930737,0.055614736,1.2614587545394897,0.6263858079910278,62.638580322265625,0.3923591673374176,0.14115186035633087,0.6263858079910278
216,0.8718444108963013,1e-04,0.051042736,16.133755,0.0027447953,0.0014935808,0.052390795,1.260298252105713,0.6267125606536865,62.67125701904297,0.39276862144470215,0.14133070409297943,0.6267125606536865
217,0.869325578212738,1e-04,0.041750737,11.337046,0.0017960931,0.00087592506,0.042380337,1.2593457698822021,0.6272035837173462,62.720359802246094,0.39338433742523193,0.14159967005252838,0.6272035837173462
218,0.8719589710235596,1e-04,0.07728669,24.162783,0.005997542,0.0031338036,0.0774438,1.2583348751068115,0.6276451349258423,62.7645149230957,0.39393842220306396,0.14184190332889557,0.6276451349258423
219,0.8680294156074524,1e-04,0.059927203,16.709398,0.0036330312,0.0017876823,0.06027463,1.2574927806854248,0.6282186508178711,62.82186508178711,0.3946586847305298,0.1421569287776947,0.6282186508178711
220,0.866614043712616,1e-04,0.061167553,18.751759,0.0037799748,0.001980891,0.0614815,1.2565863132476807,0.6287409663200378,62.87409591674805,0.3953152000904083,0.14244423806667328,0.6287409663200378
221,0.8639055490493774,1e-04,0.050989762,14.195366,0.002634486,0.0012998357,0.051327243,1.2558237314224243,0.6293724775314331,62.93724822998047,0.3961097300052643,0.14279218018054962,0.6293724775314331
222,0.8640577793121338,1e-04,0.06565346,20.114002,0.004343816,0.002269504,0.065907635,1.2549867630004883,0.6299421191215515,62.99421310424805,0.3968270719051361,0.14310650527477264,0.6299421191215515
223,0.8601217269897461,1e-04,0.04382795,12.172188,0.0019621258,0.00097315246,0.04429589,1.2542927265167236,0.6306228041648865,63.062278747558594,0.39768511056900024,0.1434827446937561,0.6306228041648865
224,0.8585483431816101,1e-04,0.043575928,12.20708,0.0019407505,0.000970787,0.04405395,1.2537130117416382,0.6313911080360413,63.13911056518555,0.3986547291278839,0.14390821754932404,0.6313911080360413
225,0.8593398332595825,1e-04,0.06492548,20.241385,0.004281605,0.002272359,0.06543398,1.2529960870742798,0.6320477724075317,63.204776763916016,0.39948439598083496,0.144272580742836,0.6320477724075317
226,0.8569416403770447,1e-04,0.058394045,16.74374,0.003430069,0.0017335799,0.05856679,1.2523562908172607,0.6327627897262573,63.27627944946289,0.4003887474536896,0.1446700394153595,0.6327627897262573
227,0.8563260436058044,1e-04,0.06493881,20.883514,0.004358453,0.0023630923,0.06601858,1.251535415649414,0.6333317756652832,63.33317565917969,0.40110912919044495,0.1449868083000183,0.6333317756652832
228,0.854363739490509,1e-04,0.061688565,19.620132,0.0039374433,0.0021272113,0.06274905,1.2505879402160645,0.6337980031967163,63.379798889160156,0.40169990062713623,0.14524678885936737,0.6337980031967163
229,0.852802574634552,1e-04,0.061532013,19.55222,0.0039145257,0.0021133064,0.06256617,1.2495290040969849,0.6341739892959595,63.41740036010742,0.4021766483783722,0.14545662701129913,0.6341739892959595
230,0.8509340882301331,1e-04,0.058375683,18.960396,0.0035816513,0.0019702043,0.059846897,1.2483165264129639,0.6344265937805176,63.442657470703125,0.4024971127510071,0.14559777081012726,0.6344265937805176
231,0.8482571244239807,1e-04,0.049035043,14.036157,0.0024377396,0.001236236,0.04937347,1.247240424156189,0.6347845792770386,63.478458404541016,0.4029514491558075,0.14579790830612183,0.6347845792770386
232,0.848507821559906,1e-04,0.064319335,20.330206,0.0042187497,0.0022547082,0.064951904,1.2460813522338867,0.6350748538970947,63.507484436035156,0.4033200740814209,0.14596039056777954,0.6350748538970947
233,0.8462362289428711,1e-04,0.058173154,18.428577,0.0034749152,0.0018719661,0.058948413,1.2448441982269287,0.6353014707565308,63.530147552490234,0.40360796451568604,0.14608727395534515,0.6353014707565308
234,0.8446812033653259,1e-04,0.05813065,18.221947,0.0034449184,0.0018384838,0.058693428,1.2435678243637085,0.6354950666427612,63.54950714111328,0.40385398268699646,0.14619573950767517,0.6354950666427612
235,0.8427260518074036,1e-04,0.054357585,16.897818,0.0030121373,0.0016014515,0.05488294,1.242305874824524,0.6356977224349976,63.56977081298828,0.4041115939617157,0.14630934596061707,0.6356977224349976
236,0.8427078127861023,1e-04,0.06706361,20.553066,0.0045135347,0.0023348485,0.06718285,1.2411174774169922,0.6359562277793884,63.59562301635742,0.404440313577652,0.1464543342590332,0.6359562277793884
237,0.8420621156692505,1e-04,0.07327316,22.27871,0.005384915,0.0027538224,0.07338198,1.2400118112564087,0.636277437210083,63.627742767333984,0.40484896302223206,0.14663466811180115,0.636277437210083
238,0.8378037214279175,1e-04,0.051086716,15.246714,0.002640912,0.0013583042,0.051389806,1.2390245199203491,0.6366895437240601,63.66895294189453,0.40537357330322266,0.14686618745326996,0.6366895437240601
239,0.8389840722084045,1e-04,0.0729142,22.128326,0.005333261,0.002720676,0.07302918,1.238141655921936,0.637181282043457,63.7181282043457,0.4059999883174896,0.14714285731315613,0.637181282043457
240,0.8347503542900085,1e-04,0.0506422,15.200539,0.0026087833,0.0013470345,0.05107625,1.2373802661895752,0.6377660036087036,63.7765998840332,0.40674546360969543,0.14747224748134613,0.6377660036087036
241,0.8360673785209656,1e-04,0.07356131,22.536757,0.0054326486,0.002784138,0.0737065,1.236721396446228,0.6384286880493164,63.84286880493164,0.40759119391441345,0.14784622192382812,0.6384286880493164
242,0.833827555179596,1e-04,0.068393074,21.082115,0.004697216,0.0024385536,0.06853624,1.2361115217208862,0.6391267776489258,63.91267776489258,0.40848302841186523,0.14824087917804718,0.6391267776489258
243,0.8305150270462036,1e-04,0.052805144,16.573988,0.0028865235,0.0015437475,0.053726375,1.2355222702026367,0.6398383378982544,63.98383331298828,0.4093931019306183,0.1486438512802124,0.6398383378982544
244,0.8300851583480835,1e-04,0.062325012,19.453243,0.003956013,0.0020855647,0.06289684,1.2349659204483032,0.6405728459358215,64.05728149414062,0.4103335738182068,0.1490606814622879,0.6405728459358215
245,0.8294230103492737,1e-04,0.06880471,21.668877,0.0047906404,0.0025270719,0.069214456,1.2343989610671997,0.6412963271141052,64.12963104248047,0.4112609922885895,0.14947201311588287,0.6412963271141052
246,0.8243990540504456,1e-04,0.03366948,8.636062,0.0012610906,0.0005820107,0.035511836,1.234297513961792,0.6423797607421875,64.23797607421875,0.41265174746513367,0.15008947253227234,0.6423797607421875
247,0.8254501819610596,1e-04,0.061204866,19.049835,0.00380445,0.002018415,0.061680224,1.2340753078460693,0.6433653235435486,64.33653259277344,0.41391894221305847,0.1506527066230774,0.6433653235435486
248,0.8257573843002319,1e-04,0.07456972,23.64021,0.00560104,0.0029687309,0.0748401,1.233689308166504,0.644220232963562,64.4220199584961,0.4150197207927704,0.151142418384552,0.644220232963562
249,0.8203142881393433,1e-04,0.039257206,12.039428,0.0016446384,0.0008875287,0.04055414,1.2332804203033447,0.645054042339325,64.50540161132812,0.41609472036361694,0.15162114799022675,0.645054042339325
250,0.8209484219551086,1e-04,0.060630612,19.117758,0.0037628114,0.0020233514,0.06134176,1.2326583862304688,0.6457200050354004,64.5719985961914,0.4169543385505676,0.15200427174568176,0.6457200050354004
251,0.8173190951347351,1e-04,0.038957346,11.986334,0.0016150083,0.00087629026,0.040187165,1.23197340965271,0.6463343501091003,64.63343811035156,0.4177480936050415,0.1523582637310028,0.6463343501091003
252,0.8172851204872131,1e-04,0.05476732,16.79348,0.0030597402,0.0016231474,0.055314917,1.2311955690383911,0.6468744874000549,64.68744659423828,0.4184466004371643,0.1526699960231781,0.6468744874000549
253,0.8169142007827759,1e-04,0.06378506,20.456915,0.004165185,0.0022540072,0.06453825,1.2301900386810303,0.6472359299659729,64.72359466552734,0.4189143478870392,0.15287883579730988,0.6472359299659729
254,0.8163952231407166,1e-04,0.07123494,22.546894,0.0051194504,0.0027192577,0.07155033,1.2290102243423462,0.647460401058197,64.74604034423828,0.419204980134964,0.1530086249113083,0.647460401058197
255,0.813178300857544,1e-04,0.057597287,17.899736,0.003373058,0.0017947424,0.058078036,1.227730631828308,0.6476055979728699,64.76055908203125,0.41939300298690796,0.153092622756958,0.6476055979728699
256,0.8134016990661621,1e-04,0.07099131,22.241377,0.0050641308,0.0026645542,0.07116271,1.2263784408569336,0.6476925611495972,64.76925659179688,0.41950565576553345,0.15314294397830963,0.6476925611495972
257,0.809514582157135,1e-04,0.050562803,16.026735,0.0026418578,0.0014344635,0.051399007,1.224963903427124,0.647729754447937,64.7729721069336,0.41955384612083435,0.15316446125507355,0.647729754447937
258,0.8074194192886353,1e-04,0.04435564,13.237899,0.0020093187,0.0010469059,0.044825424,1.2237101793289185,0.6478891372680664,64.78890991210938,0.4197603464126587,0.15325677394866943,0.6478891372680664
259,0.8050983548164368,1e-04,0.031934515,7.8889437,0.0011483775,0.00051782426,0.033887718,1.223056674003601,0.6485099792480469,64.85099792480469,0.4205651879310608,0.15361656248569489,0.6485099792480469
260,0.8072978258132935,1e-04,0.06922962,21.382805,0.0048062475,0.002499985,0.06932711,1.2223788499832153,0.6491090059280396,64.91090393066406,0.42134249210357666,0.15396426618099213,0.6491090059280396
261,0.8040313720703125,1e-04,0.054403808,16.647789,0.0029951013,0.0015713419,0.054727517,1.2217124700546265,0.6497167348861694,64.97167205810547,0.42213183641433716,0.15431757271289825,0.6497167348861694
262,0.8018672466278076,1e-04,0.047387674,14.175966,0.0022865552,0.0011891782,0.047817938,1.2211382389068604,0.6503908634185791,65.0390853881836,0.4230082631111145,0.15471015870571136,0.6503908634185791
263,0.8033813238143921,1e-04,0.07238517,22.497023,0.0052513042,0.0027381678,0.07246588,1.2205443382263184,0.6510470509529114,65.10470581054688,0.4238622486591339,0.1550930142402649,0.6510470509529114
264,0.7986166477203369,1e-04,0.043178655,13.147842,0.0019344982,0.0010264805,0.04398293,1.2200202941894531,0.6517543792724609,65.1754379272461,0.42478376626968384,0.15550637245178223,0.6517543792724609
265,0.798170268535614,1e-04,0.05350894,16.740034,0.002933673,0.0015710783,0.054163393,1.219439148902893,0.6524155139923096,65.2415542602539,0.42564600706100464,0.1558934450149536,0.6524155139923096
266,0.7972283363342285,1e-04,0.058218263,18.054073,0.003435145,0.001821426,0.058610108,1.218791127204895,0.6530223488807678,65.30223846435547,0.42643818259239197,0.15624934434890747,0.6530223488807678
267,0.7954028248786926,1e-04,0.054951556,16.551926,0.0030500079,0.0015900969,0.055226877,1.2181825637817383,0.6536574363708496,65.3657455444336,0.42726805806159973,0.15662240982055664,0.6536574363708496
268,0.7949227690696716,1e-04,0.062743016,20.0626,0.0040082177,0.0021595247,0.06331049,1.217396855354309,0.6541541814804077,65.41542053222656,0.4279176890850067,0.1569146066904068,0.6541541814804077
269,0.7923214435577393,1e-04,0.05213228,16.822767,0.0028422815,0.001561742,0.05331305,1.2164530754089355,0.6545279026031494,65.45278930664062,0.4284067749977112,0.15713471174240112,0.6545279026031494
270,0.7899077534675598,1e-04,0.04273524,12.144276,0.0018614094,0.00093920284,0.043144055,1.2157596349716187,0.6550906896591187,65.50907135009766,0.4291438162326813,0.1574665904045105,0.6550906896591187
271,0.7920260429382324,1e-04,0.07344644,22.943367,0.005410214,0.0028323478,0.07355416,1.2150304317474365,0.6556236743927002,65.56237030029297,0.42984241247177124,0.15778134763240814,0.6556236743927002
272,0.7894039750099182,1e-04,0.06448797,20.482403,0.004216111,0.0022532446,0.06493159,1.2141869068145752,0.6560673117637634,65.60672760009766,0.430424302816391,0.15804365277290344,0.6560673117637634
273,0.7851113080978394,1e-04,0.03560519,10.761349,0.0013487163,0.0007180988,0.036724873,1.213485598564148,0.656617283821106,65.66172790527344,0.4311462640762329,0.1583692729473114,0.656617283821106
274,0.7844429612159729,1e-04,0.044635188,14.220034,0.002103455,0.0011548544,0.04586344,1.2127124071121216,0.6571100950241089,65.71100616455078,0.4317936897277832,0.15866142511367798,0.6571100950241089
275,0.7840186357498169,1e-04,0.055096805,17.408257,0.0030998448,0.001668152,0.05567625,1.2118405103683472,0.6575256586074829,65.7525634765625,0.43233999609947205,0.15890805423259735,0.6575256586074829
276,0.7810000777244568,1e-04,0.038305633,10.663895,0.0014995895,0.00074514275,0.038724534,1.2112818956375122,0.6581772565841675,65.8177261352539,0.4331972897052765,0.15929538011550903,0.6581772565841675
277,0.7804214358329773,1e-04,0.047923926,13.340101,0.0023367205,0.001152982,0.048339635,1.2110260725021362,0.6590560674667358,65.90560913085938,0.43435490131378174,0.15981878340244293,0.6590560674667358
278,0.7796555161476135,1e-04,0.054042414,17.161224,0.0029844078,0.0016144546,0.054629736,1.2105236053466797,0.6597449779510498,65.97449493408203,0.43526342511177063,0.1602298766374588,0.6597449779510498
279,0.7773376703262329,1e-04,0.04533779,12.681439,0.0020774505,0.0010355605,0.045579057,1.210200309753418,0.6605669260025024,66.05669403076172,0.43634867668151855,0.16072140634059906,0.6605669260025024
280,0.7791017293930054,1e-04,0.07230829,22.411148,0.0052500917,0.0027368397,0.072457515,1.2097491025924683,0.661288857460022,66.1288833618164,0.43730294704437256,0.16115397214889526,0.661288857460022
281,0.7753673791885376,1e-04,0.053487234,16.72646,0.0029212083,0.0015672741,0.054048203,1.209097981452942,0.6618572473526001,66.18572235107422,0.43805500864982605,0.1614951193332672,0.6618572473526001
282,0.7736896872520447,1e-04,0.050223958,16.282574,0.0026467466,0.0014647082,0.051446542,1.2081327438354492,0.6621859073638916,66.21858978271484,0.4384901821613312,0.16169260442256927,0.6621859073638916
283,0.7716370820999146,1e-04,0.04443792,12.731689,0.0019945388,0.0010162033,0.04466026,1.2073478698730469,0.6626486778259277,66.2648696899414,0.43910327553749084,0.16197095811367035,0.6626486778259277
284,0.7699354887008667,1e-04,0.039937206,12.535174,0.0016909397,0.0009271295,0.041121036,1.2064847946166992,0.663050651550293,66.30506896972656,0.4396361708641052,0.16221299767494202,0.663050651550293
285,0.7688161730766296,1e-04,0.044086337,12.66874,0.001967454,0.0010043171,0.044355992,1.2058184146881104,0.6635987162590027,66.35987091064453,0.4403632581233978,0.16254347562789917,0.6635987162590027
286,0.7683483362197876,1e-04,0.05251478,17.160435,0.0028930306,0.0016043568,0.0537869,1.2048612833023071,0.663925290107727,66.39253234863281,0.44079679250717163,0.1627405732870102,0.663925290107727
287,0.7663024067878723,1e-04,0.0456807,14.971327,0.002238034,0.001254535,0.047307864,1.20370352268219,0.6640990972518921,66.409912109375,0.44102761149406433,0.16284558176994324,0.6640990972518921
288,0.7668987512588501,1e-04,0.0647117,20.419262,0.004222813,0.0022473724,0.064983174,1.2024422883987427,0.6641926765441895,66.41926574707031,0.4411519169807434,0.1629021018743515,0.6641926765441895
289,0.765984833240509,1e-04,0.06842053,21.32625,0.0046944898,0.0024618062,0.068516344,1.2011964321136475,0.6642962694168091,66.42962646484375,0.4412895441055298,0.16296473145484924,0.6642962694168091
290,0.7608712911605835,1e-04,0.030148715,8.102999,0.00096433976,0.0004660713,0.03105382,1.2004802227020264,0.6647963523864746,66.4796371459961,0.44195419549942017,0.16326718032360077,0.6647963523864746
291,0.7610086798667908,1e-04,0.049127333,15.546253,0.0024827053,0.0013439334,0.049826752,1.1996676921844482,0.6652222275733948,66.52222442626953,0.4425206184387207,0.16352510452270508,0.6652222275733948
292,0.7584832906723022,1e-04,0.036007658,9.961037,0.0013362989,0.00065909536,0.03655542,1.1992923021316528,0.6659746170043945,66.59745788574219,0.443522185087204,0.16398145258426666,0.6659746170043945
293,0.7579284310340881,1e-04,0.045828465,14.292614,0.002158257,0.0011607793,0.046457045,1.1988310813903809,0.6666597127914429,66.66596984863281,0.444435179233551,0.1643977165222168,0.6666597127914429
294,0.7562875747680664,1e-04,0.043138243,12.005022,0.0018915295,0.0009361713,0.043491717,1.1987096071243286,0.6675969362258911,66.75969696044922,0.44568565487861633,0.16496841609477997,0.6675969362258911
295,0.7563233971595764,1e-04,0.057173736,17.781027,0.0032995283,0.0017500371,0.05744152,1.198417067527771,0.6684030890464783,66.8403091430664,0.44676268100738525,0.16546042263507843,0.6684030890464783
296,0.7529277801513672,1e-04,0.035364997,9.96685,0.0012734318,0.00064315286,0.035685178,1.1983470916748047,0.6693729162216187,66.93729400634766,0.4480600953102112,0.16605369746685028,0.6693729162216187
297,0.7527405023574829,1e-04,0.048850633,15.405268,0.0024534864,0.0013314232,0.04953268,1.1979926824569702,0.6701270341873169,67.01270294189453,0.4490702450275421,0.1665160357952118,0.6701270341873169
298,0.751837432384491,1e-04,0.053545125,16.689085,0.002914952,0.0015607337,0.053990297,1.1974012851715088,0.6707018613815308,67.07018280029297,0.4498409926891327,0.16686904430389404,0.6707018613815308
299,0.749884843826294,1e-04,0.04771943,14.618902,0.0023246014,0.0012380587,0.04821412,1.1967228651046753,0.6712096333503723,67.12096405029297,0.45052236318588257,0.1671813428401947,0.6712096333503723
300,0.7510129809379578,1e-04,0.069197655,21.745392,0.004812449,0.0025432962,0.06937182,1.19588303565979,0.6715946793556213,67.15946960449219,0.4510394036769867,0.16741843521595,0.6715946793556213
301,0.7477142810821533,1e-04,0.052983552,16.674538,0.0028707394,0.0015500394,0.053579282,1.1948096752166748,0.6718039512634277,67.1803970336914,0.4513205587863922,0.16754737496376038,0.6718039512634277
302,0.7482473254203796,1e-04,0.06878678,21.719696,0.004758195,0.0025237752,0.06897967,1.1936383247375488,0.6719383001327515,67.19383239746094,0.4515010714530945,0.16763019561767578,0.6719383001327515
303,0.7438849210739136,1e-04,0.041441463,12.013538,0.0017477148,0.00090016995,0.04180568,1.1927260160446167,0.6722650527954102,67.22650146484375,0.45194029808044434,0.16783173382282257,0.6722650527954102
304,0.7437859773635864,1e-04,0.053566135,17.516209,0.0030002987,0.001660574,0.054774985,1.1915817260742188,0.672416090965271,67.24160766601562,0.4521434009075165,0.1679249405860901,0.672416090965271
305,0.742810070514679,1e-04,0.057167195,18.568754,0.0033718296,0.0018478837,0.058067456,1.1902544498443604,0.6724294424057007,67.2429428100586,0.45216134190559387,0.16793322563171387,0.6724294424057007
306,0.7414390444755554,1e-04,0.057069995,18.428238,0.003345903,0.0018236665,0.057843782,1.1888257265090942,0.6723651885986328,67.23651885986328,0.45207494497299194,0.16789355874061584,0.6723651885986328
307,0.7382476329803467,1e-04,0.036771834,11.90761,0.0014968828,0.00083692383,0.03868957,1.1874899864196777,0.672368586063385,67.23686218261719,0.45207950472831726,0.16789565980434418,0.672368586063385
308,0.7364060282707214,1e-04,0.030606087,8.486803,0.0009956771,0.0004921245,0.031554352,1.1867867708206177,0.6728410124778748,67.28410339355469,0.45271503925323486,0.1681874543428421,0.6728410124778748
309,0.7347644567489624,1e-04,0.02437304,6.0480137,0.0006927091,0.00031272252,0.026319368,1.1869744062423706,0.6739728450775146,67.39728546142578,0.4542393982410431,0.1688879430294037,0.6739728450775146
310,0.7362725734710693,1e-04,0.05928858,18.480097,0.0035375035,0.0018661016,0.059476916,1.1870561838150024,0.6750223636627197,67.50223541259766,0.45565518736839294,0.1695394068956375,0.6750223636627197
311,0.7328089475631714,1e-04,0.037181113,10.288447,0.001407915,0.0006978037,0.037522193,1.1874138116836548,0.6762726306915283,67.62726593017578,0.4573446810245514,0.17031769454479218,0.6762726306915283
312,0.732554018497467,1e-04,0.04932434,15.643722,0.0024849682,0.0013483777,0.049849454,1.1873927116394043,0.6772392988204956,67.72393035888672,0.458653062582016,0.170921191573143,0.6772392988204956
313,0.7298927903175354,5e-05,0.033336554,10.135606,0.0011530446,0.0006206139,0.03395651,1.1875178813934326,0.6778213977813721,67.78214263916016,0.4594418406486511,0.17128534615039825,0.6778213977813721
314,0.730216383934021,5e-05,0.0460305,13.776132,0.0021402827,0.0011193614,0.046263188,1.187603235244751,0.6783730387687683,67.8373031616211,0.46018996834754944,0.17163094878196716,0.6783730387687683
315,0.7280164957046509,5e-05,0.023766663,6.0515685,0.0006032748,0.00028554111,0.024561653,1.187894582748413,0.6790754795074463,67.90754699707031,0.46114349365234375,0.17207171022891998,0.6790754795074463
316,0.728676438331604,5e-05,0.04352954,13.1961155,0.0019253539,0.0010223615,0.043878853,1.1880083084106445,0.6796461343765259,67.96461486816406,0.4619188606739044,0.17243041098117828,0.6796461343765259
317,0.726995050907135,2.5e-05,0.029789533,8.414124,0.00090551673,0.0004643287,0.030091805,1.188295841217041,0.6801007986068726,68.01007843017578,0.46253710985183716,0.17271657288074493,0.6801007986068726
318,0.7266613245010376,2.5e-05,0.029727615,8.429476,0.0009024716,0.0004645306,0.030041166,1.1885807514190674,0.6805527806282043,68.0552749633789,0.46315208077430725,0.17300136387348175,0.6805527806282043
