,contract_id,chicken_import_id,building_number,age,avg_weight
36,1163b6f9-48f9-4ec6-8aba-927c6e03be46,A11303103,下層,0,41.0
37,1163b6f9-48f9-4ec6-8aba-927c6e03be46,A11303103,下層,1,58.0
38,1163b6f9-48f9-4ec6-8aba-927c6e03be46,A11303103,下層,2,72.0
39,1163b6f9-48f9-4ec6-8aba-927c6e03be46,A11303103,下層,3,90.0
40,1163b6f9-48f9-4ec6-8aba-927c6e03be46,A11303103,下層,4,88.0
41,1163b6f9-48f9-4ec6-8aba-927c6e03be46,A11303103,下層,5,149.0
42,1163b6f9-48f9-4ec6-8aba-927c6e03be46,A11303103,下層,6,134.0
43,1163b6f9-48f9-4ec6-8aba-927c6e03be46,A11303103,下層,7,163.0
44,1163b6f9-48f9-4ec6-8aba-927c6e03be46,A11303103,下層,8,202.0
45,1163b6f9-48f9-4ec6-8aba-927c6e03be46,A11303103,下層,9,246.0
46,1163b6f9-48f9-4ec6-8aba-927c6e03be46,A11303103,下層,10,273.0
47,1163b6f9-48f9-4ec6-8aba-927c6e03be46,A11303103,下層,11,326.0
48,1163b6f9-48f9-4ec6-8aba-927c6e03be46,A11303103,下層,12,374.0
49,1163b6f9-48f9-4ec6-8aba-927c6e03be46,A11303103,下層,13,440.0
50,1163b6f9-48f9-4ec6-8aba-927c6e03be46,A11303103,下層,14,500.0
51,1163b6f9-48f9-4ec6-8aba-927c6e03be46,A11303103,下層,15,566.0
52,1163b6f9-48f9-4ec6-8aba-927c6e03be46,A11303103,下層,16,641.0
53,1163b6f9-48f9-4ec6-8aba-927c6e03be46,A11303103,下層,17,719.0
54,1163b6f9-48f9-4ec6-8aba-927c6e03be46,A11303103,下層,18,797.0
55,1163b6f9-48f9-4ec6-8aba-927c6e03be46,A11303103,下層,19,889.0
56,1163b6f9-48f9-4ec6-8aba-927c6e03be46,A11303103,下層,20,982.0
57,1163b6f9-48f9-4ec6-8aba-927c6e03be46,A11303103,下層,21,1081.0
58,1163b6f9-48f9-4ec6-8aba-927c6e03be46,A11303103,下層,22,1191.0
59,1163b6f9-48f9-4ec6-8aba-927c6e03be46,A11303103,下層,23,1285.0
60,1163b6f9-48f9-4ec6-8aba-927c6e03be46,A11303103,下層,24,1361.0
61,1163b6f9-48f9-4ec6-8aba-927c6e03be46,A11303103,下層,25,1404.0
62,1163b6f9-48f9-4ec6-8aba-927c6e03be46,A11303103,下層,26,1485.0
63,1163b6f9-48f9-4ec6-8aba-927c6e03be46,A11303103,下層,27,1580.0
64,1163b6f9-48f9-4ec6-8aba-927c6e03be46,A11303103,下層,28,1656.0
65,1163b6f9-48f9-4ec6-8aba-927c6e03be46,A11303103,下層,29,1736.0
66,1163b6f9-48f9-4ec6-8aba-927c6e03be46,A11303103,下層,30,1878.0
67,1163b6f9-48f9-4ec6-8aba-927c6e03be46,A11303103,下層,31,1976.0
70,1163b6f9-48f9-4ec6-8aba-927c6e03be46,A11305106,下層,0,20.0
71,1163b6f9-48f9-4ec6-8aba-927c6e03be46,A11305106,下層,1,23.0
72,1163b6f9-48f9-4ec6-8aba-927c6e03be46,A11305106,下層,2,28.0
73,1163b6f9-48f9-4ec6-8aba-927c6e03be46,A11305106,下層,3,46.0
74,1163b6f9-48f9-4ec6-8aba-927c6e03be46,A11305106,下層,4,65.0
75,1163b6f9-48f9-4ec6-8aba-927c6e03be46,A11305106,下層,5,90.0
76,1163b6f9-48f9-4ec6-8aba-927c6e03be46,A11305106,下層,6,112.0
77,1163b6f9-48f9-4ec6-8aba-927c6e03be46,A11305106,下層,7,135.0
78,1163b6f9-48f9-4ec6-8aba-927c6e03be46,A11305106,下層,8,181.0
79,1163b6f9-48f9-4ec6-8aba-927c6e03be46,A11305106,下層,9,227.0
80,1163b6f9-48f9-4ec6-8aba-927c6e03be46,A11305106,下層,10,268.0
81,1163b6f9-48f9-4ec6-8aba-927c6e03be46,A11305106,下層,11,314.0
82,1163b6f9-48f9-4ec6-8aba-927c6e03be46,A11305106,下層,12,355.0
83,1163b6f9-48f9-4ec6-8aba-927c6e03be46,A11305106,下層,13,407.0
84,1163b6f9-48f9-4ec6-8aba-927c6e03be46,A11305106,下層,14,484.0
85,1163b6f9-48f9-4ec6-8aba-927c6e03be46,A11305106,下層,15,536.0
86,1163b6f9-48f9-4ec6-8aba-927c6e03be46,A11305106,下層,16,551.0
87,1163b6f9-48f9-4ec6-8aba-927c6e03be46,A11305106,下層,17,657.0
88,1163b6f9-48f9-4ec6-8aba-927c6e03be46,A11305106,下層,18,732.0
89,1163b6f9-48f9-4ec6-8aba-927c6e03be46,A11305106,下層,19,817.0
90,1163b6f9-48f9-4ec6-8aba-927c6e03be46,A11305106,下層,20,903.0
91,1163b6f9-48f9-4ec6-8aba-927c6e03be46,A11305106,下層,21,987.0
92,1163b6f9-48f9-4ec6-8aba-927c6e03be46,A11305106,下層,22,1089.0
93,1163b6f9-48f9-4ec6-8aba-927c6e03be46,A11305106,下層,23,1184.0
94,1163b6f9-48f9-4ec6-8aba-927c6e03be46,A11305106,下層,24,1302.0
95,1163b6f9-48f9-4ec6-8aba-927c6e03be46,A11305106,下層,25,1414.0
96,1163b6f9-48f9-4ec6-8aba-927c6e03be46,A11305106,下層,26,1530.0
97,1163b6f9-48f9-4ec6-8aba-927c6e03be46,A11305106,下層,27,1616.0
98,1163b6f9-48f9-4ec6-8aba-927c6e03be46,A11305106,下層,28,1727.0
99,1163b6f9-48f9-4ec6-8aba-927c6e03be46,A11305106,下層,29,1807.0
100,1163b6f9-48f9-4ec6-8aba-927c6e03be46,A11305106,下層,30,1931.0
101,1163b6f9-48f9-4ec6-8aba-927c6e03be46,A11305106,下層,31,2011.0
104,62c0b26d-85a0-479e-8607-3e7eca0a4fe2,G11211103,上層,0,34.0
105,62c0b26d-85a0-479e-8607-3e7eca0a4fe2,G11211103,上層,1,45.0
106,62c0b26d-85a0-479e-8607-3e7eca0a4fe2,G11211103,上層,2,63.0
107,62c0b26d-85a0-479e-8607-3e7eca0a4fe2,G11211103,上層,3,83.0
108,62c0b26d-85a0-479e-8607-3e7eca0a4fe2,G11211103,上層,4,103.0
109,62c0b26d-85a0-479e-8607-3e7eca0a4fe2,G11211103,上層,5,128.0
110,62c0b26d-85a0-479e-8607-3e7eca0a4fe2,G11211103,上層,6,149.0
111,62c0b26d-85a0-479e-8607-3e7eca0a4fe2,G11211103,上層,7,183.0
112,62c0b26d-85a0-479e-8607-3e7eca0a4fe2,G11211103,上層,8,215.0
113,62c0b26d-85a0-479e-8607-3e7eca0a4fe2,G11211103,上層,9,267.0
114,62c0b26d-85a0-479e-8607-3e7eca0a4fe2,G11211103,上層,10,298.0
115,62c0b26d-85a0-479e-8607-3e7eca0a4fe2,G11211103,上層,11,343.0
116,62c0b26d-85a0-479e-8607-3e7eca0a4fe2,G11211103,上層,12,436.0
117,62c0b26d-85a0-479e-8607-3e7eca0a4fe2,G11211103,上層,13,493.0
118,62c0b26d-85a0-479e-8607-3e7eca0a4fe2,G11211103,上層,14,533.0
119,62c0b26d-85a0-479e-8607-3e7eca0a4fe2,G11211103,上層,15,588.0
120,62c0b26d-85a0-479e-8607-3e7eca0a4fe2,G11211103,上層,16,667.0
121,62c0b26d-85a0-479e-8607-3e7eca0a4fe2,G11211103,上層,17,740.0
122,62c0b26d-85a0-479e-8607-3e7eca0a4fe2,G11211103,上層,18,829.0
123,62c0b26d-85a0-479e-8607-3e7eca0a4fe2,G11211103,上層,19,915.0
124,62c0b26d-85a0-479e-8607-3e7eca0a4fe2,G11211103,上層,20,985.0
125,62c0b26d-85a0-479e-8607-3e7eca0a4fe2,G11211103,上層,21,1010.0
126,62c0b26d-85a0-479e-8607-3e7eca0a4fe2,G11211103,上層,22,1044.0
127,62c0b26d-85a0-479e-8607-3e7eca0a4fe2,G11211103,上層,23,1137.0
128,62c0b26d-85a0-479e-8607-3e7eca0a4fe2,G11211103,上層,24,1226.0
129,62c0b26d-85a0-479e-8607-3e7eca0a4fe2,G11211103,上層,25,1320.0
130,62c0b26d-85a0-479e-8607-3e7eca0a4fe2,G11211103,上層,26,1409.0
131,62c0b26d-85a0-479e-8607-3e7eca0a4fe2,G11211103,上層,27,1519.0
132,62c0b26d-85a0-479e-8607-3e7eca0a4fe2,G11211103,上層,28,1603.0
133,62c0b26d-85a0-479e-8607-3e7eca0a4fe2,G11211103,上層,29,1686.0
134,62c0b26d-85a0-479e-8607-3e7eca0a4fe2,G11211103,上層,30,1803.0
135,62c0b26d-85a0-479e-8607-3e7eca0a4fe2,G11211103,上層,31,1902.0
138,62c0b26d-85a0-479e-8607-3e7eca0a4fe2,G11211103,下層,0,31.0
139,62c0b26d-85a0-479e-8607-3e7eca0a4fe2,G11211103,下層,1,43.0
140,62c0b26d-85a0-479e-8607-3e7eca0a4fe2,G11211103,下層,2,60.0
141,62c0b26d-85a0-479e-8607-3e7eca0a4fe2,G11211103,下層,3,82.0
142,62c0b26d-85a0-479e-8607-3e7eca0a4fe2,G11211103,下層,4,119.0
143,62c0b26d-85a0-479e-8607-3e7eca0a4fe2,G11211103,下層,5,137.0
144,62c0b26d-85a0-479e-8607-3e7eca0a4fe2,G11211103,下層,6,157.0
145,62c0b26d-85a0-479e-8607-3e7eca0a4fe2,G11211103,下層,7,190.0
146,62c0b26d-85a0-479e-8607-3e7eca0a4fe2,G11211103,下層,8,216.0
147,62c0b26d-85a0-479e-8607-3e7eca0a4fe2,G11211103,下層,9,262.0
148,62c0b26d-85a0-479e-8607-3e7eca0a4fe2,G11211103,下層,10,295.0
149,62c0b26d-85a0-479e-8607-3e7eca0a4fe2,G11211103,下層,11,348.0
150,62c0b26d-85a0-479e-8607-3e7eca0a4fe2,G11211103,下層,12,407.0
151,62c0b26d-85a0-479e-8607-3e7eca0a4fe2,G11211103,下層,13,474.0
152,62c0b26d-85a0-479e-8607-3e7eca0a4fe2,G11211103,下層,14,569.0
153,62c0b26d-85a0-479e-8607-3e7eca0a4fe2,G11211103,下層,15,602.0
154,62c0b26d-85a0-479e-8607-3e7eca0a4fe2,G11211103,下層,16,674.0
155,62c0b26d-85a0-479e-8607-3e7eca0a4fe2,G11211103,下層,17,752.0
156,62c0b26d-85a0-479e-8607-3e7eca0a4fe2,G11211103,下層,18,825.0
157,62c0b26d-85a0-479e-8607-3e7eca0a4fe2,G11211103,下層,19,906.0
158,62c0b26d-85a0-479e-8607-3e7eca0a4fe2,G11211103,下層,20,997.0
159,62c0b26d-85a0-479e-8607-3e7eca0a4fe2,G11211103,下層,21,1058.0
160,62c0b26d-85a0-479e-8607-3e7eca0a4fe2,G11211103,下層,22,1039.0
161,62c0b26d-85a0-479e-8607-3e7eca0a4fe2,G11211103,下層,23,1124.0
162,62c0b26d-85a0-479e-8607-3e7eca0a4fe2,G11211103,下層,24,1210.0
163,62c0b26d-85a0-479e-8607-3e7eca0a4fe2,G11211103,下層,25,1318.0
164,62c0b26d-85a0-479e-8607-3e7eca0a4fe2,G11211103,下層,26,1394.0
165,62c0b26d-85a0-479e-8607-3e7eca0a4fe2,G11211103,下層,27,1502.0
166,62c0b26d-85a0-479e-8607-3e7eca0a4fe2,G11211103,下層,28,1597.0
167,62c0b26d-85a0-479e-8607-3e7eca0a4fe2,G11211103,下層,29,1661.0
168,62c0b26d-85a0-479e-8607-3e7eca0a4fe2,G11211103,下層,30,1778.0
169,62c0b26d-85a0-479e-8607-3e7eca0a4fe2,G11211103,下層,31,1905.0
172,a1e231c6-87ab-43fa-9047-e292b19f146d,G11212101,上層,0,38.0
173,a1e231c6-87ab-43fa-9047-e292b19f146d,G11212101,上層,1,45.0
174,a1e231c6-87ab-43fa-9047-e292b19f146d,G11212101,上層,2,53.0
175,a1e231c6-87ab-43fa-9047-e292b19f146d,G11212101,上層,3,63.0
176,a1e231c6-87ab-43fa-9047-e292b19f146d,G11212101,上層,4,78.0
177,a1e231c6-87ab-43fa-9047-e292b19f146d,G11212101,上層,5,98.0
178,a1e231c6-87ab-43fa-9047-e292b19f146d,G11212101,上層,6,124.0
179,a1e231c6-87ab-43fa-9047-e292b19f146d,G11212101,上層,7,167.0
180,a1e231c6-87ab-43fa-9047-e292b19f146d,G11212101,上層,8,205.0
181,a1e231c6-87ab-43fa-9047-e292b19f146d,G11212101,上層,9,249.0
182,a1e231c6-87ab-43fa-9047-e292b19f146d,G11212101,上層,10,287.0
183,a1e231c6-87ab-43fa-9047-e292b19f146d,G11212101,上層,11,329.0
184,a1e231c6-87ab-43fa-9047-e292b19f146d,G11212101,上層,12,430.0
185,a1e231c6-87ab-43fa-9047-e292b19f146d,G11212101,上層,13,513.0
186,a1e231c6-87ab-43fa-9047-e292b19f146d,G11212101,上層,14,499.0
187,a1e231c6-87ab-43fa-9047-e292b19f146d,G11212101,上層,15,575.0
188,a1e231c6-87ab-43fa-9047-e292b19f146d,G11212101,上層,16,648.0
189,a1e231c6-87ab-43fa-9047-e292b19f146d,G11212101,上層,17,719.0
190,a1e231c6-87ab-43fa-9047-e292b19f146d,G11212101,上層,18,799.0
191,a1e231c6-87ab-43fa-9047-e292b19f146d,G11212101,上層,19,886.0
192,a1e231c6-87ab-43fa-9047-e292b19f146d,G11212101,上層,20,988.0
193,a1e231c6-87ab-43fa-9047-e292b19f146d,G11212101,上層,21,1069.0
194,a1e231c6-87ab-43fa-9047-e292b19f146d,G11212101,上層,22,1178.0
195,a1e231c6-87ab-43fa-9047-e292b19f146d,G11212101,上層,23,1295.0
196,a1e231c6-87ab-43fa-9047-e292b19f146d,G11212101,上層,24,1393.0
197,a1e231c6-87ab-43fa-9047-e292b19f146d,G11212101,上層,25,1497.0
198,a1e231c6-87ab-43fa-9047-e292b19f146d,G11212101,上層,26,1571.0
199,a1e231c6-87ab-43fa-9047-e292b19f146d,G11212101,上層,27,1719.0
200,a1e231c6-87ab-43fa-9047-e292b19f146d,G11212101,上層,28,1793.0
201,a1e231c6-87ab-43fa-9047-e292b19f146d,G11212101,上層,29,1894.0
202,a1e231c6-87ab-43fa-9047-e292b19f146d,G11212101,上層,30,1981.0
203,a1e231c6-87ab-43fa-9047-e292b19f146d,G11212101,上層,31,2116.0
205,a1e231c6-87ab-43fa-9047-e292b19f146d,G11212101,下層,0,38.0
206,a1e231c6-87ab-43fa-9047-e292b19f146d,G11212101,下層,1,48.0
207,a1e231c6-87ab-43fa-9047-e292b19f146d,G11212101,下層,2,65.0
208,a1e231c6-87ab-43fa-9047-e292b19f146d,G11212101,下層,3,89.0
209,a1e231c6-87ab-43fa-9047-e292b19f146d,G11212101,下層,4,136.0
210,a1e231c6-87ab-43fa-9047-e292b19f146d,G11212101,下層,5,168.0
211,a1e231c6-87ab-43fa-9047-e292b19f146d,G11212101,下層,6,206.0
212,a1e231c6-87ab-43fa-9047-e292b19f146d,G11212101,下層,7,218.0
213,a1e231c6-87ab-43fa-9047-e292b19f146d,G11212101,下層,8,242.0
214,a1e231c6-87ab-43fa-9047-e292b19f146d,G11212101,下層,9,285.0
215,a1e231c6-87ab-43fa-9047-e292b19f146d,G11212101,下層,10,338.0
216,a1e231c6-87ab-43fa-9047-e292b19f146d,G11212101,下層,11,409.0
217,a1e231c6-87ab-43fa-9047-e292b19f146d,G11212101,下層,12,422.0
218,a1e231c6-87ab-43fa-9047-e292b19f146d,G11212101,下層,13,485.0
219,a1e231c6-87ab-43fa-9047-e292b19f146d,G11212101,下層,14,504.0
220,a1e231c6-87ab-43fa-9047-e292b19f146d,G11212101,下層,15,566.0
221,a1e231c6-87ab-43fa-9047-e292b19f146d,G11212101,下層,16,617.0
222,a1e231c6-87ab-43fa-9047-e292b19f146d,G11212101,下層,17,704.0
223,a1e231c6-87ab-43fa-9047-e292b19f146d,G11212101,下層,18,773.0
224,a1e231c6-87ab-43fa-9047-e292b19f146d,G11212101,下層,19,839.0
225,a1e231c6-87ab-43fa-9047-e292b19f146d,G11212101,下層,20,940.0
226,a1e231c6-87ab-43fa-9047-e292b19f146d,G11212101,下層,21,1012.0
227,a1e231c6-87ab-43fa-9047-e292b19f146d,G11212101,下層,22,1105.0
228,a1e231c6-87ab-43fa-9047-e292b19f146d,G11212101,下層,23,1189.0
229,a1e231c6-87ab-43fa-9047-e292b19f146d,G11212101,下層,24,1276.0
230,a1e231c6-87ab-43fa-9047-e292b19f146d,G11212101,下層,25,1369.0
231,a1e231c6-87ab-43fa-9047-e292b19f146d,G11212101,下層,26,1471.0
232,a1e231c6-87ab-43fa-9047-e292b19f146d,G11212101,下層,27,1517.0
233,a1e231c6-87ab-43fa-9047-e292b19f146d,G11212101,下層,28,1614.0
234,a1e231c6-87ab-43fa-9047-e292b19f146d,G11212101,下層,29,1738.0
235,a1e231c6-87ab-43fa-9047-e292b19f146d,G11212101,下層,30,1828.0
236,a1e231c6-87ab-43fa-9047-e292b19f146d,G11212101,下層,31,1881.0
239,f5db36da-e119-40db-923f-0e06f6ab5a2c,G11212102,A棟上層,0,33.0
240,f5db36da-e119-40db-923f-0e06f6ab5a2c,G11212102,A棟上層,1,35.0
241,f5db36da-e119-40db-923f-0e06f6ab5a2c,G11212102,A棟上層,2,38.0
242,f5db36da-e119-40db-923f-0e06f6ab5a2c,G11212102,A棟上層,3,45.0
243,f5db36da-e119-40db-923f-0e06f6ab5a2c,G11212102,A棟上層,4,73.0
244,f5db36da-e119-40db-923f-0e06f6ab5a2c,G11212102,A棟上層,5,113.0
245,f5db36da-e119-40db-923f-0e06f6ab5a2c,G11212102,A棟上層,6,147.0
246,f5db36da-e119-40db-923f-0e06f6ab5a2c,G11212102,A棟上層,7,176.0
247,f5db36da-e119-40db-923f-0e06f6ab5a2c,G11212102,A棟上層,8,216.0
248,f5db36da-e119-40db-923f-0e06f6ab5a2c,G11212102,A棟上層,9,259.0
249,f5db36da-e119-40db-923f-0e06f6ab5a2c,G11212102,A棟上層,10,314.0
250,f5db36da-e119-40db-923f-0e06f6ab5a2c,G11212102,A棟上層,11,390.0
251,f5db36da-e119-40db-923f-0e06f6ab5a2c,G11212102,A棟上層,12,451.0
252,f5db36da-e119-40db-923f-0e06f6ab5a2c,G11212102,A棟上層,13,540.0
253,f5db36da-e119-40db-923f-0e06f6ab5a2c,G11212102,A棟上層,14,587.0
254,f5db36da-e119-40db-923f-0e06f6ab5a2c,G11212102,A棟上層,15,649.0
255,f5db36da-e119-40db-923f-0e06f6ab5a2c,G11212102,A棟上層,16,736.0
256,f5db36da-e119-40db-923f-0e06f6ab5a2c,G11212102,A棟上層,17,804.0
257,f5db36da-e119-40db-923f-0e06f6ab5a2c,G11212102,A棟上層,18,913.0
258,f5db36da-e119-40db-923f-0e06f6ab5a2c,G11212102,A棟上層,19,997.0
259,f5db36da-e119-40db-923f-0e06f6ab5a2c,G11212102,A棟上層,20,1123.0
260,f5db36da-e119-40db-923f-0e06f6ab5a2c,G11212102,A棟上層,21,1210.0
261,f5db36da-e119-40db-923f-0e06f6ab5a2c,G11212102,A棟上層,22,1278.0
262,f5db36da-e119-40db-923f-0e06f6ab5a2c,G11212102,A棟上層,23,1409.0
263,f5db36da-e119-40db-923f-0e06f6ab5a2c,G11212102,A棟上層,24,1523.0
264,f5db36da-e119-40db-923f-0e06f6ab5a2c,G11212102,A棟上層,25,1589.0
265,f5db36da-e119-40db-923f-0e06f6ab5a2c,G11212102,A棟上層,26,1730.0
266,f5db36da-e119-40db-923f-0e06f6ab5a2c,G11212102,A棟上層,27,1671.0
267,f5db36da-e119-40db-923f-0e06f6ab5a2c,G11212102,A棟上層,28,1775.0
268,f5db36da-e119-40db-923f-0e06f6ab5a2c,G11212102,A棟上層,29,1824.0
269,f5db36da-e119-40db-923f-0e06f6ab5a2c,G11212102,A棟上層,30,1902.0
270,f5db36da-e119-40db-923f-0e06f6ab5a2c,G11212102,A棟上層,31,1957.0
273,f5db36da-e119-40db-923f-0e06f6ab5a2c,G11212102,A棟下層,0,38.0
274,f5db36da-e119-40db-923f-0e06f6ab5a2c,G11212102,A棟下層,1,52.0
275,f5db36da-e119-40db-923f-0e06f6ab5a2c,G11212102,A棟下層,2,65.0
276,f5db36da-e119-40db-923f-0e06f6ab5a2c,G11212102,A棟下層,3,98.0
277,f5db36da-e119-40db-923f-0e06f6ab5a2c,G11212102,A棟下層,4,109.0
278,f5db36da-e119-40db-923f-0e06f6ab5a2c,G11212102,A棟下層,5,127.0
279,f5db36da-e119-40db-923f-0e06f6ab5a2c,G11212102,A棟下層,6,161.0
280,f5db36da-e119-40db-923f-0e06f6ab5a2c,G11212102,A棟下層,7,194.0
281,f5db36da-e119-40db-923f-0e06f6ab5a2c,G11212102,A棟下層,8,231.0
282,f5db36da-e119-40db-923f-0e06f6ab5a2c,G11212102,A棟下層,9,274.0
283,f5db36da-e119-40db-923f-0e06f6ab5a2c,G11212102,A棟下層,10,319.0
284,f5db36da-e119-40db-923f-0e06f6ab5a2c,G11212102,A棟下層,11,378.0
285,f5db36da-e119-40db-923f-0e06f6ab5a2c,G11212102,A棟下層,12,451.0
286,f5db36da-e119-40db-923f-0e06f6ab5a2c,G11212102,A棟下層,13,570.0
287,f5db36da-e119-40db-923f-0e06f6ab5a2c,G11212102,A棟下層,14,673.0
288,f5db36da-e119-40db-923f-0e06f6ab5a2c,G11212102,A棟下層,15,750.0
289,f5db36da-e119-40db-923f-0e06f6ab5a2c,G11212102,A棟下層,16,812.0
290,f5db36da-e119-40db-923f-0e06f6ab5a2c,G11212102,A棟下層,17,912.0
291,f5db36da-e119-40db-923f-0e06f6ab5a2c,G11212102,A棟下層,18,1001.0
292,f5db36da-e119-40db-923f-0e06f6ab5a2c,G11212102,A棟下層,19,1176.0
293,f5db36da-e119-40db-923f-0e06f6ab5a2c,G11212102,A棟下層,20,1197.0
294,f5db36da-e119-40db-923f-0e06f6ab5a2c,G11212102,A棟下層,21,1278.0
295,f5db36da-e119-40db-923f-0e06f6ab5a2c,G11212102,A棟下層,22,1381.0
296,f5db36da-e119-40db-923f-0e06f6ab5a2c,G11212102,A棟下層,23,1472.0
297,f5db36da-e119-40db-923f-0e06f6ab5a2c,G11212102,A棟下層,24,1593.0
298,f5db36da-e119-40db-923f-0e06f6ab5a2c,G11212102,A棟下層,25,1703.0
299,f5db36da-e119-40db-923f-0e06f6ab5a2c,G11212102,A棟下層,26,1784.0
300,f5db36da-e119-40db-923f-0e06f6ab5a2c,G11212102,A棟下層,27,1659.0
301,f5db36da-e119-40db-923f-0e06f6ab5a2c,G11212102,A棟下層,28,1729.0
302,f5db36da-e119-40db-923f-0e06f6ab5a2c,G11212102,A棟下層,29,1853.0
303,f5db36da-e119-40db-923f-0e06f6ab5a2c,G11212102,A棟下層,30,1924.0
304,f5db36da-e119-40db-923f-0e06f6ab5a2c,G11212102,A棟下層,31,2022.0
307,f5db36da-e119-40db-923f-0e06f6ab5a2c,G11212102,B棟上層,0,42.0
308,f5db36da-e119-40db-923f-0e06f6ab5a2c,G11212102,B棟上層,1,65.0
309,f5db36da-e119-40db-923f-0e06f6ab5a2c,G11212102,B棟上層,2,38.0
310,f5db36da-e119-40db-923f-0e06f6ab5a2c,G11212102,B棟上層,3,53.0
311,f5db36da-e119-40db-923f-0e06f6ab5a2c,G11212102,B棟上層,4,68.0
312,f5db36da-e119-40db-923f-0e06f6ab5a2c,G11212102,B棟上層,5,145.0
313,f5db36da-e119-40db-923f-0e06f6ab5a2c,G11212102,B棟上層,6,175.0
314,f5db36da-e119-40db-923f-0e06f6ab5a2c,G11212102,B棟上層,7,146.0
315,f5db36da-e119-40db-923f-0e06f6ab5a2c,G11212102,B棟上層,8,182.0
316,f5db36da-e119-40db-923f-0e06f6ab5a2c,G11212102,B棟上層,9,274.0
317,f5db36da-e119-40db-923f-0e06f6ab5a2c,G11212102,B棟上層,10,327.0
318,f5db36da-e119-40db-923f-0e06f6ab5a2c,G11212102,B棟上層,11,405.0
319,f5db36da-e119-40db-923f-0e06f6ab5a2c,G11212102,B棟上層,12,481.0
320,f5db36da-e119-40db-923f-0e06f6ab5a2c,G11212102,B棟上層,13,535.0
321,f5db36da-e119-40db-923f-0e06f6ab5a2c,G11212102,B棟上層,14,521.0
322,f5db36da-e119-40db-923f-0e06f6ab5a2c,G11212102,B棟上層,15,592.0
323,f5db36da-e119-40db-923f-0e06f6ab5a2c,G11212102,B棟上層,16,680.0
324,f5db36da-e119-40db-923f-0e06f6ab5a2c,G11212102,B棟上層,17,757.0
325,f5db36da-e119-40db-923f-0e06f6ab5a2c,G11212102,B棟上層,18,855.0
326,f5db36da-e119-40db-923f-0e06f6ab5a2c,G11212102,B棟上層,19,928.0
327,f5db36da-e119-40db-923f-0e06f6ab5a2c,G11212102,B棟上層,20,1070.0
328,f5db36da-e119-40db-923f-0e06f6ab5a2c,G11212102,B棟上層,21,1146.0
329,f5db36da-e119-40db-923f-0e06f6ab5a2c,G11212102,B棟上層,22,1259.0
330,f5db36da-e119-40db-923f-0e06f6ab5a2c,G11212102,B棟上層,23,1367.0
331,f5db36da-e119-40db-923f-0e06f6ab5a2c,G11212102,B棟上層,24,1492.0
332,f5db36da-e119-40db-923f-0e06f6ab5a2c,G11212102,B棟上層,25,1609.0
333,f5db36da-e119-40db-923f-0e06f6ab5a2c,G11212102,B棟上層,26,1698.0
334,f5db36da-e119-40db-923f-0e06f6ab5a2c,G11212102,B棟上層,27,1712.0
335,f5db36da-e119-40db-923f-0e06f6ab5a2c,G11212102,B棟上層,28,1835.0
336,f5db36da-e119-40db-923f-0e06f6ab5a2c,G11212102,B棟上層,29,1911.0
337,f5db36da-e119-40db-923f-0e06f6ab5a2c,G11212102,B棟上層,30,2033.0
338,f5db36da-e119-40db-923f-0e06f6ab5a2c,G11212102,B棟上層,31,2157.0
341,f5db36da-e119-40db-923f-0e06f6ab5a2c,G11212102,B棟下層,0,37.0
342,f5db36da-e119-40db-923f-0e06f6ab5a2c,G11212102,B棟下層,1,48.0
343,f5db36da-e119-40db-923f-0e06f6ab5a2c,G11212102,B棟下層,2,56.0
344,f5db36da-e119-40db-923f-0e06f6ab5a2c,G11212102,B棟下層,3,60.0
345,f5db36da-e119-40db-923f-0e06f6ab5a2c,G11212102,B棟下層,4,52.0
346,f5db36da-e119-40db-923f-0e06f6ab5a2c,G11212102,B棟下層,5,96.0
347,f5db36da-e119-40db-923f-0e06f6ab5a2c,G11212102,B棟下層,6,147.0
348,f5db36da-e119-40db-923f-0e06f6ab5a2c,G11212102,B棟下層,7,183.0
349,f5db36da-e119-40db-923f-0e06f6ab5a2c,G11212102,B棟下層,8,230.0
350,f5db36da-e119-40db-923f-0e06f6ab5a2c,G11212102,B棟下層,9,274.0
351,f5db36da-e119-40db-923f-0e06f6ab5a2c,G11212102,B棟下層,10,323.0
352,f5db36da-e119-40db-923f-0e06f6ab5a2c,G11212102,B棟下層,11,378.0
353,f5db36da-e119-40db-923f-0e06f6ab5a2c,G11212102,B棟下層,12,471.0
354,f5db36da-e119-40db-923f-0e06f6ab5a2c,G11212102,B棟下層,13,538.0
355,f5db36da-e119-40db-923f-0e06f6ab5a2c,G11212102,B棟下層,14,631.0
356,f5db36da-e119-40db-923f-0e06f6ab5a2c,G11212102,B棟下層,15,696.0
357,f5db36da-e119-40db-923f-0e06f6ab5a2c,G11212102,B棟下層,16,747.0
358,f5db36da-e119-40db-923f-0e06f6ab5a2c,G11212102,B棟下層,17,820.0
359,f5db36da-e119-40db-923f-0e06f6ab5a2c,G11212102,B棟下層,18,925.0
360,f5db36da-e119-40db-923f-0e06f6ab5a2c,G11212102,B棟下層,19,1013.0
361,f5db36da-e119-40db-923f-0e06f6ab5a2c,G11212102,B棟下層,20,1109.0
362,f5db36da-e119-40db-923f-0e06f6ab5a2c,G11212102,B棟下層,21,1215.0
363,f5db36da-e119-40db-923f-0e06f6ab5a2c,G11212102,B棟下層,22,1330.0
364,f5db36da-e119-40db-923f-0e06f6ab5a2c,G11212102,B棟下層,23,1400.0
365,f5db36da-e119-40db-923f-0e06f6ab5a2c,G11212102,B棟下層,24,1524.0
366,f5db36da-e119-40db-923f-0e06f6ab5a2c,G11212102,B棟下層,25,1611.0
367,f5db36da-e119-40db-923f-0e06f6ab5a2c,G11212102,B棟下層,26,1721.0
368,f5db36da-e119-40db-923f-0e06f6ab5a2c,G11212102,B棟下層,27,1610.0
369,f5db36da-e119-40db-923f-0e06f6ab5a2c,G11212102,B棟下層,28,1687.0
370,f5db36da-e119-40db-923f-0e06f6ab5a2c,G11212102,B棟下層,29,1761.0
371,f5db36da-e119-40db-923f-0e06f6ab5a2c,G11212102,B棟下層,30,1887.0
372,f5db36da-e119-40db-923f-0e06f6ab5a2c,G11212102,B棟下層,31,1952.0
375,8dd6be99-8c1c-427c-82dc-226189dc8b92,G11212103,A棟,0,30.0
376,8dd6be99-8c1c-427c-82dc-226189dc8b92,G11212103,A棟,1,22.0
377,8dd6be99-8c1c-427c-82dc-226189dc8b92,G11212103,A棟,2,28.0
378,8dd6be99-8c1c-427c-82dc-226189dc8b92,G11212103,A棟,3,40.0
379,8dd6be99-8c1c-427c-82dc-226189dc8b92,G11212103,A棟,4,65.0
380,8dd6be99-8c1c-427c-82dc-226189dc8b92,G11212103,A棟,5,100.0
381,8dd6be99-8c1c-427c-82dc-226189dc8b92,G11212103,A棟,6,136.0
382,8dd6be99-8c1c-427c-82dc-226189dc8b92,G11212103,A棟,7,181.0
383,8dd6be99-8c1c-427c-82dc-226189dc8b92,G11212103,A棟,8,232.0
384,8dd6be99-8c1c-427c-82dc-226189dc8b92,G11212103,A棟,9,272.0
385,8dd6be99-8c1c-427c-82dc-226189dc8b92,G11212103,A棟,10,320.0
386,8dd6be99-8c1c-427c-82dc-226189dc8b92,G11212103,A棟,11,359.0
387,8dd6be99-8c1c-427c-82dc-226189dc8b92,G11212103,A棟,12,394.0
388,8dd6be99-8c1c-427c-82dc-226189dc8b92,G11212103,A棟,13,444.0
389,8dd6be99-8c1c-427c-82dc-226189dc8b92,G11212103,A棟,14,499.0
390,8dd6be99-8c1c-427c-82dc-226189dc8b92,G11212103,A棟,15,562.0
391,8dd6be99-8c1c-427c-82dc-226189dc8b92,G11212103,A棟,16,630.0
392,8dd6be99-8c1c-427c-82dc-226189dc8b92,G11212103,A棟,17,705.0
393,8dd6be99-8c1c-427c-82dc-226189dc8b92,G11212103,A棟,18,781.0
394,8dd6be99-8c1c-427c-82dc-226189dc8b92,G11212103,A棟,19,870.0
395,8dd6be99-8c1c-427c-82dc-226189dc8b92,G11212103,A棟,20,918.0
396,8dd6be99-8c1c-427c-82dc-226189dc8b92,G11212103,A棟,21,978.0
397,8dd6be99-8c1c-427c-82dc-226189dc8b92,G11212103,A棟,22,1067.0
398,8dd6be99-8c1c-427c-82dc-226189dc8b92,G11212103,A棟,23,1155.0
399,8dd6be99-8c1c-427c-82dc-226189dc8b92,G11212103,A棟,24,1268.0
400,8dd6be99-8c1c-427c-82dc-226189dc8b92,G11212103,A棟,25,1358.0
401,8dd6be99-8c1c-427c-82dc-226189dc8b92,G11212103,A棟,26,1458.0
402,8dd6be99-8c1c-427c-82dc-226189dc8b92,G11212103,A棟,27,1584.0
403,8dd6be99-8c1c-427c-82dc-226189dc8b92,G11212103,A棟,28,1662.0
404,8dd6be99-8c1c-427c-82dc-226189dc8b92,G11212103,A棟,29,1768.0
405,8dd6be99-8c1c-427c-82dc-226189dc8b92,G11212103,A棟,30,1833.0
406,8dd6be99-8c1c-427c-82dc-226189dc8b92,G11212103,A棟,31,1955.0
409,8dd6be99-8c1c-427c-82dc-226189dc8b92,G11212103,B棟,0,30.0
410,8dd6be99-8c1c-427c-82dc-226189dc8b92,G11212103,B棟,1,35.0
411,8dd6be99-8c1c-427c-82dc-226189dc8b92,G11212103,B棟,2,42.0
412,8dd6be99-8c1c-427c-82dc-226189dc8b92,G11212103,B棟,3,58.0
413,8dd6be99-8c1c-427c-82dc-226189dc8b92,G11212103,B棟,4,79.0
414,8dd6be99-8c1c-427c-82dc-226189dc8b92,G11212103,B棟,5,113.0
415,8dd6be99-8c1c-427c-82dc-226189dc8b92,G11212103,B棟,6,163.0
416,8dd6be99-8c1c-427c-82dc-226189dc8b92,G11212103,B棟,7,206.0
417,8dd6be99-8c1c-427c-82dc-226189dc8b92,G11212103,B棟,8,249.0
418,8dd6be99-8c1c-427c-82dc-226189dc8b92,G11212103,B棟,9,301.0
419,8dd6be99-8c1c-427c-82dc-226189dc8b92,G11212103,B棟,10,316.0
420,8dd6be99-8c1c-427c-82dc-226189dc8b92,G11212103,B棟,11,341.0
421,8dd6be99-8c1c-427c-82dc-226189dc8b92,G11212103,B棟,12,388.0
422,8dd6be99-8c1c-427c-82dc-226189dc8b92,G11212103,B棟,13,456.0
423,8dd6be99-8c1c-427c-82dc-226189dc8b92,G11212103,B棟,14,519.0
424,8dd6be99-8c1c-427c-82dc-226189dc8b92,G11212103,B棟,15,590.0
425,8dd6be99-8c1c-427c-82dc-226189dc8b92,G11212103,B棟,16,658.0
426,8dd6be99-8c1c-427c-82dc-226189dc8b92,G11212103,B棟,17,729.0
427,8dd6be99-8c1c-427c-82dc-226189dc8b92,G11212103,B棟,18,792.0
428,8dd6be99-8c1c-427c-82dc-226189dc8b92,G11212103,B棟,19,874.0
429,8dd6be99-8c1c-427c-82dc-226189dc8b92,G11212103,B棟,20,911.0
430,8dd6be99-8c1c-427c-82dc-226189dc8b92,G11212103,B棟,21,967.0
431,8dd6be99-8c1c-427c-82dc-226189dc8b92,G11212103,B棟,22,1056.0
432,8dd6be99-8c1c-427c-82dc-226189dc8b92,G11212103,B棟,23,1158.0
433,8dd6be99-8c1c-427c-82dc-226189dc8b92,G11212103,B棟,24,1230.0
434,8dd6be99-8c1c-427c-82dc-226189dc8b92,G11212103,B棟,25,1336.0
435,8dd6be99-8c1c-427c-82dc-226189dc8b92,G11212103,B棟,26,1420.0
436,8dd6be99-8c1c-427c-82dc-226189dc8b92,G11212103,B棟,27,1529.0
437,8dd6be99-8c1c-427c-82dc-226189dc8b92,G11212103,B棟,28,1645.0
438,8dd6be99-8c1c-427c-82dc-226189dc8b92,G11212103,B棟,29,1762.0
439,8dd6be99-8c1c-427c-82dc-226189dc8b92,G11212103,B棟,30,1859.0
440,8dd6be99-8c1c-427c-82dc-226189dc8b92,G11212103,B棟,31,1955.0
443,8dd6be99-8c1c-427c-82dc-226189dc8b92,G11212103,C棟,0,20.0
444,8dd6be99-8c1c-427c-82dc-226189dc8b92,G11212103,C棟,1,34.0
445,8dd6be99-8c1c-427c-82dc-226189dc8b92,G11212103,C棟,2,41.0
446,8dd6be99-8c1c-427c-82dc-226189dc8b92,G11212103,C棟,3,52.0
447,8dd6be99-8c1c-427c-82dc-226189dc8b92,G11212103,C棟,4,69.0
448,8dd6be99-8c1c-427c-82dc-226189dc8b92,G11212103,C棟,5,102.0
449,8dd6be99-8c1c-427c-82dc-226189dc8b92,G11212103,C棟,6,134.0
450,8dd6be99-8c1c-427c-82dc-226189dc8b92,G11212103,C棟,7,166.0
451,8dd6be99-8c1c-427c-82dc-226189dc8b92,G11212103,C棟,8,211.0
452,8dd6be99-8c1c-427c-82dc-226189dc8b92,G11212103,C棟,9,222.0
453,8dd6be99-8c1c-427c-82dc-226189dc8b92,G11212103,C棟,10,263.0
454,8dd6be99-8c1c-427c-82dc-226189dc8b92,G11212103,C棟,11,313.0
455,8dd6be99-8c1c-427c-82dc-226189dc8b92,G11212103,C棟,12,371.0
456,8dd6be99-8c1c-427c-82dc-226189dc8b92,G11212103,C棟,13,436.0
457,8dd6be99-8c1c-427c-82dc-226189dc8b92,G11212103,C棟,14,497.0
458,8dd6be99-8c1c-427c-82dc-226189dc8b92,G11212103,C棟,15,562.0
459,8dd6be99-8c1c-427c-82dc-226189dc8b92,G11212103,C棟,16,640.0
460,8dd6be99-8c1c-427c-82dc-226189dc8b92,G11212103,C棟,17,731.0
461,8dd6be99-8c1c-427c-82dc-226189dc8b92,G11212103,C棟,18,804.0
462,8dd6be99-8c1c-427c-82dc-226189dc8b92,G11212103,C棟,19,872.0
463,8dd6be99-8c1c-427c-82dc-226189dc8b92,G11212103,C棟,20,930.0
464,8dd6be99-8c1c-427c-82dc-226189dc8b92,G11212103,C棟,21,1008.0
465,8dd6be99-8c1c-427c-82dc-226189dc8b92,G11212103,C棟,22,1083.0
466,8dd6be99-8c1c-427c-82dc-226189dc8b92,G11212103,C棟,23,1164.0
467,8dd6be99-8c1c-427c-82dc-226189dc8b92,G11212103,C棟,24,1275.0
468,8dd6be99-8c1c-427c-82dc-226189dc8b92,G11212103,C棟,25,1363.0
469,8dd6be99-8c1c-427c-82dc-226189dc8b92,G11212103,C棟,26,1445.0
470,8dd6be99-8c1c-427c-82dc-226189dc8b92,G11212103,C棟,27,1556.0
471,8dd6be99-8c1c-427c-82dc-226189dc8b92,G11212103,C棟,28,1649.0
472,8dd6be99-8c1c-427c-82dc-226189dc8b92,G11212103,C棟,29,1745.0
473,8dd6be99-8c1c-427c-82dc-226189dc8b92,G11212103,C棟,30,1833.0
474,8dd6be99-8c1c-427c-82dc-226189dc8b92,G11212103,C棟,31,1929.0
477,bf03e764-50bb-4e45-a670-ce10271d6626,G11212104,仁德廠,0,42.0
478,bf03e764-50bb-4e45-a670-ce10271d6626,G11212104,仁德廠,1,48.0
479,bf03e764-50bb-4e45-a670-ce10271d6626,G11212104,仁德廠,2,60.0
480,bf03e764-50bb-4e45-a670-ce10271d6626,G11212104,仁德廠,3,75.0
481,bf03e764-50bb-4e45-a670-ce10271d6626,G11212104,仁德廠,4,76.0
482,bf03e764-50bb-4e45-a670-ce10271d6626,G11212104,仁德廠,5,105.0
483,bf03e764-50bb-4e45-a670-ce10271d6626,G11212104,仁德廠,6,155.0
484,bf03e764-50bb-4e45-a670-ce10271d6626,G11212104,仁德廠,7,193.0
485,bf03e764-50bb-4e45-a670-ce10271d6626,G11212104,仁德廠,8,255.0
486,bf03e764-50bb-4e45-a670-ce10271d6626,G11212104,仁德廠,9,288.0
487,bf03e764-50bb-4e45-a670-ce10271d6626,G11212104,仁德廠,10,333.0
488,bf03e764-50bb-4e45-a670-ce10271d6626,G11212104,仁德廠,11,379.0
489,bf03e764-50bb-4e45-a670-ce10271d6626,G11212104,仁德廠,12,459.0
490,bf03e764-50bb-4e45-a670-ce10271d6626,G11212104,仁德廠,13,555.0
491,bf03e764-50bb-4e45-a670-ce10271d6626,G11212104,仁德廠,14,503.0
492,bf03e764-50bb-4e45-a670-ce10271d6626,G11212104,仁德廠,15,568.0
493,bf03e764-50bb-4e45-a670-ce10271d6626,G11212104,仁德廠,16,661.0
494,bf03e764-50bb-4e45-a670-ce10271d6626,G11212104,仁德廠,17,766.0
495,bf03e764-50bb-4e45-a670-ce10271d6626,G11212104,仁德廠,18,831.0
496,bf03e764-50bb-4e45-a670-ce10271d6626,G11212104,仁德廠,19,814.0
497,bf03e764-50bb-4e45-a670-ce10271d6626,G11212104,仁德廠,20,884.0
498,bf03e764-50bb-4e45-a670-ce10271d6626,G11212104,仁德廠,21,967.0
499,bf03e764-50bb-4e45-a670-ce10271d6626,G11212104,仁德廠,22,1029.0
500,bf03e764-50bb-4e45-a670-ce10271d6626,G11212104,仁德廠,23,1099.0
501,bf03e764-50bb-4e45-a670-ce10271d6626,G11212104,仁德廠,24,1217.0
502,bf03e764-50bb-4e45-a670-ce10271d6626,G11212104,仁德廠,25,1323.0
503,bf03e764-50bb-4e45-a670-ce10271d6626,G11212104,仁德廠,26,1398.0
504,bf03e764-50bb-4e45-a670-ce10271d6626,G11212104,仁德廠,27,1535.0
505,bf03e764-50bb-4e45-a670-ce10271d6626,G11212104,仁德廠,28,1569.0
506,bf03e764-50bb-4e45-a670-ce10271d6626,G11212104,仁德廠,29,1683.0
507,bf03e764-50bb-4e45-a670-ce10271d6626,G11212104,仁德廠,30,1752.0
508,bf03e764-50bb-4e45-a670-ce10271d6626,G11212104,仁德廠,31,1900.0
511,e8728b72-d138-49df-b469-1eafd2edd182,G11212105,中棟,0,35.0
512,e8728b72-d138-49df-b469-1eafd2edd182,G11212105,中棟,1,44.0
513,e8728b72-d138-49df-b469-1eafd2edd182,G11212105,中棟,2,66.0
514,e8728b72-d138-49df-b469-1eafd2edd182,G11212105,中棟,3,88.0
515,e8728b72-d138-49df-b469-1eafd2edd182,G11212105,中棟,4,119.0
516,e8728b72-d138-49df-b469-1eafd2edd182,G11212105,中棟,5,175.0
517,e8728b72-d138-49df-b469-1eafd2edd182,G11212105,中棟,6,239.0
518,e8728b72-d138-49df-b469-1eafd2edd182,G11212105,中棟,7,238.0
519,e8728b72-d138-49df-b469-1eafd2edd182,G11212105,中棟,8,278.0
520,e8728b72-d138-49df-b469-1eafd2edd182,G11212105,中棟,9,259.0
521,e8728b72-d138-49df-b469-1eafd2edd182,G11212105,中棟,10,285.0
522,e8728b72-d138-49df-b469-1eafd2edd182,G11212105,中棟,11,283.0
523,e8728b72-d138-49df-b469-1eafd2edd182,G11212105,中棟,12,322.0
524,e8728b72-d138-49df-b469-1eafd2edd182,G11212105,中棟,13,405.0
525,e8728b72-d138-49df-b469-1eafd2edd182,G11212105,中棟,14,468.0
526,e8728b72-d138-49df-b469-1eafd2edd182,G11212105,中棟,15,529.0
527,e8728b72-d138-49df-b469-1eafd2edd182,G11212105,中棟,16,580.0
528,e8728b72-d138-49df-b469-1eafd2edd182,G11212105,中棟,17,637.0
529,e8728b72-d138-49df-b469-1eafd2edd182,G11212105,中棟,18,730.0
530,e8728b72-d138-49df-b469-1eafd2edd182,G11212105,中棟,19,812.0
531,e8728b72-d138-49df-b469-1eafd2edd182,G11212105,中棟,20,895.0
532,e8728b72-d138-49df-b469-1eafd2edd182,G11212105,中棟,21,975.0
533,e8728b72-d138-49df-b469-1eafd2edd182,G11212105,中棟,22,1084.0
534,e8728b72-d138-49df-b469-1eafd2edd182,G11212105,中棟,23,1160.0
535,e8728b72-d138-49df-b469-1eafd2edd182,G11212105,中棟,24,1254.0
536,e8728b72-d138-49df-b469-1eafd2edd182,G11212105,中棟,25,1341.0
537,e8728b72-d138-49df-b469-1eafd2edd182,G11212105,中棟,26,1411.0
538,e8728b72-d138-49df-b469-1eafd2edd182,G11212105,中棟,27,1523.0
539,e8728b72-d138-49df-b469-1eafd2edd182,G11212105,中棟,28,1619.0
540,e8728b72-d138-49df-b469-1eafd2edd182,G11212105,中棟,29,1741.0
541,e8728b72-d138-49df-b469-1eafd2edd182,G11212105,中棟,30,1820.0
542,e8728b72-d138-49df-b469-1eafd2edd182,G11212105,中棟,31,1928.0
546,e8728b72-d138-49df-b469-1eafd2edd182,G11212105,前棟,0,36.0
547,e8728b72-d138-49df-b469-1eafd2edd182,G11212105,前棟,1,48.0
548,e8728b72-d138-49df-b469-1eafd2edd182,G11212105,前棟,2,65.0
549,e8728b72-d138-49df-b469-1eafd2edd182,G11212105,前棟,3,85.0
550,e8728b72-d138-49df-b469-1eafd2edd182,G11212105,前棟,4,117.0
551,e8728b72-d138-49df-b469-1eafd2edd182,G11212105,前棟,5,181.0
552,e8728b72-d138-49df-b469-1eafd2edd182,G11212105,前棟,6,261.0
553,e8728b72-d138-49df-b469-1eafd2edd182,G11212105,前棟,7,258.0
554,e8728b72-d138-49df-b469-1eafd2edd182,G11212105,前棟,8,275.0
555,e8728b72-d138-49df-b469-1eafd2edd182,G11212105,前棟,9,299.0
556,e8728b72-d138-49df-b469-1eafd2edd182,G11212105,前棟,10,335.0
557,e8728b72-d138-49df-b469-1eafd2edd182,G11212105,前棟,11,359.0
558,e8728b72-d138-49df-b469-1eafd2edd182,G11212105,前棟,12,378.0
559,e8728b72-d138-49df-b469-1eafd2edd182,G11212105,前棟,13,389.0
560,e8728b72-d138-49df-b469-1eafd2edd182,G11212105,前棟,14,437.0
561,e8728b72-d138-49df-b469-1eafd2edd182,G11212105,前棟,15,506.0
562,e8728b72-d138-49df-b469-1eafd2edd182,G11212105,前棟,16,571.0
563,e8728b72-d138-49df-b469-1eafd2edd182,G11212105,前棟,17,640.0
564,e8728b72-d138-49df-b469-1eafd2edd182,G11212105,前棟,18,729.0
565,e8728b72-d138-49df-b469-1eafd2edd182,G11212105,前棟,19,794.0
566,e8728b72-d138-49df-b469-1eafd2edd182,G11212105,前棟,20,879.0
567,e8728b72-d138-49df-b469-1eafd2edd182,G11212105,前棟,21,956.0
568,e8728b72-d138-49df-b469-1eafd2edd182,G11212105,前棟,22,1059.0
569,e8728b72-d138-49df-b469-1eafd2edd182,G11212105,前棟,23,1155.0
570,e8728b72-d138-49df-b469-1eafd2edd182,G11212105,前棟,24,1240.0
571,e8728b72-d138-49df-b469-1eafd2edd182,G11212105,前棟,25,1333.0
572,e8728b72-d138-49df-b469-1eafd2edd182,G11212105,前棟,26,1401.0
573,e8728b72-d138-49df-b469-1eafd2edd182,G11212105,前棟,27,1520.0
574,e8728b72-d138-49df-b469-1eafd2edd182,G11212105,前棟,28,1617.0
575,e8728b72-d138-49df-b469-1eafd2edd182,G11212105,前棟,29,1662.0
576,e8728b72-d138-49df-b469-1eafd2edd182,G11212105,前棟,30,1727.0
577,e8728b72-d138-49df-b469-1eafd2edd182,G11212105,前棟,31,1854.0
581,e8728b72-d138-49df-b469-1eafd2edd182,G11212105,後棟,0,40.0
582,e8728b72-d138-49df-b469-1eafd2edd182,G11212105,後棟,1,36.0
583,e8728b72-d138-49df-b469-1eafd2edd182,G11212105,後棟,2,64.0
584,e8728b72-d138-49df-b469-1eafd2edd182,G11212105,後棟,3,80.0
585,e8728b72-d138-49df-b469-1eafd2edd182,G11212105,後棟,4,106.0
586,e8728b72-d138-49df-b469-1eafd2edd182,G11212105,後棟,5,179.0
587,e8728b72-d138-49df-b469-1eafd2edd182,G11212105,後棟,6,252.0
588,e8728b72-d138-49df-b469-1eafd2edd182,G11212105,後棟,7,279.0
589,e8728b72-d138-49df-b469-1eafd2edd182,G11212105,後棟,8,300.0
590,e8728b72-d138-49df-b469-1eafd2edd182,G11212105,後棟,9,315.0
591,e8728b72-d138-49df-b469-1eafd2edd182,G11212105,後棟,10,367.0
592,e8728b72-d138-49df-b469-1eafd2edd182,G11212105,後棟,11,425.0
593,e8728b72-d138-49df-b469-1eafd2edd182,G11212105,後棟,12,612.0
594,e8728b72-d138-49df-b469-1eafd2edd182,G11212105,後棟,13,439.0
595,e8728b72-d138-49df-b469-1eafd2edd182,G11212105,後棟,14,475.0
596,e8728b72-d138-49df-b469-1eafd2edd182,G11212105,後棟,15,544.0
597,e8728b72-d138-49df-b469-1eafd2edd182,G11212105,後棟,16,603.0
598,e8728b72-d138-49df-b469-1eafd2edd182,G11212105,後棟,17,670.0
599,e8728b72-d138-49df-b469-1eafd2edd182,G11212105,後棟,18,750.0
600,e8728b72-d138-49df-b469-1eafd2edd182,G11212105,後棟,19,839.0
601,e8728b72-d138-49df-b469-1eafd2edd182,G11212105,後棟,20,924.0
602,e8728b72-d138-49df-b469-1eafd2edd182,G11212105,後棟,21,1018.0
603,e8728b72-d138-49df-b469-1eafd2edd182,G11212105,後棟,22,1124.0
604,e8728b72-d138-49df-b469-1eafd2edd182,G11212105,後棟,23,1170.0
605,e8728b72-d138-49df-b469-1eafd2edd182,G11212105,後棟,24,1272.0
606,e8728b72-d138-49df-b469-1eafd2edd182,G11212105,後棟,25,1365.0
607,e8728b72-d138-49df-b469-1eafd2edd182,G11212105,後棟,26,1440.0
608,e8728b72-d138-49df-b469-1eafd2edd182,G11212105,後棟,27,1517.0
609,e8728b72-d138-49df-b469-1eafd2edd182,G11212105,後棟,28,1599.0
610,e8728b72-d138-49df-b469-1eafd2edd182,G11212105,後棟,29,1717.0
611,e8728b72-d138-49df-b469-1eafd2edd182,G11212105,後棟,30,1847.0
612,e8728b72-d138-49df-b469-1eafd2edd182,G11212105,後棟,31,1951.0
616,98948182-62a4-4ef3-8202-ceb23ae188a7,G11301102,A棟,0,41.0
617,98948182-62a4-4ef3-8202-ceb23ae188a7,G11301102,A棟,1,50.0
618,98948182-62a4-4ef3-8202-ceb23ae188a7,G11301102,A棟,2,62.0
619,98948182-62a4-4ef3-8202-ceb23ae188a7,G11301102,A棟,3,71.0
620,98948182-62a4-4ef3-8202-ceb23ae188a7,G11301102,A棟,4,86.0
621,98948182-62a4-4ef3-8202-ceb23ae188a7,G11301102,A棟,5,109.0
622,98948182-62a4-4ef3-8202-ceb23ae188a7,G11301102,A棟,6,142.0
623,98948182-62a4-4ef3-8202-ceb23ae188a7,G11301102,A棟,7,189.0
624,98948182-62a4-4ef3-8202-ceb23ae188a7,G11301102,A棟,8,223.0
625,98948182-62a4-4ef3-8202-ceb23ae188a7,G11301102,A棟,9,261.0
626,98948182-62a4-4ef3-8202-ceb23ae188a7,G11301102,A棟,10,302.0
627,98948182-62a4-4ef3-8202-ceb23ae188a7,G11301102,A棟,11,337.0
628,98948182-62a4-4ef3-8202-ceb23ae188a7,G11301102,A棟,12,372.0
629,98948182-62a4-4ef3-8202-ceb23ae188a7,G11301102,A棟,13,429.0
630,98948182-62a4-4ef3-8202-ceb23ae188a7,G11301102,A棟,14,482.0
631,98948182-62a4-4ef3-8202-ceb23ae188a7,G11301102,A棟,15,568.0
632,98948182-62a4-4ef3-8202-ceb23ae188a7,G11301102,A棟,16,640.0
633,98948182-62a4-4ef3-8202-ceb23ae188a7,G11301102,A棟,17,735.0
634,98948182-62a4-4ef3-8202-ceb23ae188a7,G11301102,A棟,18,814.0
635,98948182-62a4-4ef3-8202-ceb23ae188a7,G11301102,A棟,19,881.0
636,98948182-62a4-4ef3-8202-ceb23ae188a7,G11301102,A棟,20,1000.0
637,98948182-62a4-4ef3-8202-ceb23ae188a7,G11301102,A棟,21,1092.0
638,98948182-62a4-4ef3-8202-ceb23ae188a7,G11301102,A棟,22,1170.0
639,98948182-62a4-4ef3-8202-ceb23ae188a7,G11301102,A棟,23,1243.0
640,98948182-62a4-4ef3-8202-ceb23ae188a7,G11301102,A棟,24,1321.0
641,98948182-62a4-4ef3-8202-ceb23ae188a7,G11301102,A棟,25,1446.0
642,98948182-62a4-4ef3-8202-ceb23ae188a7,G11301102,A棟,26,1493.0
643,98948182-62a4-4ef3-8202-ceb23ae188a7,G11301102,A棟,27,1623.0
644,98948182-62a4-4ef3-8202-ceb23ae188a7,G11301102,A棟,28,1751.0
645,98948182-62a4-4ef3-8202-ceb23ae188a7,G11301102,A棟,29,1944.0
646,98948182-62a4-4ef3-8202-ceb23ae188a7,G11301102,A棟,30,2015.0
647,98948182-62a4-4ef3-8202-ceb23ae188a7,G11301102,A棟,31,2158.0
650,62c0b26d-85a0-479e-8607-3e7eca0a4fe2,G11301103,上層,0,32.0
651,62c0b26d-85a0-479e-8607-3e7eca0a4fe2,G11301103,上層,1,34.0
652,62c0b26d-85a0-479e-8607-3e7eca0a4fe2,G11301103,上層,2,54.0
653,62c0b26d-85a0-479e-8607-3e7eca0a4fe2,G11301103,上層,3,76.0
654,62c0b26d-85a0-479e-8607-3e7eca0a4fe2,G11301103,上層,4,93.0
655,62c0b26d-85a0-479e-8607-3e7eca0a4fe2,G11301103,上層,5,122.0
656,62c0b26d-85a0-479e-8607-3e7eca0a4fe2,G11301103,上層,6,151.0
657,62c0b26d-85a0-479e-8607-3e7eca0a4fe2,G11301103,上層,7,182.0
658,62c0b26d-85a0-479e-8607-3e7eca0a4fe2,G11301103,上層,8,203.0
659,62c0b26d-85a0-479e-8607-3e7eca0a4fe2,G11301103,上層,9,255.0
660,62c0b26d-85a0-479e-8607-3e7eca0a4fe2,G11301103,上層,10,293.0
661,62c0b26d-85a0-479e-8607-3e7eca0a4fe2,G11301103,上層,11,345.0
662,62c0b26d-85a0-479e-8607-3e7eca0a4fe2,G11301103,上層,12,395.0
663,62c0b26d-85a0-479e-8607-3e7eca0a4fe2,G11301103,上層,13,445.0
664,62c0b26d-85a0-479e-8607-3e7eca0a4fe2,G11301103,上層,14,502.0
665,62c0b26d-85a0-479e-8607-3e7eca0a4fe2,G11301103,上層,15,566.0
666,62c0b26d-85a0-479e-8607-3e7eca0a4fe2,G11301103,上層,16,641.0
667,62c0b26d-85a0-479e-8607-3e7eca0a4fe2,G11301103,上層,17,718.0
668,62c0b26d-85a0-479e-8607-3e7eca0a4fe2,G11301103,上層,18,796.0
669,62c0b26d-85a0-479e-8607-3e7eca0a4fe2,G11301103,上層,19,889.0
670,62c0b26d-85a0-479e-8607-3e7eca0a4fe2,G11301103,上層,20,970.0
671,62c0b26d-85a0-479e-8607-3e7eca0a4fe2,G11301103,上層,21,1055.0
672,62c0b26d-85a0-479e-8607-3e7eca0a4fe2,G11301103,上層,22,1140.0
673,62c0b26d-85a0-479e-8607-3e7eca0a4fe2,G11301103,上層,23,1222.0
674,62c0b26d-85a0-479e-8607-3e7eca0a4fe2,G11301103,上層,24,1302.0
675,62c0b26d-85a0-479e-8607-3e7eca0a4fe2,G11301103,上層,25,1368.0
676,62c0b26d-85a0-479e-8607-3e7eca0a4fe2,G11301103,上層,26,1454.0
677,62c0b26d-85a0-479e-8607-3e7eca0a4fe2,G11301103,上層,27,1528.0
678,62c0b26d-85a0-479e-8607-3e7eca0a4fe2,G11301103,上層,28,1592.0
679,62c0b26d-85a0-479e-8607-3e7eca0a4fe2,G11301103,上層,29,1696.0
680,62c0b26d-85a0-479e-8607-3e7eca0a4fe2,G11301103,上層,30,1776.0
681,62c0b26d-85a0-479e-8607-3e7eca0a4fe2,G11301103,上層,31,1904.0
683,62c0b26d-85a0-479e-8607-3e7eca0a4fe2,G11301103,下層,0,45.0
684,62c0b26d-85a0-479e-8607-3e7eca0a4fe2,G11301103,下層,1,55.0
685,62c0b26d-85a0-479e-8607-3e7eca0a4fe2,G11301103,下層,2,70.0
686,62c0b26d-85a0-479e-8607-3e7eca0a4fe2,G11301103,下層,3,89.0
687,62c0b26d-85a0-479e-8607-3e7eca0a4fe2,G11301103,下層,4,133.0
688,62c0b26d-85a0-479e-8607-3e7eca0a4fe2,G11301103,下層,5,194.0
689,62c0b26d-85a0-479e-8607-3e7eca0a4fe2,G11301103,下層,6,154.0
690,62c0b26d-85a0-479e-8607-3e7eca0a4fe2,G11301103,下層,7,203.0
691,62c0b26d-85a0-479e-8607-3e7eca0a4fe2,G11301103,下層,8,261.0
692,62c0b26d-85a0-479e-8607-3e7eca0a4fe2,G11301103,下層,9,306.0
693,62c0b26d-85a0-479e-8607-3e7eca0a4fe2,G11301103,下層,10,318.0
694,62c0b26d-85a0-479e-8607-3e7eca0a4fe2,G11301103,下層,11,366.0
695,62c0b26d-85a0-479e-8607-3e7eca0a4fe2,G11301103,下層,12,417.0
696,62c0b26d-85a0-479e-8607-3e7eca0a4fe2,G11301103,下層,13,476.0
697,62c0b26d-85a0-479e-8607-3e7eca0a4fe2,G11301103,下層,14,516.0
698,62c0b26d-85a0-479e-8607-3e7eca0a4fe2,G11301103,下層,15,584.0
699,62c0b26d-85a0-479e-8607-3e7eca0a4fe2,G11301103,下層,16,658.0
700,62c0b26d-85a0-479e-8607-3e7eca0a4fe2,G11301103,下層,17,741.0
701,62c0b26d-85a0-479e-8607-3e7eca0a4fe2,G11301103,下層,18,814.0
702,62c0b26d-85a0-479e-8607-3e7eca0a4fe2,G11301103,下層,19,896.0
703,62c0b26d-85a0-479e-8607-3e7eca0a4fe2,G11301103,下層,20,978.0
704,62c0b26d-85a0-479e-8607-3e7eca0a4fe2,G11301103,下層,21,1061.0
705,62c0b26d-85a0-479e-8607-3e7eca0a4fe2,G11301103,下層,22,1131.0
706,62c0b26d-85a0-479e-8607-3e7eca0a4fe2,G11301103,下層,23,1217.0
707,62c0b26d-85a0-479e-8607-3e7eca0a4fe2,G11301103,下層,24,1286.0
708,62c0b26d-85a0-479e-8607-3e7eca0a4fe2,G11301103,下層,25,1331.0
709,62c0b26d-85a0-479e-8607-3e7eca0a4fe2,G11301103,下層,26,1419.0
710,62c0b26d-85a0-479e-8607-3e7eca0a4fe2,G11301103,下層,27,1498.0
711,62c0b26d-85a0-479e-8607-3e7eca0a4fe2,G11301103,下層,28,1577.0
712,62c0b26d-85a0-479e-8607-3e7eca0a4fe2,G11301103,下層,29,1666.0
713,62c0b26d-85a0-479e-8607-3e7eca0a4fe2,G11301103,下層,30,1742.0
714,62c0b26d-85a0-479e-8607-3e7eca0a4fe2,G11301103,下層,31,1873.0
717,eef47f04-01e7-4b49-8827-e231694ea345,G11301104,上層,0,32.0
718,eef47f04-01e7-4b49-8827-e231694ea345,G11301104,上層,1,45.0
719,eef47f04-01e7-4b49-8827-e231694ea345,G11301104,上層,2,59.0
720,eef47f04-01e7-4b49-8827-e231694ea345,G11301104,上層,3,65.0
721,eef47f04-01e7-4b49-8827-e231694ea345,G11301104,上層,4,103.0
722,eef47f04-01e7-4b49-8827-e231694ea345,G11301104,上層,5,138.0
723,eef47f04-01e7-4b49-8827-e231694ea345,G11301104,上層,6,208.0
724,eef47f04-01e7-4b49-8827-e231694ea345,G11301104,上層,7,257.0
725,eef47f04-01e7-4b49-8827-e231694ea345,G11301104,上層,8,279.0
726,eef47f04-01e7-4b49-8827-e231694ea345,G11301104,上層,9,344.0
727,eef47f04-01e7-4b49-8827-e231694ea345,G11301104,上層,10,356.0
728,eef47f04-01e7-4b49-8827-e231694ea345,G11301104,上層,11,395.0
729,eef47f04-01e7-4b49-8827-e231694ea345,G11301104,上層,12,468.0
730,eef47f04-01e7-4b49-8827-e231694ea345,G11301104,上層,13,544.0
731,eef47f04-01e7-4b49-8827-e231694ea345,G11301104,上層,14,585.0
732,eef47f04-01e7-4b49-8827-e231694ea345,G11301104,上層,15,655.0
733,eef47f04-01e7-4b49-8827-e231694ea345,G11301104,上層,16,739.0
734,eef47f04-01e7-4b49-8827-e231694ea345,G11301104,上層,17,820.0
735,eef47f04-01e7-4b49-8827-e231694ea345,G11301104,上層,18,933.0
736,eef47f04-01e7-4b49-8827-e231694ea345,G11301104,上層,19,1001.0
737,eef47f04-01e7-4b49-8827-e231694ea345,G11301104,上層,20,1101.0
738,eef47f04-01e7-4b49-8827-e231694ea345,G11301104,上層,21,1202.0
739,eef47f04-01e7-4b49-8827-e231694ea345,G11301104,上層,22,1302.0
740,eef47f04-01e7-4b49-8827-e231694ea345,G11301104,上層,23,1417.0
741,eef47f04-01e7-4b49-8827-e231694ea345,G11301104,上層,24,1508.0
742,eef47f04-01e7-4b49-8827-e231694ea345,G11301104,上層,25,1595.0
743,eef47f04-01e7-4b49-8827-e231694ea345,G11301104,上層,26,1622.0
744,eef47f04-01e7-4b49-8827-e231694ea345,G11301104,上層,27,1759.0
745,eef47f04-01e7-4b49-8827-e231694ea345,G11301104,上層,28,1838.0
746,eef47f04-01e7-4b49-8827-e231694ea345,G11301104,上層,29,1978.0
747,eef47f04-01e7-4b49-8827-e231694ea345,G11301104,上層,30,2071.0
748,eef47f04-01e7-4b49-8827-e231694ea345,G11301104,上層,31,1981.0
749,eef47f04-01e7-4b49-8827-e231694ea345,G11301104,下層,0,43.0
750,eef47f04-01e7-4b49-8827-e231694ea345,G11301104,下層,1,59.0
751,eef47f04-01e7-4b49-8827-e231694ea345,G11301104,下層,2,72.0
752,eef47f04-01e7-4b49-8827-e231694ea345,G11301104,下層,3,96.0
753,eef47f04-01e7-4b49-8827-e231694ea345,G11301104,下層,4,119.0
754,eef47f04-01e7-4b49-8827-e231694ea345,G11301104,下層,5,164.0
755,eef47f04-01e7-4b49-8827-e231694ea345,G11301104,下層,6,252.0
756,eef47f04-01e7-4b49-8827-e231694ea345,G11301104,下層,7,316.0
757,eef47f04-01e7-4b49-8827-e231694ea345,G11301104,下層,8,295.0
758,eef47f04-01e7-4b49-8827-e231694ea345,G11301104,下層,9,334.0
759,eef47f04-01e7-4b49-8827-e231694ea345,G11301104,下層,10,382.0
760,eef47f04-01e7-4b49-8827-e231694ea345,G11301104,下層,11,395.0
761,eef47f04-01e7-4b49-8827-e231694ea345,G11301104,下層,12,459.0
762,eef47f04-01e7-4b49-8827-e231694ea345,G11301104,下層,13,534.0
763,eef47f04-01e7-4b49-8827-e231694ea345,G11301104,下層,14,554.0
764,eef47f04-01e7-4b49-8827-e231694ea345,G11301104,下層,15,624.0
765,eef47f04-01e7-4b49-8827-e231694ea345,G11301104,下層,16,664.0
766,eef47f04-01e7-4b49-8827-e231694ea345,G11301104,下層,17,760.0
767,eef47f04-01e7-4b49-8827-e231694ea345,G11301104,下層,18,850.0
768,eef47f04-01e7-4b49-8827-e231694ea345,G11301104,下層,19,948.0
769,eef47f04-01e7-4b49-8827-e231694ea345,G11301104,下層,20,1048.0
770,eef47f04-01e7-4b49-8827-e231694ea345,G11301104,下層,21,1148.0
771,eef47f04-01e7-4b49-8827-e231694ea345,G11301104,下層,22,1218.0
772,eef47f04-01e7-4b49-8827-e231694ea345,G11301104,下層,23,1316.0
773,eef47f04-01e7-4b49-8827-e231694ea345,G11301104,下層,24,1482.0
774,eef47f04-01e7-4b49-8827-e231694ea345,G11301104,下層,25,1544.0
775,eef47f04-01e7-4b49-8827-e231694ea345,G11301104,下層,26,1628.0
776,eef47f04-01e7-4b49-8827-e231694ea345,G11301104,下層,27,1761.0
777,eef47f04-01e7-4b49-8827-e231694ea345,G11301104,下層,28,1790.0
778,eef47f04-01e7-4b49-8827-e231694ea345,G11301104,下層,29,1914.0
779,eef47f04-01e7-4b49-8827-e231694ea345,G11301104,下層,30,2046.0
780,eef47f04-01e7-4b49-8827-e231694ea345,G11301104,下層,31,1958.0
781,a1e231c6-87ab-43fa-9047-e292b19f146d,G11301106,上層,0,36.0
782,a1e231c6-87ab-43fa-9047-e292b19f146d,G11301106,上層,1,41.0
783,a1e231c6-87ab-43fa-9047-e292b19f146d,G11301106,上層,2,68.0
784,a1e231c6-87ab-43fa-9047-e292b19f146d,G11301106,上層,3,88.0
785,a1e231c6-87ab-43fa-9047-e292b19f146d,G11301106,上層,4,109.0
786,a1e231c6-87ab-43fa-9047-e292b19f146d,G11301106,上層,5,139.0
787,a1e231c6-87ab-43fa-9047-e292b19f146d,G11301106,上層,6,162.0
788,a1e231c6-87ab-43fa-9047-e292b19f146d,G11301106,上層,7,190.0
789,a1e231c6-87ab-43fa-9047-e292b19f146d,G11301106,上層,8,228.0
790,a1e231c6-87ab-43fa-9047-e292b19f146d,G11301106,上層,9,265.0
791,a1e231c6-87ab-43fa-9047-e292b19f146d,G11301106,上層,10,315.0
792,a1e231c6-87ab-43fa-9047-e292b19f146d,G11301106,上層,11,366.0
793,a1e231c6-87ab-43fa-9047-e292b19f146d,G11301106,上層,12,423.0
794,a1e231c6-87ab-43fa-9047-e292b19f146d,G11301106,上層,13,502.0
795,a1e231c6-87ab-43fa-9047-e292b19f146d,G11301106,上層,14,559.0
796,a1e231c6-87ab-43fa-9047-e292b19f146d,G11301106,上層,15,642.0
797,a1e231c6-87ab-43fa-9047-e292b19f146d,G11301106,上層,16,718.0
798,a1e231c6-87ab-43fa-9047-e292b19f146d,G11301106,上層,17,782.0
799,a1e231c6-87ab-43fa-9047-e292b19f146d,G11301106,上層,18,870.0
800,a1e231c6-87ab-43fa-9047-e292b19f146d,G11301106,上層,19,950.0
801,a1e231c6-87ab-43fa-9047-e292b19f146d,G11301106,上層,20,1039.0
802,a1e231c6-87ab-43fa-9047-e292b19f146d,G11301106,上層,21,1121.0
803,a1e231c6-87ab-43fa-9047-e292b19f146d,G11301106,上層,22,1222.0
804,a1e231c6-87ab-43fa-9047-e292b19f146d,G11301106,上層,23,1312.0
805,a1e231c6-87ab-43fa-9047-e292b19f146d,G11301106,上層,24,1415.0
806,a1e231c6-87ab-43fa-9047-e292b19f146d,G11301106,上層,25,1489.0
807,a1e231c6-87ab-43fa-9047-e292b19f146d,G11301106,上層,26,1578.0
808,a1e231c6-87ab-43fa-9047-e292b19f146d,G11301106,上層,27,1694.0
809,a1e231c6-87ab-43fa-9047-e292b19f146d,G11301106,上層,28,1793.0
810,a1e231c6-87ab-43fa-9047-e292b19f146d,G11301106,上層,29,1917.0
811,a1e231c6-87ab-43fa-9047-e292b19f146d,G11301106,上層,30,2043.0
812,a1e231c6-87ab-43fa-9047-e292b19f146d,G11301106,上層,31,2091.0
815,a1e231c6-87ab-43fa-9047-e292b19f146d,G11301106,下層,0,42.0
816,a1e231c6-87ab-43fa-9047-e292b19f146d,G11301106,下層,1,59.0
817,a1e231c6-87ab-43fa-9047-e292b19f146d,G11301106,下層,2,71.0
818,a1e231c6-87ab-43fa-9047-e292b19f146d,G11301106,下層,3,89.0
819,a1e231c6-87ab-43fa-9047-e292b19f146d,G11301106,下層,4,110.0
820,a1e231c6-87ab-43fa-9047-e292b19f146d,G11301106,下層,5,136.0
821,a1e231c6-87ab-43fa-9047-e292b19f146d,G11301106,下層,6,164.0
822,a1e231c6-87ab-43fa-9047-e292b19f146d,G11301106,下層,7,194.0
823,a1e231c6-87ab-43fa-9047-e292b19f146d,G11301106,下層,8,239.0
824,a1e231c6-87ab-43fa-9047-e292b19f146d,G11301106,下層,9,269.0
825,a1e231c6-87ab-43fa-9047-e292b19f146d,G11301106,下層,10,319.0
826,a1e231c6-87ab-43fa-9047-e292b19f146d,G11301106,下層,11,367.0
827,a1e231c6-87ab-43fa-9047-e292b19f146d,G11301106,下層,12,435.0
828,a1e231c6-87ab-43fa-9047-e292b19f146d,G11301106,下層,13,491.0
829,a1e231c6-87ab-43fa-9047-e292b19f146d,G11301106,下層,14,551.0
830,a1e231c6-87ab-43fa-9047-e292b19f146d,G11301106,下層,15,632.0
831,a1e231c6-87ab-43fa-9047-e292b19f146d,G11301106,下層,16,708.0
832,a1e231c6-87ab-43fa-9047-e292b19f146d,G11301106,下層,17,781.0
833,a1e231c6-87ab-43fa-9047-e292b19f146d,G11301106,下層,18,878.0
834,a1e231c6-87ab-43fa-9047-e292b19f146d,G11301106,下層,19,962.0
835,a1e231c6-87ab-43fa-9047-e292b19f146d,G11301106,下層,20,1086.0
836,a1e231c6-87ab-43fa-9047-e292b19f146d,G11301106,下層,21,1169.0
837,a1e231c6-87ab-43fa-9047-e292b19f146d,G11301106,下層,22,1267.0
838,a1e231c6-87ab-43fa-9047-e292b19f146d,G11301106,下層,23,1343.0
839,a1e231c6-87ab-43fa-9047-e292b19f146d,G11301106,下層,24,1437.0
840,a1e231c6-87ab-43fa-9047-e292b19f146d,G11301106,下層,25,1516.0
841,a1e231c6-87ab-43fa-9047-e292b19f146d,G11301106,下層,26,1621.0
842,a1e231c6-87ab-43fa-9047-e292b19f146d,G11301106,下層,27,1731.0
843,a1e231c6-87ab-43fa-9047-e292b19f146d,G11301106,下層,28,1795.0
844,a1e231c6-87ab-43fa-9047-e292b19f146d,G11301106,下層,29,1919.0
845,a1e231c6-87ab-43fa-9047-e292b19f146d,G11301106,下層,30,1979.0
846,a1e231c6-87ab-43fa-9047-e292b19f146d,G11301106,下層,31,2102.0
849,f5db36da-e119-40db-923f-0e06f6ab5a2c,G11302101,A棟上層,0,36.0
850,f5db36da-e119-40db-923f-0e06f6ab5a2c,G11302101,A棟上層,1,48.0
851,f5db36da-e119-40db-923f-0e06f6ab5a2c,G11302101,A棟上層,2,58.0
852,f5db36da-e119-40db-923f-0e06f6ab5a2c,G11302101,A棟上層,3,65.0
853,f5db36da-e119-40db-923f-0e06f6ab5a2c,G11302101,A棟上層,4,96.0
854,f5db36da-e119-40db-923f-0e06f6ab5a2c,G11302101,A棟上層,5,130.0
855,f5db36da-e119-40db-923f-0e06f6ab5a2c,G11302101,A棟上層,6,165.0
856,f5db36da-e119-40db-923f-0e06f6ab5a2c,G11302101,A棟上層,7,203.0
857,f5db36da-e119-40db-923f-0e06f6ab5a2c,G11302101,A棟上層,8,226.0
858,f5db36da-e119-40db-923f-0e06f6ab5a2c,G11302101,A棟上層,9,272.0
859,f5db36da-e119-40db-923f-0e06f6ab5a2c,G11302101,A棟上層,10,315.0
860,f5db36da-e119-40db-923f-0e06f6ab5a2c,G11302101,A棟上層,11,371.0
861,f5db36da-e119-40db-923f-0e06f6ab5a2c,G11302101,A棟上層,12,440.0
862,f5db36da-e119-40db-923f-0e06f6ab5a2c,G11302101,A棟上層,13,515.0
863,f5db36da-e119-40db-923f-0e06f6ab5a2c,G11302101,A棟上層,14,598.0
864,f5db36da-e119-40db-923f-0e06f6ab5a2c,G11302101,A棟上層,15,694.0
865,f5db36da-e119-40db-923f-0e06f6ab5a2c,G11302101,A棟上層,16,757.0
866,f5db36da-e119-40db-923f-0e06f6ab5a2c,G11302101,A棟上層,17,842.0
867,f5db36da-e119-40db-923f-0e06f6ab5a2c,G11302101,A棟上層,18,1060.0
868,f5db36da-e119-40db-923f-0e06f6ab5a2c,G11302101,A棟上層,19,1019.0
869,f5db36da-e119-40db-923f-0e06f6ab5a2c,G11302101,A棟上層,20,1113.0
870,f5db36da-e119-40db-923f-0e06f6ab5a2c,G11302101,A棟上層,21,1216.0
871,f5db36da-e119-40db-923f-0e06f6ab5a2c,G11302101,A棟上層,22,1133.0
872,f5db36da-e119-40db-923f-0e06f6ab5a2c,G11302101,A棟上層,23,1211.0
873,f5db36da-e119-40db-923f-0e06f6ab5a2c,G11302101,A棟上層,24,1294.0
874,f5db36da-e119-40db-923f-0e06f6ab5a2c,G11302101,A棟上層,25,1377.0
875,f5db36da-e119-40db-923f-0e06f6ab5a2c,G11302101,A棟上層,26,1476.0
876,f5db36da-e119-40db-923f-0e06f6ab5a2c,G11302101,A棟上層,27,1560.0
877,f5db36da-e119-40db-923f-0e06f6ab5a2c,G11302101,A棟上層,28,1744.0
878,f5db36da-e119-40db-923f-0e06f6ab5a2c,G11302101,A棟上層,29,1852.0
879,f5db36da-e119-40db-923f-0e06f6ab5a2c,G11302101,A棟上層,30,1978.0
880,f5db36da-e119-40db-923f-0e06f6ab5a2c,G11302101,A棟上層,31,2354.0
881,f5db36da-e119-40db-923f-0e06f6ab5a2c,G11302101,A棟下層,0,39.0
882,f5db36da-e119-40db-923f-0e06f6ab5a2c,G11302101,A棟下層,1,65.0
883,f5db36da-e119-40db-923f-0e06f6ab5a2c,G11302101,A棟下層,2,72.0
884,f5db36da-e119-40db-923f-0e06f6ab5a2c,G11302101,A棟下層,3,71.0
885,f5db36da-e119-40db-923f-0e06f6ab5a2c,G11302101,A棟下層,4,97.0
886,f5db36da-e119-40db-923f-0e06f6ab5a2c,G11302101,A棟下層,5,132.0
887,f5db36da-e119-40db-923f-0e06f6ab5a2c,G11302101,A棟下層,6,183.0
888,f5db36da-e119-40db-923f-0e06f6ab5a2c,G11302101,A棟下層,7,225.0
889,f5db36da-e119-40db-923f-0e06f6ab5a2c,G11302101,A棟下層,8,284.0
890,f5db36da-e119-40db-923f-0e06f6ab5a2c,G11302101,A棟下層,9,337.0
891,f5db36da-e119-40db-923f-0e06f6ab5a2c,G11302101,A棟下層,10,387.0
892,f5db36da-e119-40db-923f-0e06f6ab5a2c,G11302101,A棟下層,11,453.0
893,f5db36da-e119-40db-923f-0e06f6ab5a2c,G11302101,A棟下層,12,526.0
894,f5db36da-e119-40db-923f-0e06f6ab5a2c,G11302101,A棟下層,13,633.0
895,f5db36da-e119-40db-923f-0e06f6ab5a2c,G11302101,A棟下層,14,606.0
896,f5db36da-e119-40db-923f-0e06f6ab5a2c,G11302101,A棟下層,15,595.0
897,f5db36da-e119-40db-923f-0e06f6ab5a2c,G11302101,A棟下層,16,669.0
898,f5db36da-e119-40db-923f-0e06f6ab5a2c,G11302101,A棟下層,17,761.0
899,f5db36da-e119-40db-923f-0e06f6ab5a2c,G11302101,A棟下層,18,847.0
900,f5db36da-e119-40db-923f-0e06f6ab5a2c,G11302101,A棟下層,19,923.0
901,f5db36da-e119-40db-923f-0e06f6ab5a2c,G11302101,A棟下層,20,1293.0
902,f5db36da-e119-40db-923f-0e06f6ab5a2c,G11302101,A棟下層,21,1465.0
903,f5db36da-e119-40db-923f-0e06f6ab5a2c,G11302101,A棟下層,22,1163.0
904,f5db36da-e119-40db-923f-0e06f6ab5a2c,G11302101,A棟下層,23,1251.0
905,f5db36da-e119-40db-923f-0e06f6ab5a2c,G11302101,A棟下層,24,1295.0
906,f5db36da-e119-40db-923f-0e06f6ab5a2c,G11302101,A棟下層,25,1416.0
907,f5db36da-e119-40db-923f-0e06f6ab5a2c,G11302101,A棟下層,26,1541.0
908,f5db36da-e119-40db-923f-0e06f6ab5a2c,G11302101,A棟下層,27,1609.0
909,f5db36da-e119-40db-923f-0e06f6ab5a2c,G11302101,A棟下層,28,1776.0
910,f5db36da-e119-40db-923f-0e06f6ab5a2c,G11302101,A棟下層,29,1892.0
911,f5db36da-e119-40db-923f-0e06f6ab5a2c,G11302101,A棟下層,30,1982.0
912,f5db36da-e119-40db-923f-0e06f6ab5a2c,G11302101,A棟下層,31,2010.0
913,f5db36da-e119-40db-923f-0e06f6ab5a2c,G11302101,B棟上層,0,38.0
914,f5db36da-e119-40db-923f-0e06f6ab5a2c,G11302101,B棟上層,1,53.0
915,f5db36da-e119-40db-923f-0e06f6ab5a2c,G11302101,B棟上層,2,68.0
916,f5db36da-e119-40db-923f-0e06f6ab5a2c,G11302101,B棟上層,3,80.0
917,f5db36da-e119-40db-923f-0e06f6ab5a2c,G11302101,B棟上層,4,102.0
918,f5db36da-e119-40db-923f-0e06f6ab5a2c,G11302101,B棟上層,5,146.0
919,f5db36da-e119-40db-923f-0e06f6ab5a2c,G11302101,B棟上層,6,182.0
920,f5db36da-e119-40db-923f-0e06f6ab5a2c,G11302101,B棟上層,7,171.0
921,f5db36da-e119-40db-923f-0e06f6ab5a2c,G11302101,B棟上層,8,198.0
922,f5db36da-e119-40db-923f-0e06f6ab5a2c,G11302101,B棟上層,9,232.0
923,f5db36da-e119-40db-923f-0e06f6ab5a2c,G11302101,B棟上層,10,281.0
924,f5db36da-e119-40db-923f-0e06f6ab5a2c,G11302101,B棟上層,11,346.0
925,f5db36da-e119-40db-923f-0e06f6ab5a2c,G11302101,B棟上層,12,390.0
926,f5db36da-e119-40db-923f-0e06f6ab5a2c,G11302101,B棟上層,13,458.0
927,f5db36da-e119-40db-923f-0e06f6ab5a2c,G11302101,B棟上層,14,524.0
928,f5db36da-e119-40db-923f-0e06f6ab5a2c,G11302101,B棟上層,15,595.0
929,f5db36da-e119-40db-923f-0e06f6ab5a2c,G11302101,B棟上層,16,669.0
930,f5db36da-e119-40db-923f-0e06f6ab5a2c,G11302101,B棟上層,17,761.0
931,f5db36da-e119-40db-923f-0e06f6ab5a2c,G11302101,B棟上層,18,847.0
932,f5db36da-e119-40db-923f-0e06f6ab5a2c,G11302101,B棟上層,19,923.0
933,f5db36da-e119-40db-923f-0e06f6ab5a2c,G11302101,B棟上層,20,1092.0
934,f5db36da-e119-40db-923f-0e06f6ab5a2c,G11302101,B棟上層,21,1448.0
935,f5db36da-e119-40db-923f-0e06f6ab5a2c,G11302101,B棟上層,22,1215.0
936,f5db36da-e119-40db-923f-0e06f6ab5a2c,G11302101,B棟上層,23,1230.0
937,f5db36da-e119-40db-923f-0e06f6ab5a2c,G11302101,B棟上層,24,1313.0
938,f5db36da-e119-40db-923f-0e06f6ab5a2c,G11302101,B棟上層,25,1422.0
939,f5db36da-e119-40db-923f-0e06f6ab5a2c,G11302101,B棟上層,26,1480.0
940,f5db36da-e119-40db-923f-0e06f6ab5a2c,G11302101,B棟上層,27,1531.0
941,f5db36da-e119-40db-923f-0e06f6ab5a2c,G11302101,B棟上層,28,1833.0
942,f5db36da-e119-40db-923f-0e06f6ab5a2c,G11302101,B棟上層,29,1904.0
943,f5db36da-e119-40db-923f-0e06f6ab5a2c,G11302101,B棟上層,30,2004.0
944,f5db36da-e119-40db-923f-0e06f6ab5a2c,G11302101,B棟上層,31,2011.0
949,f5db36da-e119-40db-923f-0e06f6ab5a2c,G11302101,B棟下層,0,33.0
950,f5db36da-e119-40db-923f-0e06f6ab5a2c,G11302101,B棟下層,1,34.0
951,f5db36da-e119-40db-923f-0e06f6ab5a2c,G11302101,B棟下層,2,35.0
952,f5db36da-e119-40db-923f-0e06f6ab5a2c,G11302101,B棟下層,3,43.0
953,f5db36da-e119-40db-923f-0e06f6ab5a2c,G11302101,B棟下層,4,64.0
954,f5db36da-e119-40db-923f-0e06f6ab5a2c,G11302101,B棟下層,5,72.0
955,f5db36da-e119-40db-923f-0e06f6ab5a2c,G11302101,B棟下層,6,100.0
956,f5db36da-e119-40db-923f-0e06f6ab5a2c,G11302101,B棟下層,7,132.0
957,f5db36da-e119-40db-923f-0e06f6ab5a2c,G11302101,B棟下層,8,167.0
958,f5db36da-e119-40db-923f-0e06f6ab5a2c,G11302101,B棟下層,9,202.0
959,f5db36da-e119-40db-923f-0e06f6ab5a2c,G11302101,B棟下層,10,254.0
960,f5db36da-e119-40db-923f-0e06f6ab5a2c,G11302101,B棟下層,11,302.0
961,f5db36da-e119-40db-923f-0e06f6ab5a2c,G11302101,B棟下層,12,378.0
962,f5db36da-e119-40db-923f-0e06f6ab5a2c,G11302101,B棟下層,13,446.0
963,f5db36da-e119-40db-923f-0e06f6ab5a2c,G11302101,B棟下層,14,509.0
964,f5db36da-e119-40db-923f-0e06f6ab5a2c,G11302101,B棟下層,15,581.0
965,f5db36da-e119-40db-923f-0e06f6ab5a2c,G11302101,B棟下層,16,656.0
966,f5db36da-e119-40db-923f-0e06f6ab5a2c,G11302101,B棟下層,17,734.0
967,f5db36da-e119-40db-923f-0e06f6ab5a2c,G11302101,B棟下層,18,816.0
968,f5db36da-e119-40db-923f-0e06f6ab5a2c,G11302101,B棟下層,19,882.0
969,f5db36da-e119-40db-923f-0e06f6ab5a2c,G11302101,B棟下層,20,962.0
970,f5db36da-e119-40db-923f-0e06f6ab5a2c,G11302101,B棟下層,21,1055.0
971,f5db36da-e119-40db-923f-0e06f6ab5a2c,G11302101,B棟下層,22,1128.0
972,f5db36da-e119-40db-923f-0e06f6ab5a2c,G11302101,B棟下層,23,1229.0
973,f5db36da-e119-40db-923f-0e06f6ab5a2c,G11302101,B棟下層,24,1318.0
974,f5db36da-e119-40db-923f-0e06f6ab5a2c,G11302101,B棟下層,25,1384.0
975,f5db36da-e119-40db-923f-0e06f6ab5a2c,G11302101,B棟下層,26,1482.0
976,f5db36da-e119-40db-923f-0e06f6ab5a2c,G11302101,B棟下層,27,1557.0
977,f5db36da-e119-40db-923f-0e06f6ab5a2c,G11302101,B棟下層,28,1711.0
978,f5db36da-e119-40db-923f-0e06f6ab5a2c,G11302101,B棟下層,29,1896.0
979,f5db36da-e119-40db-923f-0e06f6ab5a2c,G11302101,B棟下層,30,2001.0
980,f5db36da-e119-40db-923f-0e06f6ab5a2c,G11302101,B棟下層,31,2020.0
981,bf03e764-50bb-4e45-a670-ce10271d6626,G11302102,仁德廠,0,42.0
982,bf03e764-50bb-4e45-a670-ce10271d6626,G11302102,仁德廠,1,50.0
983,bf03e764-50bb-4e45-a670-ce10271d6626,G11302102,仁德廠,2,63.0
984,bf03e764-50bb-4e45-a670-ce10271d6626,G11302102,仁德廠,3,80.0
985,bf03e764-50bb-4e45-a670-ce10271d6626,G11302102,仁德廠,4,98.0
986,bf03e764-50bb-4e45-a670-ce10271d6626,G11302102,仁德廠,5,127.0
987,bf03e764-50bb-4e45-a670-ce10271d6626,G11302102,仁德廠,6,172.0
988,bf03e764-50bb-4e45-a670-ce10271d6626,G11302102,仁德廠,7,231.0
989,bf03e764-50bb-4e45-a670-ce10271d6626,G11302102,仁德廠,8,289.0
990,bf03e764-50bb-4e45-a670-ce10271d6626,G11302102,仁德廠,9,359.0
991,bf03e764-50bb-4e45-a670-ce10271d6626,G11302102,仁德廠,10,387.0
992,bf03e764-50bb-4e45-a670-ce10271d6626,G11302102,仁德廠,11,413.0
993,bf03e764-50bb-4e45-a670-ce10271d6626,G11302102,仁德廠,12,475.0
994,bf03e764-50bb-4e45-a670-ce10271d6626,G11302102,仁德廠,13,539.0
995,bf03e764-50bb-4e45-a670-ce10271d6626,G11302102,仁德廠,14,588.0
996,bf03e764-50bb-4e45-a670-ce10271d6626,G11302102,仁德廠,15,658.0
997,bf03e764-50bb-4e45-a670-ce10271d6626,G11302102,仁德廠,16,748.0
998,bf03e764-50bb-4e45-a670-ce10271d6626,G11302102,仁德廠,17,842.0
999,bf03e764-50bb-4e45-a670-ce10271d6626,G11302102,仁德廠,18,919.0
1000,bf03e764-50bb-4e45-a670-ce10271d6626,G11302102,仁德廠,19,1035.0
1001,bf03e764-50bb-4e45-a670-ce10271d6626,G11302102,仁德廠,20,1156.0
1002,bf03e764-50bb-4e45-a670-ce10271d6626,G11302102,仁德廠,21,1245.0
1003,bf03e764-50bb-4e45-a670-ce10271d6626,G11302102,仁德廠,22,1357.0
1004,bf03e764-50bb-4e45-a670-ce10271d6626,G11302102,仁德廠,23,1449.0
1005,bf03e764-50bb-4e45-a670-ce10271d6626,G11302102,仁德廠,24,1329.0
1006,bf03e764-50bb-4e45-a670-ce10271d6626,G11302102,仁德廠,25,1468.0
1007,bf03e764-50bb-4e45-a670-ce10271d6626,G11302102,仁德廠,26,1548.0
1008,bf03e764-50bb-4e45-a670-ce10271d6626,G11302102,仁德廠,27,1658.0
1009,bf03e764-50bb-4e45-a670-ce10271d6626,G11302102,仁德廠,28,1767.0
1010,bf03e764-50bb-4e45-a670-ce10271d6626,G11302102,仁德廠,29,1879.0
1011,bf03e764-50bb-4e45-a670-ce10271d6626,G11302102,仁德廠,30,1958.0
1012,bf03e764-50bb-4e45-a670-ce10271d6626,G11302102,仁德廠,31,2032.0
1015,e8728b72-d138-49df-b469-1eafd2edd182,G11302103,前棟,0,36.0
1016,e8728b72-d138-49df-b469-1eafd2edd182,G11302103,前棟,1,47.0
1017,e8728b72-d138-49df-b469-1eafd2edd182,G11302103,前棟,2,57.0
1018,e8728b72-d138-49df-b469-1eafd2edd182,G11302103,前棟,3,78.0
1019,e8728b72-d138-49df-b469-1eafd2edd182,G11302103,前棟,4,110.0
1020,e8728b72-d138-49df-b469-1eafd2edd182,G11302103,前棟,5,152.0
1021,e8728b72-d138-49df-b469-1eafd2edd182,G11302103,前棟,6,215.0
1022,e8728b72-d138-49df-b469-1eafd2edd182,G11302103,前棟,7,241.0
1023,e8728b72-d138-49df-b469-1eafd2edd182,G11302103,前棟,8,280.0
1024,e8728b72-d138-49df-b469-1eafd2edd182,G11302103,前棟,9,333.0
1025,e8728b72-d138-49df-b469-1eafd2edd182,G11302103,前棟,10,367.0
1026,e8728b72-d138-49df-b469-1eafd2edd182,G11302103,前棟,11,360.0
1027,e8728b72-d138-49df-b469-1eafd2edd182,G11302103,前棟,12,369.0
1028,e8728b72-d138-49df-b469-1eafd2edd182,G11302103,前棟,13,445.0
1029,e8728b72-d138-49df-b469-1eafd2edd182,G11302103,前棟,14,497.0
1030,e8728b72-d138-49df-b469-1eafd2edd182,G11302103,前棟,15,564.0
1031,e8728b72-d138-49df-b469-1eafd2edd182,G11302103,前棟,16,625.0
1032,e8728b72-d138-49df-b469-1eafd2edd182,G11302103,前棟,17,713.0
1033,e8728b72-d138-49df-b469-1eafd2edd182,G11302103,前棟,18,813.0
1034,e8728b72-d138-49df-b469-1eafd2edd182,G11302103,前棟,19,889.0
1035,e8728b72-d138-49df-b469-1eafd2edd182,G11302103,前棟,20,990.0
1036,e8728b72-d138-49df-b469-1eafd2edd182,G11302103,前棟,21,1081.0
1037,e8728b72-d138-49df-b469-1eafd2edd182,G11302103,前棟,22,1174.0
1038,e8728b72-d138-49df-b469-1eafd2edd182,G11302103,前棟,23,1259.0
1039,e8728b72-d138-49df-b469-1eafd2edd182,G11302103,前棟,24,1251.0
1040,e8728b72-d138-49df-b469-1eafd2edd182,G11302103,前棟,25,1360.0
1041,e8728b72-d138-49df-b469-1eafd2edd182,G11302103,前棟,26,1465.0
1042,e8728b72-d138-49df-b469-1eafd2edd182,G11302103,前棟,27,1582.0
1043,e8728b72-d138-49df-b469-1eafd2edd182,G11302103,前棟,28,1654.0
1044,e8728b72-d138-49df-b469-1eafd2edd182,G11302103,前棟,29,1778.0
1045,e8728b72-d138-49df-b469-1eafd2edd182,G11302103,前棟,30,1871.0
1046,e8728b72-d138-49df-b469-1eafd2edd182,G11302103,前棟,31,1973.0
1049,e8728b72-d138-49df-b469-1eafd2edd182,G11302103,後棟,0,38.0
1050,e8728b72-d138-49df-b469-1eafd2edd182,G11302103,後棟,1,52.0
1051,e8728b72-d138-49df-b469-1eafd2edd182,G11302103,後棟,2,67.0
1052,e8728b72-d138-49df-b469-1eafd2edd182,G11302103,後棟,3,86.0
1053,e8728b72-d138-49df-b469-1eafd2edd182,G11302103,後棟,4,114.0
1054,e8728b72-d138-49df-b469-1eafd2edd182,G11302103,後棟,5,162.0
1055,e8728b72-d138-49df-b469-1eafd2edd182,G11302103,後棟,6,209.0
1056,e8728b72-d138-49df-b469-1eafd2edd182,G11302103,後棟,7,236.0
1057,e8728b72-d138-49df-b469-1eafd2edd182,G11302103,後棟,8,261.0
1058,e8728b72-d138-49df-b469-1eafd2edd182,G11302103,後棟,9,325.0
1059,e8728b72-d138-49df-b469-1eafd2edd182,G11302103,後棟,10,370.0
1060,e8728b72-d138-49df-b469-1eafd2edd182,G11302103,後棟,11,362.0
1061,e8728b72-d138-49df-b469-1eafd2edd182,G11302103,後棟,12,346.0
1062,e8728b72-d138-49df-b469-1eafd2edd182,G11302103,後棟,13,437.0
1063,e8728b72-d138-49df-b469-1eafd2edd182,G11302103,後棟,14,495.0
1064,e8728b72-d138-49df-b469-1eafd2edd182,G11302103,後棟,15,557.0
1065,e8728b72-d138-49df-b469-1eafd2edd182,G11302103,後棟,16,623.0
1066,e8728b72-d138-49df-b469-1eafd2edd182,G11302103,後棟,17,703.0
1067,e8728b72-d138-49df-b469-1eafd2edd182,G11302103,後棟,18,799.0
1068,e8728b72-d138-49df-b469-1eafd2edd182,G11302103,後棟,19,872.0
1069,e8728b72-d138-49df-b469-1eafd2edd182,G11302103,後棟,20,980.0
1070,e8728b72-d138-49df-b469-1eafd2edd182,G11302103,後棟,21,1076.0
1071,e8728b72-d138-49df-b469-1eafd2edd182,G11302103,後棟,22,1202.0
1072,e8728b72-d138-49df-b469-1eafd2edd182,G11302103,後棟,23,1285.0
1073,e8728b72-d138-49df-b469-1eafd2edd182,G11302103,後棟,24,1304.0
1074,e8728b72-d138-49df-b469-1eafd2edd182,G11302103,後棟,25,1410.0
1075,e8728b72-d138-49df-b469-1eafd2edd182,G11302103,後棟,26,1482.0
1076,e8728b72-d138-49df-b469-1eafd2edd182,G11302103,後棟,27,1616.0
1077,e8728b72-d138-49df-b469-1eafd2edd182,G11302103,後棟,28,1717.0
1078,e8728b72-d138-49df-b469-1eafd2edd182,G11302103,後棟,29,1780.0
1079,e8728b72-d138-49df-b469-1eafd2edd182,G11302103,後棟,30,1899.0
1080,e8728b72-d138-49df-b469-1eafd2edd182,G11302103,後棟,31,2069.0
1083,8dd6be99-8c1c-427c-82dc-226189dc8b92,G11302104,A棟,0,35.0
1084,8dd6be99-8c1c-427c-82dc-226189dc8b92,G11302104,A棟,1,38.0
1085,8dd6be99-8c1c-427c-82dc-226189dc8b92,G11302104,A棟,2,42.0
1086,8dd6be99-8c1c-427c-82dc-226189dc8b92,G11302104,A棟,3,57.0
1087,8dd6be99-8c1c-427c-82dc-226189dc8b92,G11302104,A棟,4,81.0
1088,8dd6be99-8c1c-427c-82dc-226189dc8b92,G11302104,A棟,5,103.0
1089,8dd6be99-8c1c-427c-82dc-226189dc8b92,G11302104,A棟,6,130.0
1090,8dd6be99-8c1c-427c-82dc-226189dc8b92,G11302104,A棟,7,169.0
1091,8dd6be99-8c1c-427c-82dc-226189dc8b92,G11302104,A棟,8,206.0
1092,8dd6be99-8c1c-427c-82dc-226189dc8b92,G11302104,A棟,9,243.0
1093,8dd6be99-8c1c-427c-82dc-226189dc8b92,G11302104,A棟,10,283.0
1094,8dd6be99-8c1c-427c-82dc-226189dc8b92,G11302104,A棟,11,320.0
1095,8dd6be99-8c1c-427c-82dc-226189dc8b92,G11302104,A棟,12,369.0
1096,8dd6be99-8c1c-427c-82dc-226189dc8b92,G11302104,A棟,13,432.0
1097,8dd6be99-8c1c-427c-82dc-226189dc8b92,G11302104,A棟,14,520.0
1098,8dd6be99-8c1c-427c-82dc-226189dc8b92,G11302104,A棟,15,599.0
1099,8dd6be99-8c1c-427c-82dc-226189dc8b92,G11302104,A棟,16,667.0
1100,8dd6be99-8c1c-427c-82dc-226189dc8b92,G11302104,A棟,17,740.0
1101,8dd6be99-8c1c-427c-82dc-226189dc8b92,G11302104,A棟,18,843.0
1102,8dd6be99-8c1c-427c-82dc-226189dc8b92,G11302104,A棟,19,958.0
1103,8dd6be99-8c1c-427c-82dc-226189dc8b92,G11302104,A棟,20,1008.0
1104,8dd6be99-8c1c-427c-82dc-226189dc8b92,G11302104,A棟,21,1111.0
1105,8dd6be99-8c1c-427c-82dc-226189dc8b92,G11302104,A棟,22,1229.0
1106,8dd6be99-8c1c-427c-82dc-226189dc8b92,G11302104,A棟,23,1327.0
1107,8dd6be99-8c1c-427c-82dc-226189dc8b92,G11302104,A棟,24,1441.0
1108,8dd6be99-8c1c-427c-82dc-226189dc8b92,G11302104,A棟,25,1553.0
1109,8dd6be99-8c1c-427c-82dc-226189dc8b92,G11302104,A棟,26,1568.0
1110,8dd6be99-8c1c-427c-82dc-226189dc8b92,G11302104,A棟,27,1646.0
1111,8dd6be99-8c1c-427c-82dc-226189dc8b92,G11302104,A棟,28,1692.0
1112,8dd6be99-8c1c-427c-82dc-226189dc8b92,G11302104,A棟,29,1798.0
1113,8dd6be99-8c1c-427c-82dc-226189dc8b92,G11302104,A棟,30,1875.0
1114,8dd6be99-8c1c-427c-82dc-226189dc8b92,G11302104,A棟,31,1990.0
1117,8dd6be99-8c1c-427c-82dc-226189dc8b92,G11302104,B棟,0,39.0
1118,8dd6be99-8c1c-427c-82dc-226189dc8b92,G11302104,B棟,1,45.0
1119,8dd6be99-8c1c-427c-82dc-226189dc8b92,G11302104,B棟,2,53.0
1120,8dd6be99-8c1c-427c-82dc-226189dc8b92,G11302104,B棟,3,73.0
1121,8dd6be99-8c1c-427c-82dc-226189dc8b92,G11302104,B棟,4,102.0
1122,8dd6be99-8c1c-427c-82dc-226189dc8b92,G11302104,B棟,5,137.0
1123,8dd6be99-8c1c-427c-82dc-226189dc8b92,G11302104,B棟,6,175.0
1124,8dd6be99-8c1c-427c-82dc-226189dc8b92,G11302104,B棟,7,237.0
1125,8dd6be99-8c1c-427c-82dc-226189dc8b92,G11302104,B棟,8,314.0
1126,8dd6be99-8c1c-427c-82dc-226189dc8b92,G11302104,B棟,9,372.0
1127,8dd6be99-8c1c-427c-82dc-226189dc8b92,G11302104,B棟,10,424.0
1128,8dd6be99-8c1c-427c-82dc-226189dc8b92,G11302104,B棟,11,309.0
1129,8dd6be99-8c1c-427c-82dc-226189dc8b92,G11302104,B棟,12,363.0
1130,8dd6be99-8c1c-427c-82dc-226189dc8b92,G11302104,B棟,13,620.0
1131,8dd6be99-8c1c-427c-82dc-226189dc8b92,G11302104,B棟,14,638.0
1132,8dd6be99-8c1c-427c-82dc-226189dc8b92,G11302104,B棟,15,540.0
1133,8dd6be99-8c1c-427c-82dc-226189dc8b92,G11302104,B棟,16,598.0
1134,8dd6be99-8c1c-427c-82dc-226189dc8b92,G11302104,B棟,17,661.0
1135,8dd6be99-8c1c-427c-82dc-226189dc8b92,G11302104,B棟,18,747.0
1136,8dd6be99-8c1c-427c-82dc-226189dc8b92,G11302104,B棟,19,831.0
1137,8dd6be99-8c1c-427c-82dc-226189dc8b92,G11302104,B棟,20,943.0
1138,8dd6be99-8c1c-427c-82dc-226189dc8b92,G11302104,B棟,21,1044.0
1139,8dd6be99-8c1c-427c-82dc-226189dc8b92,G11302104,B棟,22,1137.0
1140,8dd6be99-8c1c-427c-82dc-226189dc8b92,G11302104,B棟,23,1241.0
1141,8dd6be99-8c1c-427c-82dc-226189dc8b92,G11302104,B棟,24,1337.0
1142,8dd6be99-8c1c-427c-82dc-226189dc8b92,G11302104,B棟,25,1434.0
1143,8dd6be99-8c1c-427c-82dc-226189dc8b92,G11302104,B棟,26,1549.0
1144,8dd6be99-8c1c-427c-82dc-226189dc8b92,G11302104,B棟,27,1626.0
1145,8dd6be99-8c1c-427c-82dc-226189dc8b92,G11302104,B棟,28,1733.0
1146,8dd6be99-8c1c-427c-82dc-226189dc8b92,G11302104,B棟,29,1818.0
1147,8dd6be99-8c1c-427c-82dc-226189dc8b92,G11302104,B棟,30,1942.0
1148,8dd6be99-8c1c-427c-82dc-226189dc8b92,G11302104,B棟,31,2013.0
1151,8dd6be99-8c1c-427c-82dc-226189dc8b92,G11302104,C棟,0,37.0
1152,8dd6be99-8c1c-427c-82dc-226189dc8b92,G11302104,C棟,1,45.0
1153,8dd6be99-8c1c-427c-82dc-226189dc8b92,G11302104,C棟,2,57.0
1154,8dd6be99-8c1c-427c-82dc-226189dc8b92,G11302104,C棟,3,59.0
1155,8dd6be99-8c1c-427c-82dc-226189dc8b92,G11302104,C棟,4,102.0
1156,8dd6be99-8c1c-427c-82dc-226189dc8b92,G11302104,C棟,5,129.0
1157,8dd6be99-8c1c-427c-82dc-226189dc8b92,G11302104,C棟,6,167.0
1158,8dd6be99-8c1c-427c-82dc-226189dc8b92,G11302104,C棟,7,209.0
1159,8dd6be99-8c1c-427c-82dc-226189dc8b92,G11302104,C棟,8,259.0
1160,8dd6be99-8c1c-427c-82dc-226189dc8b92,G11302104,C棟,9,308.0
1161,8dd6be99-8c1c-427c-82dc-226189dc8b92,G11302104,C棟,10,356.0
1162,8dd6be99-8c1c-427c-82dc-226189dc8b92,G11302104,C棟,11,412.0
1163,8dd6be99-8c1c-427c-82dc-226189dc8b92,G11302104,C棟,12,462.0
1164,8dd6be99-8c1c-427c-82dc-226189dc8b92,G11302104,C棟,13,521.0
1165,8dd6be99-8c1c-427c-82dc-226189dc8b92,G11302104,C棟,14,564.0
1166,8dd6be99-8c1c-427c-82dc-226189dc8b92,G11302104,C棟,15,633.0
1167,8dd6be99-8c1c-427c-82dc-226189dc8b92,G11302104,C棟,16,726.0
1168,8dd6be99-8c1c-427c-82dc-226189dc8b92,G11302104,C棟,17,811.0
1169,8dd6be99-8c1c-427c-82dc-226189dc8b92,G11302104,C棟,18,903.0
1170,8dd6be99-8c1c-427c-82dc-226189dc8b92,G11302104,C棟,19,993.0
1171,8dd6be99-8c1c-427c-82dc-226189dc8b92,G11302104,C棟,20,1031.0
1172,8dd6be99-8c1c-427c-82dc-226189dc8b92,G11302104,C棟,21,1124.0
1173,8dd6be99-8c1c-427c-82dc-226189dc8b92,G11302104,C棟,22,1231.0
1174,8dd6be99-8c1c-427c-82dc-226189dc8b92,G11302104,C棟,23,1319.0
1175,8dd6be99-8c1c-427c-82dc-226189dc8b92,G11302104,C棟,24,1433.0
1176,8dd6be99-8c1c-427c-82dc-226189dc8b92,G11302104,C棟,25,1549.0
1177,8dd6be99-8c1c-427c-82dc-226189dc8b92,G11302104,C棟,26,1585.0
1178,8dd6be99-8c1c-427c-82dc-226189dc8b92,G11302104,C棟,27,1711.0
1179,8dd6be99-8c1c-427c-82dc-226189dc8b92,G11302104,C棟,28,1803.0
1180,8dd6be99-8c1c-427c-82dc-226189dc8b92,G11302104,C棟,29,1929.0
1181,8dd6be99-8c1c-427c-82dc-226189dc8b92,G11302104,C棟,30,2004.0
1182,8dd6be99-8c1c-427c-82dc-226189dc8b92,G11302104,C棟,31,2196.0
1185,c878da16-a4df-46f9-9ce8-fd357ca7193c,G11303101,A棟,0,42.0
1186,c878da16-a4df-46f9-9ce8-fd357ca7193c,G11303101,A棟,1,54.0
1187,c878da16-a4df-46f9-9ce8-fd357ca7193c,G11303101,A棟,2,84.0
1188,c878da16-a4df-46f9-9ce8-fd357ca7193c,G11303101,A棟,3,101.0
1189,c878da16-a4df-46f9-9ce8-fd357ca7193c,G11303101,A棟,4,141.0
1190,c878da16-a4df-46f9-9ce8-fd357ca7193c,G11303101,A棟,5,179.0
1191,c878da16-a4df-46f9-9ce8-fd357ca7193c,G11303101,A棟,6,193.0
1192,c878da16-a4df-46f9-9ce8-fd357ca7193c,G11303101,A棟,7,204.0
1193,c878da16-a4df-46f9-9ce8-fd357ca7193c,G11303101,A棟,8,242.0
1194,c878da16-a4df-46f9-9ce8-fd357ca7193c,G11303101,A棟,9,379.0
1195,c878da16-a4df-46f9-9ce8-fd357ca7193c,G11303101,A棟,10,452.0
1196,c878da16-a4df-46f9-9ce8-fd357ca7193c,G11303101,A棟,11,361.0
1197,c878da16-a4df-46f9-9ce8-fd357ca7193c,G11303101,A棟,12,401.0
1198,c878da16-a4df-46f9-9ce8-fd357ca7193c,G11303101,A棟,13,461.0
1199,c878da16-a4df-46f9-9ce8-fd357ca7193c,G11303101,A棟,14,530.0
1200,c878da16-a4df-46f9-9ce8-fd357ca7193c,G11303101,A棟,15,600.0
1201,c878da16-a4df-46f9-9ce8-fd357ca7193c,G11303101,A棟,16,666.0
1202,c878da16-a4df-46f9-9ce8-fd357ca7193c,G11303101,A棟,17,770.0
1203,c878da16-a4df-46f9-9ce8-fd357ca7193c,G11303101,A棟,18,814.0
1204,c878da16-a4df-46f9-9ce8-fd357ca7193c,G11303101,A棟,19,884.0
1205,c878da16-a4df-46f9-9ce8-fd357ca7193c,G11303101,A棟,20,970.0
1206,c878da16-a4df-46f9-9ce8-fd357ca7193c,G11303101,A棟,21,1072.0
1207,c878da16-a4df-46f9-9ce8-fd357ca7193c,G11303101,A棟,22,1154.0
1208,c878da16-a4df-46f9-9ce8-fd357ca7193c,G11303101,A棟,23,1224.0
1209,c878da16-a4df-46f9-9ce8-fd357ca7193c,G11303101,A棟,24,1332.0
1210,c878da16-a4df-46f9-9ce8-fd357ca7193c,G11303101,A棟,25,1440.0
1211,c878da16-a4df-46f9-9ce8-fd357ca7193c,G11303101,A棟,26,1543.0
1212,c878da16-a4df-46f9-9ce8-fd357ca7193c,G11303101,A棟,27,1604.0
1213,c878da16-a4df-46f9-9ce8-fd357ca7193c,G11303101,A棟,28,1742.0
1214,c878da16-a4df-46f9-9ce8-fd357ca7193c,G11303101,A棟,29,1827.0
1215,c878da16-a4df-46f9-9ce8-fd357ca7193c,G11303101,A棟,30,1973.0
1216,c878da16-a4df-46f9-9ce8-fd357ca7193c,G11303101,A棟,31,2020.0
1218,98948182-62a4-4ef3-8202-ceb23ae188a7,G11303102,A棟,0,33.0
1219,98948182-62a4-4ef3-8202-ceb23ae188a7,G11303102,A棟,1,35.0
1220,98948182-62a4-4ef3-8202-ceb23ae188a7,G11303102,A棟,2,38.0
1221,98948182-62a4-4ef3-8202-ceb23ae188a7,G11303102,A棟,3,56.0
1222,98948182-62a4-4ef3-8202-ceb23ae188a7,G11303102,A棟,4,78.0
1223,98948182-62a4-4ef3-8202-ceb23ae188a7,G11303102,A棟,5,118.0
1224,98948182-62a4-4ef3-8202-ceb23ae188a7,G11303102,A棟,6,139.0
1225,98948182-62a4-4ef3-8202-ceb23ae188a7,G11303102,A棟,7,193.0
1226,98948182-62a4-4ef3-8202-ceb23ae188a7,G11303102,A棟,8,254.0
1227,98948182-62a4-4ef3-8202-ceb23ae188a7,G11303102,A棟,9,257.0
1228,98948182-62a4-4ef3-8202-ceb23ae188a7,G11303102,A棟,10,290.0
1229,98948182-62a4-4ef3-8202-ceb23ae188a7,G11303102,A棟,11,345.0
1230,98948182-62a4-4ef3-8202-ceb23ae188a7,G11303102,A棟,12,390.0
1231,98948182-62a4-4ef3-8202-ceb23ae188a7,G11303102,A棟,13,425.0
1232,98948182-62a4-4ef3-8202-ceb23ae188a7,G11303102,A棟,14,489.0
1233,98948182-62a4-4ef3-8202-ceb23ae188a7,G11303102,A棟,15,556.0
1234,98948182-62a4-4ef3-8202-ceb23ae188a7,G11303102,A棟,16,627.0
1235,98948182-62a4-4ef3-8202-ceb23ae188a7,G11303102,A棟,17,697.0
1236,98948182-62a4-4ef3-8202-ceb23ae188a7,G11303102,A棟,18,771.0
1237,98948182-62a4-4ef3-8202-ceb23ae188a7,G11303102,A棟,19,843.0
1238,98948182-62a4-4ef3-8202-ceb23ae188a7,G11303102,A棟,20,924.0
1239,98948182-62a4-4ef3-8202-ceb23ae188a7,G11303102,A棟,21,1022.0
1240,98948182-62a4-4ef3-8202-ceb23ae188a7,G11303102,A棟,22,1102.0
1241,98948182-62a4-4ef3-8202-ceb23ae188a7,G11303102,A棟,23,1219.0
1242,98948182-62a4-4ef3-8202-ceb23ae188a7,G11303102,A棟,24,1316.0
1243,98948182-62a4-4ef3-8202-ceb23ae188a7,G11303102,A棟,25,1401.0
1244,98948182-62a4-4ef3-8202-ceb23ae188a7,G11303102,A棟,26,1481.0
1245,98948182-62a4-4ef3-8202-ceb23ae188a7,G11303102,A棟,27,1598.0
1246,98948182-62a4-4ef3-8202-ceb23ae188a7,G11303102,A棟,28,1731.0
1247,98948182-62a4-4ef3-8202-ceb23ae188a7,G11303102,A棟,29,1764.0
1248,98948182-62a4-4ef3-8202-ceb23ae188a7,G11303102,A棟,30,1887.0
1249,98948182-62a4-4ef3-8202-ceb23ae188a7,G11303102,A棟,31,1979.0
1252,62c0b26d-85a0-479e-8607-3e7eca0a4fe2,G11303103,上層,0,42.0
1253,62c0b26d-85a0-479e-8607-3e7eca0a4fe2,G11303103,上層,1,52.0
1254,62c0b26d-85a0-479e-8607-3e7eca0a4fe2,G11303103,上層,2,74.0
1255,62c0b26d-85a0-479e-8607-3e7eca0a4fe2,G11303103,上層,3,88.0
1256,62c0b26d-85a0-479e-8607-3e7eca0a4fe2,G11303103,上層,4,110.0
1257,62c0b26d-85a0-479e-8607-3e7eca0a4fe2,G11303103,上層,5,135.0
1258,62c0b26d-85a0-479e-8607-3e7eca0a4fe2,G11303103,上層,6,169.0
1259,62c0b26d-85a0-479e-8607-3e7eca0a4fe2,G11303103,上層,7,197.0
1260,62c0b26d-85a0-479e-8607-3e7eca0a4fe2,G11303103,上層,8,238.0
1261,62c0b26d-85a0-479e-8607-3e7eca0a4fe2,G11303103,上層,9,281.0
1262,62c0b26d-85a0-479e-8607-3e7eca0a4fe2,G11303103,上層,10,274.0
1263,62c0b26d-85a0-479e-8607-3e7eca0a4fe2,G11303103,上層,11,319.0
1264,62c0b26d-85a0-479e-8607-3e7eca0a4fe2,G11303103,上層,12,374.0
1265,62c0b26d-85a0-479e-8607-3e7eca0a4fe2,G11303103,上層,13,429.0
1266,62c0b26d-85a0-479e-8607-3e7eca0a4fe2,G11303103,上層,14,493.0
1267,62c0b26d-85a0-479e-8607-3e7eca0a4fe2,G11303103,上層,15,564.0
1268,62c0b26d-85a0-479e-8607-3e7eca0a4fe2,G11303103,上層,16,633.0
1269,62c0b26d-85a0-479e-8607-3e7eca0a4fe2,G11303103,上層,17,701.0
1270,62c0b26d-85a0-479e-8607-3e7eca0a4fe2,G11303103,上層,18,777.0
1271,62c0b26d-85a0-479e-8607-3e7eca0a4fe2,G11303103,上層,19,845.0
1272,62c0b26d-85a0-479e-8607-3e7eca0a4fe2,G11303103,上層,20,945.0
1273,62c0b26d-85a0-479e-8607-3e7eca0a4fe2,G11303103,上層,21,1025.0
1274,62c0b26d-85a0-479e-8607-3e7eca0a4fe2,G11303103,上層,22,1106.0
1275,62c0b26d-85a0-479e-8607-3e7eca0a4fe2,G11303103,上層,23,1195.0
1276,62c0b26d-85a0-479e-8607-3e7eca0a4fe2,G11303103,上層,24,1267.0
1277,62c0b26d-85a0-479e-8607-3e7eca0a4fe2,G11303103,上層,25,1374.0
1278,62c0b26d-85a0-479e-8607-3e7eca0a4fe2,G11303103,上層,26,1452.0
1279,62c0b26d-85a0-479e-8607-3e7eca0a4fe2,G11303103,上層,27,1528.0
1280,62c0b26d-85a0-479e-8607-3e7eca0a4fe2,G11303103,上層,28,1612.0
1281,62c0b26d-85a0-479e-8607-3e7eca0a4fe2,G11303103,上層,29,1724.0
1282,62c0b26d-85a0-479e-8607-3e7eca0a4fe2,G11303103,上層,30,1818.0
1283,62c0b26d-85a0-479e-8607-3e7eca0a4fe2,G11303103,上層,31,1934.0
1303,62c0b26d-85a0-479e-8607-3e7eca0a4fe2,G11303103,下層,0,42.0
1304,62c0b26d-85a0-479e-8607-3e7eca0a4fe2,G11303103,下層,1,58.0
1305,62c0b26d-85a0-479e-8607-3e7eca0a4fe2,G11303103,下層,2,79.0
1306,62c0b26d-85a0-479e-8607-3e7eca0a4fe2,G11303103,下層,3,97.0
1307,62c0b26d-85a0-479e-8607-3e7eca0a4fe2,G11303103,下層,4,124.0
1308,62c0b26d-85a0-479e-8607-3e7eca0a4fe2,G11303103,下層,5,152.0
1309,62c0b26d-85a0-479e-8607-3e7eca0a4fe2,G11303103,下層,6,178.0
1310,62c0b26d-85a0-479e-8607-3e7eca0a4fe2,G11303103,下層,7,207.0
1311,62c0b26d-85a0-479e-8607-3e7eca0a4fe2,G11303103,下層,8,254.0
1312,62c0b26d-85a0-479e-8607-3e7eca0a4fe2,G11303103,下層,9,307.0
1313,62c0b26d-85a0-479e-8607-3e7eca0a4fe2,G11303103,下層,10,294.0
1314,62c0b26d-85a0-479e-8607-3e7eca0a4fe2,G11303103,下層,11,336.0
1315,62c0b26d-85a0-479e-8607-3e7eca0a4fe2,G11303103,下層,12,387.0
1316,62c0b26d-85a0-479e-8607-3e7eca0a4fe2,G11303103,下層,13,438.0
1317,62c0b26d-85a0-479e-8607-3e7eca0a4fe2,G11303103,下層,14,499.0
1318,62c0b26d-85a0-479e-8607-3e7eca0a4fe2,G11303103,下層,15,566.0
1319,62c0b26d-85a0-479e-8607-3e7eca0a4fe2,G11303103,下層,16,634.0
1320,62c0b26d-85a0-479e-8607-3e7eca0a4fe2,G11303103,下層,17,714.0
1321,62c0b26d-85a0-479e-8607-3e7eca0a4fe2,G11303103,下層,18,797.0
1322,62c0b26d-85a0-479e-8607-3e7eca0a4fe2,G11303103,下層,19,868.0
1323,62c0b26d-85a0-479e-8607-3e7eca0a4fe2,G11303103,下層,20,968.0
1324,62c0b26d-85a0-479e-8607-3e7eca0a4fe2,G11303103,下層,21,1045.0
1325,62c0b26d-85a0-479e-8607-3e7eca0a4fe2,G11303103,下層,22,1136.0
1326,62c0b26d-85a0-479e-8607-3e7eca0a4fe2,G11303103,下層,23,1223.0
1327,62c0b26d-85a0-479e-8607-3e7eca0a4fe2,G11303103,下層,24,1286.0
1328,62c0b26d-85a0-479e-8607-3e7eca0a4fe2,G11303103,下層,25,1382.0
1329,62c0b26d-85a0-479e-8607-3e7eca0a4fe2,G11303103,下層,26,1468.0
1330,62c0b26d-85a0-479e-8607-3e7eca0a4fe2,G11303103,下層,27,1546.0
1331,62c0b26d-85a0-479e-8607-3e7eca0a4fe2,G11303103,下層,28,1609.0
1332,62c0b26d-85a0-479e-8607-3e7eca0a4fe2,G11303103,下層,29,1729.0
1333,62c0b26d-85a0-479e-8607-3e7eca0a4fe2,G11303103,下層,30,1817.0
1334,62c0b26d-85a0-479e-8607-3e7eca0a4fe2,G11303103,下層,31,1925.0
1338,eef47f04-01e7-4b49-8827-e231694ea345,G11303104,上層,0,42.0
1339,eef47f04-01e7-4b49-8827-e231694ea345,G11303104,上層,1,50.0
1340,eef47f04-01e7-4b49-8827-e231694ea345,G11303104,上層,2,70.0
1341,eef47f04-01e7-4b49-8827-e231694ea345,G11303104,上層,3,85.0
1342,eef47f04-01e7-4b49-8827-e231694ea345,G11303104,上層,4,119.0
1343,eef47f04-01e7-4b49-8827-e231694ea345,G11303104,上層,5,162.0
1344,eef47f04-01e7-4b49-8827-e231694ea345,G11303104,上層,6,211.0
1345,eef47f04-01e7-4b49-8827-e231694ea345,G11303104,上層,7,250.0
1346,eef47f04-01e7-4b49-8827-e231694ea345,G11303104,上層,8,282.0
1347,eef47f04-01e7-4b49-8827-e231694ea345,G11303104,上層,9,330.0
1348,eef47f04-01e7-4b49-8827-e231694ea345,G11303104,上層,10,377.0
1349,eef47f04-01e7-4b49-8827-e231694ea345,G11303104,上層,11,451.0
1350,eef47f04-01e7-4b49-8827-e231694ea345,G11303104,上層,12,503.0
1351,eef47f04-01e7-4b49-8827-e231694ea345,G11303104,上層,13,512.0
1352,eef47f04-01e7-4b49-8827-e231694ea345,G11303104,上層,14,568.0
1353,eef47f04-01e7-4b49-8827-e231694ea345,G11303104,上層,15,638.0
1354,eef47f04-01e7-4b49-8827-e231694ea345,G11303104,上層,16,710.0
1355,eef47f04-01e7-4b49-8827-e231694ea345,G11303104,上層,17,802.0
1356,eef47f04-01e7-4b49-8827-e231694ea345,G11303104,上層,18,897.0
1357,eef47f04-01e7-4b49-8827-e231694ea345,G11303104,上層,19,976.0
1358,eef47f04-01e7-4b49-8827-e231694ea345,G11303104,上層,20,1090.0
1359,eef47f04-01e7-4b49-8827-e231694ea345,G11303104,上層,21,1149.0
1360,eef47f04-01e7-4b49-8827-e231694ea345,G11303104,上層,22,1267.0
1361,eef47f04-01e7-4b49-8827-e231694ea345,G11303104,上層,23,1368.0
1362,eef47f04-01e7-4b49-8827-e231694ea345,G11303104,上層,24,1468.0
1363,eef47f04-01e7-4b49-8827-e231694ea345,G11303104,上層,25,1579.0
1364,eef47f04-01e7-4b49-8827-e231694ea345,G11303104,上層,26,1689.0
1365,eef47f04-01e7-4b49-8827-e231694ea345,G11303104,上層,27,1712.0
1366,eef47f04-01e7-4b49-8827-e231694ea345,G11303104,上層,28,1788.0
1367,eef47f04-01e7-4b49-8827-e231694ea345,G11303104,上層,29,1914.0
1368,eef47f04-01e7-4b49-8827-e231694ea345,G11303104,上層,30,1966.0
1369,eef47f04-01e7-4b49-8827-e231694ea345,G11303104,上層,31,2064.0
1374,eef47f04-01e7-4b49-8827-e231694ea345,G11303104,下層,0,39.0
1375,eef47f04-01e7-4b49-8827-e231694ea345,G11303104,下層,1,52.0
1376,eef47f04-01e7-4b49-8827-e231694ea345,G11303104,下層,2,70.0
1377,eef47f04-01e7-4b49-8827-e231694ea345,G11303104,下層,3,91.0
1378,eef47f04-01e7-4b49-8827-e231694ea345,G11303104,下層,4,125.0
1379,eef47f04-01e7-4b49-8827-e231694ea345,G11303104,下層,5,170.0
1380,eef47f04-01e7-4b49-8827-e231694ea345,G11303104,下層,6,203.0
1381,eef47f04-01e7-4b49-8827-e231694ea345,G11303104,下層,7,244.0
1382,eef47f04-01e7-4b49-8827-e231694ea345,G11303104,下層,8,284.0
1383,eef47f04-01e7-4b49-8827-e231694ea345,G11303104,下層,9,327.0
1384,eef47f04-01e7-4b49-8827-e231694ea345,G11303104,下層,10,389.0
1385,eef47f04-01e7-4b49-8827-e231694ea345,G11303104,下層,11,441.0
1386,eef47f04-01e7-4b49-8827-e231694ea345,G11303104,下層,12,508.0
1387,eef47f04-01e7-4b49-8827-e231694ea345,G11303104,下層,13,550.0
1388,eef47f04-01e7-4b49-8827-e231694ea345,G11303104,下層,14,580.0
1389,eef47f04-01e7-4b49-8827-e231694ea345,G11303104,下層,15,644.0
1390,eef47f04-01e7-4b49-8827-e231694ea345,G11303104,下層,16,719.0
1391,eef47f04-01e7-4b49-8827-e231694ea345,G11303104,下層,17,813.0
1392,eef47f04-01e7-4b49-8827-e231694ea345,G11303104,下層,18,914.0
1393,eef47f04-01e7-4b49-8827-e231694ea345,G11303104,下層,19,985.0
1394,eef47f04-01e7-4b49-8827-e231694ea345,G11303104,下層,20,1097.0
1395,eef47f04-01e7-4b49-8827-e231694ea345,G11303104,下層,21,1198.0
1396,eef47f04-01e7-4b49-8827-e231694ea345,G11303104,下層,22,1321.0
1397,eef47f04-01e7-4b49-8827-e231694ea345,G11303104,下層,23,1401.0
1398,eef47f04-01e7-4b49-8827-e231694ea345,G11303104,下層,24,1508.0
1399,eef47f04-01e7-4b49-8827-e231694ea345,G11303104,下層,25,1614.0
1400,eef47f04-01e7-4b49-8827-e231694ea345,G11303104,下層,26,1689.0
1401,eef47f04-01e7-4b49-8827-e231694ea345,G11303104,下層,27,1771.0
1402,eef47f04-01e7-4b49-8827-e231694ea345,G11303104,下層,28,1861.0
1403,eef47f04-01e7-4b49-8827-e231694ea345,G11303104,下層,29,1972.0
1404,eef47f04-01e7-4b49-8827-e231694ea345,G11303104,下層,30,2006.0
1405,eef47f04-01e7-4b49-8827-e231694ea345,G11303104,下層,31,2104.0
1446,a1e231c6-87ab-43fa-9047-e292b19f146d,G11304104,上層,0,42.0
1447,a1e231c6-87ab-43fa-9047-e292b19f146d,G11304104,上層,1,56.0
1448,a1e231c6-87ab-43fa-9047-e292b19f146d,G11304104,上層,2,63.0
1449,a1e231c6-87ab-43fa-9047-e292b19f146d,G11304104,上層,3,83.0
1450,a1e231c6-87ab-43fa-9047-e292b19f146d,G11304104,上層,4,103.0
1451,a1e231c6-87ab-43fa-9047-e292b19f146d,G11304104,上層,5,122.0
1452,a1e231c6-87ab-43fa-9047-e292b19f146d,G11304104,上層,6,157.0
1453,a1e231c6-87ab-43fa-9047-e292b19f146d,G11304104,上層,7,173.0
1454,a1e231c6-87ab-43fa-9047-e292b19f146d,G11304104,上層,8,215.0
1455,a1e231c6-87ab-43fa-9047-e292b19f146d,G11304104,上層,9,244.0
1456,a1e231c6-87ab-43fa-9047-e292b19f146d,G11304104,上層,10,286.0
1457,a1e231c6-87ab-43fa-9047-e292b19f146d,G11304104,上層,11,340.0
1458,a1e231c6-87ab-43fa-9047-e292b19f146d,G11304104,上層,12,394.0
1459,a1e231c6-87ab-43fa-9047-e292b19f146d,G11304104,上層,13,461.0
1460,a1e231c6-87ab-43fa-9047-e292b19f146d,G11304104,上層,14,514.0
1461,a1e231c6-87ab-43fa-9047-e292b19f146d,G11304104,上層,15,594.0
1462,a1e231c6-87ab-43fa-9047-e292b19f146d,G11304104,上層,16,673.0
1463,a1e231c6-87ab-43fa-9047-e292b19f146d,G11304104,上層,17,755.0
1464,a1e231c6-87ab-43fa-9047-e292b19f146d,G11304104,上層,18,831.0
1465,a1e231c6-87ab-43fa-9047-e292b19f146d,G11304104,上層,19,880.0
1466,a1e231c6-87ab-43fa-9047-e292b19f146d,G11304104,上層,20,984.0
1467,a1e231c6-87ab-43fa-9047-e292b19f146d,G11304104,上層,21,1077.0
1468,a1e231c6-87ab-43fa-9047-e292b19f146d,G11304104,上層,22,1186.0
1469,a1e231c6-87ab-43fa-9047-e292b19f146d,G11304104,上層,23,1272.0
1470,a1e231c6-87ab-43fa-9047-e292b19f146d,G11304104,上層,24,1381.0
1471,a1e231c6-87ab-43fa-9047-e292b19f146d,G11304104,上層,25,1494.0
1472,a1e231c6-87ab-43fa-9047-e292b19f146d,G11304104,上層,26,1581.0
1473,a1e231c6-87ab-43fa-9047-e292b19f146d,G11304104,上層,27,1679.0
1474,a1e231c6-87ab-43fa-9047-e292b19f146d,G11304104,上層,28,1761.0
1475,a1e231c6-87ab-43fa-9047-e292b19f146d,G11304104,上層,29,1844.0
1476,a1e231c6-87ab-43fa-9047-e292b19f146d,G11304104,上層,30,1942.0
1477,a1e231c6-87ab-43fa-9047-e292b19f146d,G11304104,上層,31,2084.0
1480,a1e231c6-87ab-43fa-9047-e292b19f146d,G11304104,下層,0,38.0
1481,a1e231c6-87ab-43fa-9047-e292b19f146d,G11304104,下層,1,52.0
1482,a1e231c6-87ab-43fa-9047-e292b19f146d,G11304104,下層,2,66.0
1483,a1e231c6-87ab-43fa-9047-e292b19f146d,G11304104,下層,3,81.0
1484,a1e231c6-87ab-43fa-9047-e292b19f146d,G11304104,下層,4,102.0
1485,a1e231c6-87ab-43fa-9047-e292b19f146d,G11304104,下層,5,131.0
1486,a1e231c6-87ab-43fa-9047-e292b19f146d,G11304104,下層,6,153.0
1487,a1e231c6-87ab-43fa-9047-e292b19f146d,G11304104,下層,7,184.0
1488,a1e231c6-87ab-43fa-9047-e292b19f146d,G11304104,下層,8,213.0
1489,a1e231c6-87ab-43fa-9047-e292b19f146d,G11304104,下層,9,250.0
1490,a1e231c6-87ab-43fa-9047-e292b19f146d,G11304104,下層,10,275.0
1491,a1e231c6-87ab-43fa-9047-e292b19f146d,G11304104,下層,11,317.0
1492,a1e231c6-87ab-43fa-9047-e292b19f146d,G11304104,下層,12,364.0
1493,a1e231c6-87ab-43fa-9047-e292b19f146d,G11304104,下層,13,421.0
1494,a1e231c6-87ab-43fa-9047-e292b19f146d,G11304104,下層,14,479.0
1495,a1e231c6-87ab-43fa-9047-e292b19f146d,G11304104,下層,15,545.0
1496,a1e231c6-87ab-43fa-9047-e292b19f146d,G11304104,下層,16,614.0
1497,a1e231c6-87ab-43fa-9047-e292b19f146d,G11304104,下層,17,692.0
1498,a1e231c6-87ab-43fa-9047-e292b19f146d,G11304104,下層,18,772.0
1499,a1e231c6-87ab-43fa-9047-e292b19f146d,G11304104,下層,19,862.0
1500,a1e231c6-87ab-43fa-9047-e292b19f146d,G11304104,下層,20,948.0
1501,a1e231c6-87ab-43fa-9047-e292b19f146d,G11304104,下層,21,1035.0
1502,a1e231c6-87ab-43fa-9047-e292b19f146d,G11304104,下層,22,1146.0
1503,a1e231c6-87ab-43fa-9047-e292b19f146d,G11304104,下層,23,1226.0
1504,a1e231c6-87ab-43fa-9047-e292b19f146d,G11304104,下層,24,1330.0
1505,a1e231c6-87ab-43fa-9047-e292b19f146d,G11304104,下層,25,1465.0
1506,a1e231c6-87ab-43fa-9047-e292b19f146d,G11304104,下層,26,1562.0
1507,a1e231c6-87ab-43fa-9047-e292b19f146d,G11304104,下層,27,1667.0
1508,a1e231c6-87ab-43fa-9047-e292b19f146d,G11304104,下層,28,1761.0
1509,a1e231c6-87ab-43fa-9047-e292b19f146d,G11304104,下層,29,1866.0
1510,a1e231c6-87ab-43fa-9047-e292b19f146d,G11304104,下層,30,2008.0
1511,a1e231c6-87ab-43fa-9047-e292b19f146d,G11304104,下層,31,2105.0
1514,f5db36da-e119-40db-923f-0e06f6ab5a2c,G11304105,A棟上層,0,38.0
1515,f5db36da-e119-40db-923f-0e06f6ab5a2c,G11304105,A棟上層,1,47.0
1516,f5db36da-e119-40db-923f-0e06f6ab5a2c,G11304105,A棟上層,2,58.0
1517,f5db36da-e119-40db-923f-0e06f6ab5a2c,G11304105,A棟上層,3,88.0
1518,f5db36da-e119-40db-923f-0e06f6ab5a2c,G11304105,A棟上層,4,108.0
1519,f5db36da-e119-40db-923f-0e06f6ab5a2c,G11304105,A棟上層,5,134.0
1520,f5db36da-e119-40db-923f-0e06f6ab5a2c,G11304105,A棟上層,6,152.0
1521,f5db36da-e119-40db-923f-0e06f6ab5a2c,G11304105,A棟上層,7,168.0
1522,f5db36da-e119-40db-923f-0e06f6ab5a2c,G11304105,A棟上層,8,201.0
1523,f5db36da-e119-40db-923f-0e06f6ab5a2c,G11304105,A棟上層,9,236.0
1524,f5db36da-e119-40db-923f-0e06f6ab5a2c,G11304105,A棟上層,10,275.0
1525,f5db36da-e119-40db-923f-0e06f6ab5a2c,G11304105,A棟上層,11,324.0
1526,f5db36da-e119-40db-923f-0e06f6ab5a2c,G11304105,A棟上層,12,377.0
1527,f5db36da-e119-40db-923f-0e06f6ab5a2c,G11304105,A棟上層,13,443.0
1528,f5db36da-e119-40db-923f-0e06f6ab5a2c,G11304105,A棟上層,14,518.0
1529,f5db36da-e119-40db-923f-0e06f6ab5a2c,G11304105,A棟上層,15,577.0
1530,f5db36da-e119-40db-923f-0e06f6ab5a2c,G11304105,A棟上層,16,650.0
1531,f5db36da-e119-40db-923f-0e06f6ab5a2c,G11304105,A棟上層,17,744.0
1532,f5db36da-e119-40db-923f-0e06f6ab5a2c,G11304105,A棟上層,18,824.0
1533,f5db36da-e119-40db-923f-0e06f6ab5a2c,G11304105,A棟上層,19,909.0
1534,f5db36da-e119-40db-923f-0e06f6ab5a2c,G11304105,A棟上層,20,1008.0
1535,f5db36da-e119-40db-923f-0e06f6ab5a2c,G11304105,A棟上層,21,1104.0
1536,f5db36da-e119-40db-923f-0e06f6ab5a2c,G11304105,A棟上層,22,1196.0
1537,f5db36da-e119-40db-923f-0e06f6ab5a2c,G11304105,A棟上層,23,1315.0
1538,f5db36da-e119-40db-923f-0e06f6ab5a2c,G11304105,A棟上層,24,1417.0
1539,f5db36da-e119-40db-923f-0e06f6ab5a2c,G11304105,A棟上層,25,1521.0
1540,f5db36da-e119-40db-923f-0e06f6ab5a2c,G11304105,A棟上層,26,1623.0
1541,f5db36da-e119-40db-923f-0e06f6ab5a2c,G11304105,A棟上層,27,1668.0
1542,f5db36da-e119-40db-923f-0e06f6ab5a2c,G11304105,A棟上層,28,1697.0
1543,f5db36da-e119-40db-923f-0e06f6ab5a2c,G11304105,A棟上層,29,1789.0
1544,f5db36da-e119-40db-923f-0e06f6ab5a2c,G11304105,A棟上層,30,1905.0
1545,f5db36da-e119-40db-923f-0e06f6ab5a2c,G11304105,A棟上層,31,1983.0
1547,f5db36da-e119-40db-923f-0e06f6ab5a2c,G11304105,A棟下層,0,40.0
1548,f5db36da-e119-40db-923f-0e06f6ab5a2c,G11304105,A棟下層,1,53.0
1549,f5db36da-e119-40db-923f-0e06f6ab5a2c,G11304105,A棟下層,2,65.0
1550,f5db36da-e119-40db-923f-0e06f6ab5a2c,G11304105,A棟下層,3,83.0
1551,f5db36da-e119-40db-923f-0e06f6ab5a2c,G11304105,A棟下層,4,92.0
1552,f5db36da-e119-40db-923f-0e06f6ab5a2c,G11304105,A棟下層,5,135.0
1553,f5db36da-e119-40db-923f-0e06f6ab5a2c,G11304105,A棟下層,6,156.0
1554,f5db36da-e119-40db-923f-0e06f6ab5a2c,G11304105,A棟下層,7,183.0
1555,f5db36da-e119-40db-923f-0e06f6ab5a2c,G11304105,A棟下層,8,153.0
1556,f5db36da-e119-40db-923f-0e06f6ab5a2c,G11304105,A棟下層,9,190.0
1557,f5db36da-e119-40db-923f-0e06f6ab5a2c,G11304105,A棟下層,10,286.0
1558,f5db36da-e119-40db-923f-0e06f6ab5a2c,G11304105,A棟下層,11,330.0
1559,f5db36da-e119-40db-923f-0e06f6ab5a2c,G11304105,A棟下層,12,390.0
1560,f5db36da-e119-40db-923f-0e06f6ab5a2c,G11304105,A棟下層,13,434.0
1561,f5db36da-e119-40db-923f-0e06f6ab5a2c,G11304105,A棟下層,14,497.0
1562,f5db36da-e119-40db-923f-0e06f6ab5a2c,G11304105,A棟下層,15,560.0
1563,f5db36da-e119-40db-923f-0e06f6ab5a2c,G11304105,A棟下層,16,616.0
1564,f5db36da-e119-40db-923f-0e06f6ab5a2c,G11304105,A棟下層,17,680.0
1565,f5db36da-e119-40db-923f-0e06f6ab5a2c,G11304105,A棟下層,18,747.0
1566,f5db36da-e119-40db-923f-0e06f6ab5a2c,G11304105,A棟下層,19,840.0
1567,f5db36da-e119-40db-923f-0e06f6ab5a2c,G11304105,A棟下層,20,945.0
1568,f5db36da-e119-40db-923f-0e06f6ab5a2c,G11304105,A棟下層,21,1026.0
1569,f5db36da-e119-40db-923f-0e06f6ab5a2c,G11304105,A棟下層,22,1136.0
1570,f5db36da-e119-40db-923f-0e06f6ab5a2c,G11304105,A棟下層,23,1225.0
1571,f5db36da-e119-40db-923f-0e06f6ab5a2c,G11304105,A棟下層,24,1332.0
1572,f5db36da-e119-40db-923f-0e06f6ab5a2c,G11304105,A棟下層,25,1432.0
1573,f5db36da-e119-40db-923f-0e06f6ab5a2c,G11304105,A棟下層,26,1542.0
1574,f5db36da-e119-40db-923f-0e06f6ab5a2c,G11304105,A棟下層,27,1576.0
1575,f5db36da-e119-40db-923f-0e06f6ab5a2c,G11304105,A棟下層,28,1675.0
1576,f5db36da-e119-40db-923f-0e06f6ab5a2c,G11304105,A棟下層,29,1734.0
1577,f5db36da-e119-40db-923f-0e06f6ab5a2c,G11304105,A棟下層,30,1882.0
1578,f5db36da-e119-40db-923f-0e06f6ab5a2c,G11304105,A棟下層,31,1957.0
1579,f5db36da-e119-40db-923f-0e06f6ab5a2c,G11304105,B棟上層,0,36.0
1580,f5db36da-e119-40db-923f-0e06f6ab5a2c,G11304105,B棟上層,1,45.0
1581,f5db36da-e119-40db-923f-0e06f6ab5a2c,G11304105,B棟上層,2,61.0
1582,f5db36da-e119-40db-923f-0e06f6ab5a2c,G11304105,B棟上層,3,73.0
1583,f5db36da-e119-40db-923f-0e06f6ab5a2c,G11304105,B棟上層,4,105.0
1584,f5db36da-e119-40db-923f-0e06f6ab5a2c,G11304105,B棟上層,5,129.0
1585,f5db36da-e119-40db-923f-0e06f6ab5a2c,G11304105,B棟上層,6,145.0
1586,f5db36da-e119-40db-923f-0e06f6ab5a2c,G11304105,B棟上層,7,177.0
1587,f5db36da-e119-40db-923f-0e06f6ab5a2c,G11304105,B棟上層,8,210.0
1588,f5db36da-e119-40db-923f-0e06f6ab5a2c,G11304105,B棟上層,9,228.0
1589,f5db36da-e119-40db-923f-0e06f6ab5a2c,G11304105,B棟上層,10,267.0
1590,f5db36da-e119-40db-923f-0e06f6ab5a2c,G11304105,B棟上層,11,320.0
1591,f5db36da-e119-40db-923f-0e06f6ab5a2c,G11304105,B棟上層,12,381.0
1592,f5db36da-e119-40db-923f-0e06f6ab5a2c,G11304105,B棟上層,13,438.0
1593,f5db36da-e119-40db-923f-0e06f6ab5a2c,G11304105,B棟上層,14,516.0
1594,f5db36da-e119-40db-923f-0e06f6ab5a2c,G11304105,B棟上層,15,567.0
1595,f5db36da-e119-40db-923f-0e06f6ab5a2c,G11304105,B棟上層,16,642.0
1596,f5db36da-e119-40db-923f-0e06f6ab5a2c,G11304105,B棟上層,17,712.0
1597,f5db36da-e119-40db-923f-0e06f6ab5a2c,G11304105,B棟上層,18,804.0
1598,f5db36da-e119-40db-923f-0e06f6ab5a2c,G11304105,B棟上層,19,834.0
1599,f5db36da-e119-40db-923f-0e06f6ab5a2c,G11304105,B棟上層,20,956.0
1600,f5db36da-e119-40db-923f-0e06f6ab5a2c,G11304105,B棟上層,21,1033.0
1601,f5db36da-e119-40db-923f-0e06f6ab5a2c,G11304105,B棟上層,22,1154.0
1602,f5db36da-e119-40db-923f-0e06f6ab5a2c,G11304105,B棟上層,23,1237.0
1603,f5db36da-e119-40db-923f-0e06f6ab5a2c,G11304105,B棟上層,24,1345.0
1604,f5db36da-e119-40db-923f-0e06f6ab5a2c,G11304105,B棟上層,25,1504.0
1605,f5db36da-e119-40db-923f-0e06f6ab5a2c,G11304105,B棟上層,26,1469.0
1606,f5db36da-e119-40db-923f-0e06f6ab5a2c,G11304105,B棟上層,27,1515.0
1607,f5db36da-e119-40db-923f-0e06f6ab5a2c,G11304105,B棟上層,28,1646.0
1608,f5db36da-e119-40db-923f-0e06f6ab5a2c,G11304105,B棟上層,29,1735.0
1609,f5db36da-e119-40db-923f-0e06f6ab5a2c,G11304105,B棟上層,30,1838.0
1610,f5db36da-e119-40db-923f-0e06f6ab5a2c,G11304105,B棟上層,31,1942.0
1611,f5db36da-e119-40db-923f-0e06f6ab5a2c,G11304105,B棟下層,0,40.0
1612,f5db36da-e119-40db-923f-0e06f6ab5a2c,G11304105,B棟下層,1,44.0
1613,f5db36da-e119-40db-923f-0e06f6ab5a2c,G11304105,B棟下層,2,58.0
1614,f5db36da-e119-40db-923f-0e06f6ab5a2c,G11304105,B棟下層,3,72.0
1615,f5db36da-e119-40db-923f-0e06f6ab5a2c,G11304105,B棟下層,4,96.0
1616,f5db36da-e119-40db-923f-0e06f6ab5a2c,G11304105,B棟下層,5,123.0
1617,f5db36da-e119-40db-923f-0e06f6ab5a2c,G11304105,B棟下層,6,154.0
1618,f5db36da-e119-40db-923f-0e06f6ab5a2c,G11304105,B棟下層,7,162.0
1619,f5db36da-e119-40db-923f-0e06f6ab5a2c,G11304105,B棟下層,8,188.0
1620,f5db36da-e119-40db-923f-0e06f6ab5a2c,G11304105,B棟下層,9,228.0
1621,f5db36da-e119-40db-923f-0e06f6ab5a2c,G11304105,B棟下層,10,268.0
1622,f5db36da-e119-40db-923f-0e06f6ab5a2c,G11304105,B棟下層,11,319.0
1623,f5db36da-e119-40db-923f-0e06f6ab5a2c,G11304105,B棟下層,12,390.0
1624,f5db36da-e119-40db-923f-0e06f6ab5a2c,G11304105,B棟下層,13,436.0
1625,f5db36da-e119-40db-923f-0e06f6ab5a2c,G11304105,B棟下層,14,506.0
1626,f5db36da-e119-40db-923f-0e06f6ab5a2c,G11304105,B棟下層,15,572.0
1627,f5db36da-e119-40db-923f-0e06f6ab5a2c,G11304105,B棟下層,16,643.0
1628,f5db36da-e119-40db-923f-0e06f6ab5a2c,G11304105,B棟下層,17,728.0
1629,f5db36da-e119-40db-923f-0e06f6ab5a2c,G11304105,B棟下層,18,797.0
1630,f5db36da-e119-40db-923f-0e06f6ab5a2c,G11304105,B棟下層,19,870.0
1631,f5db36da-e119-40db-923f-0e06f6ab5a2c,G11304105,B棟下層,20,961.0
1632,f5db36da-e119-40db-923f-0e06f6ab5a2c,G11304105,B棟下層,21,1050.0
1633,f5db36da-e119-40db-923f-0e06f6ab5a2c,G11304105,B棟下層,22,1129.0
1634,f5db36da-e119-40db-923f-0e06f6ab5a2c,G11304105,B棟下層,23,1238.0
1635,f5db36da-e119-40db-923f-0e06f6ab5a2c,G11304105,B棟下層,24,1399.0
1636,f5db36da-e119-40db-923f-0e06f6ab5a2c,G11304105,B棟下層,25,1429.0
1637,f5db36da-e119-40db-923f-0e06f6ab5a2c,G11304105,B棟下層,26,1511.0
1638,f5db36da-e119-40db-923f-0e06f6ab5a2c,G11304105,B棟下層,27,1560.0
1639,f5db36da-e119-40db-923f-0e06f6ab5a2c,G11304105,B棟下層,28,1569.0
1640,f5db36da-e119-40db-923f-0e06f6ab5a2c,G11304105,B棟下層,29,1652.0
1641,f5db36da-e119-40db-923f-0e06f6ab5a2c,G11304105,B棟下層,30,1767.0
1642,f5db36da-e119-40db-923f-0e06f6ab5a2c,G11304105,B棟下層,31,1855.0
1644,bf03e764-50bb-4e45-a670-ce10271d6626,G11304108,仁德廠,0,39.0
1645,bf03e764-50bb-4e45-a670-ce10271d6626,G11304108,仁德廠,1,48.0
1646,bf03e764-50bb-4e45-a670-ce10271d6626,G11304108,仁德廠,2,57.0
1647,bf03e764-50bb-4e45-a670-ce10271d6626,G11304108,仁德廠,3,73.0
1648,bf03e764-50bb-4e45-a670-ce10271d6626,G11304108,仁德廠,4,89.0
1649,bf03e764-50bb-4e45-a670-ce10271d6626,G11304108,仁德廠,5,110.0
1650,bf03e764-50bb-4e45-a670-ce10271d6626,G11304108,仁德廠,6,135.0
1651,bf03e764-50bb-4e45-a670-ce10271d6626,G11304108,仁德廠,7,177.0
1652,bf03e764-50bb-4e45-a670-ce10271d6626,G11304108,仁德廠,8,203.0
1653,bf03e764-50bb-4e45-a670-ce10271d6626,G11304108,仁德廠,9,243.0
1654,bf03e764-50bb-4e45-a670-ce10271d6626,G11304108,仁德廠,10,290.0
1655,bf03e764-50bb-4e45-a670-ce10271d6626,G11304108,仁德廠,11,343.0
1656,bf03e764-50bb-4e45-a670-ce10271d6626,G11304108,仁德廠,12,392.0
1657,bf03e764-50bb-4e45-a670-ce10271d6626,G11304108,仁德廠,13,465.0
1658,bf03e764-50bb-4e45-a670-ce10271d6626,G11304108,仁德廠,14,528.0
1659,bf03e764-50bb-4e45-a670-ce10271d6626,G11304108,仁德廠,15,601.0
1660,bf03e764-50bb-4e45-a670-ce10271d6626,G11304108,仁德廠,16,676.0
1661,bf03e764-50bb-4e45-a670-ce10271d6626,G11304108,仁德廠,17,741.0
1662,bf03e764-50bb-4e45-a670-ce10271d6626,G11304108,仁德廠,18,844.0
1663,bf03e764-50bb-4e45-a670-ce10271d6626,G11304108,仁德廠,19,916.0
1664,bf03e764-50bb-4e45-a670-ce10271d6626,G11304108,仁德廠,20,1016.0
1665,bf03e764-50bb-4e45-a670-ce10271d6626,G11304108,仁德廠,21,1129.0
1666,bf03e764-50bb-4e45-a670-ce10271d6626,G11304108,仁德廠,22,1233.0
1667,bf03e764-50bb-4e45-a670-ce10271d6626,G11304108,仁德廠,23,1321.0
1668,bf03e764-50bb-4e45-a670-ce10271d6626,G11304108,仁德廠,24,1440.0
1669,bf03e764-50bb-4e45-a670-ce10271d6626,G11304108,仁德廠,25,1552.0
1670,bf03e764-50bb-4e45-a670-ce10271d6626,G11304108,仁德廠,26,1638.0
1671,bf03e764-50bb-4e45-a670-ce10271d6626,G11304108,仁德廠,27,1702.0
1672,bf03e764-50bb-4e45-a670-ce10271d6626,G11304108,仁德廠,28,1826.0
1673,bf03e764-50bb-4e45-a670-ce10271d6626,G11304108,仁德廠,29,1877.0
1674,bf03e764-50bb-4e45-a670-ce10271d6626,G11304108,仁德廠,30,1984.0
1675,bf03e764-50bb-4e45-a670-ce10271d6626,G11304108,仁德廠,31,2058.0
1680,62c0b26d-85a0-479e-8607-3e7eca0a4fe2,G11305103,上層,0,42.0
1681,62c0b26d-85a0-479e-8607-3e7eca0a4fe2,G11305103,上層,1,32.0
1682,62c0b26d-85a0-479e-8607-3e7eca0a4fe2,G11305103,上層,2,51.0
1683,62c0b26d-85a0-479e-8607-3e7eca0a4fe2,G11305103,上層,3,64.0
1684,62c0b26d-85a0-479e-8607-3e7eca0a4fe2,G11305103,上層,4,82.0
1685,62c0b26d-85a0-479e-8607-3e7eca0a4fe2,G11305103,上層,5,100.0
1686,62c0b26d-85a0-479e-8607-3e7eca0a4fe2,G11305103,上層,6,126.0
1687,62c0b26d-85a0-479e-8607-3e7eca0a4fe2,G11305103,上層,7,151.0
1688,62c0b26d-85a0-479e-8607-3e7eca0a4fe2,G11305103,上層,8,190.0
1689,62c0b26d-85a0-479e-8607-3e7eca0a4fe2,G11305103,上層,9,213.0
1690,62c0b26d-85a0-479e-8607-3e7eca0a4fe2,G11305103,上層,10,250.0
1691,62c0b26d-85a0-479e-8607-3e7eca0a4fe2,G11305103,上層,11,294.0
1692,62c0b26d-85a0-479e-8607-3e7eca0a4fe2,G11305103,上層,12,347.0
1693,62c0b26d-85a0-479e-8607-3e7eca0a4fe2,G11305103,上層,13,405.0
1694,62c0b26d-85a0-479e-8607-3e7eca0a4fe2,G11305103,上層,14,469.0
1695,62c0b26d-85a0-479e-8607-3e7eca0a4fe2,G11305103,上層,15,543.0
1696,62c0b26d-85a0-479e-8607-3e7eca0a4fe2,G11305103,上層,16,605.0
1697,62c0b26d-85a0-479e-8607-3e7eca0a4fe2,G11305103,上層,17,671.0
1698,62c0b26d-85a0-479e-8607-3e7eca0a4fe2,G11305103,上層,18,746.0
1699,62c0b26d-85a0-479e-8607-3e7eca0a4fe2,G11305103,上層,19,812.0
1700,62c0b26d-85a0-479e-8607-3e7eca0a4fe2,G11305103,上層,20,906.0
1701,62c0b26d-85a0-479e-8607-3e7eca0a4fe2,G11305103,上層,21,984.0
1702,62c0b26d-85a0-479e-8607-3e7eca0a4fe2,G11305103,上層,22,1068.0
1703,62c0b26d-85a0-479e-8607-3e7eca0a4fe2,G11305103,上層,23,1148.0
1704,62c0b26d-85a0-479e-8607-3e7eca0a4fe2,G11305103,上層,24,1250.0
1705,62c0b26d-85a0-479e-8607-3e7eca0a4fe2,G11305103,上層,25,1347.0
1706,62c0b26d-85a0-479e-8607-3e7eca0a4fe2,G11305103,上層,26,1431.0
1707,62c0b26d-85a0-479e-8607-3e7eca0a4fe2,G11305103,上層,27,1545.0
1708,62c0b26d-85a0-479e-8607-3e7eca0a4fe2,G11305103,上層,28,1611.0
1709,62c0b26d-85a0-479e-8607-3e7eca0a4fe2,G11305103,上層,29,1684.0
1710,62c0b26d-85a0-479e-8607-3e7eca0a4fe2,G11305103,上層,30,1770.0
1711,62c0b26d-85a0-479e-8607-3e7eca0a4fe2,G11305103,上層,31,1834.0
