contract_id,chicken_import_id,building_number,age,avg_weight
1163b6f9-48f9-4ec6-8aba-927c6e03be46,A11303103,下層,0,41.0
1163b6f9-48f9-4ec6-8aba-927c6e03be46,A11303103,下層,1,58.0
1163b6f9-48f9-4ec6-8aba-927c6e03be46,A11303103,下層,2,72.0
1163b6f9-48f9-4ec6-8aba-927c6e03be46,A11303103,下層,3,90.0
1163b6f9-48f9-4ec6-8aba-927c6e03be46,A11303103,下層,4,88.0
1163b6f9-48f9-4ec6-8aba-927c6e03be46,A11303103,下層,5,149.0
1163b6f9-48f9-4ec6-8aba-927c6e03be46,A11303103,下層,6,134.0
1163b6f9-48f9-4ec6-8aba-927c6e03be46,A11303103,下層,7,163.0
1163b6f9-48f9-4ec6-8aba-927c6e03be46,A11303103,下層,8,202.0
1163b6f9-48f9-4ec6-8aba-927c6e03be46,A11303103,下層,9,246.0
1163b6f9-48f9-4ec6-8aba-927c6e03be46,A11303103,下層,10,273.0
1163b6f9-48f9-4ec6-8aba-927c6e03be46,A11303103,下層,11,326.0
1163b6f9-48f9-4ec6-8aba-927c6e03be46,A11303103,下層,12,374.0
1163b6f9-48f9-4ec6-8aba-927c6e03be46,A11303103,下層,13,440.0
1163b6f9-48f9-4ec6-8aba-927c6e03be46,A11303103,下層,14,500.0
1163b6f9-48f9-4ec6-8aba-927c6e03be46,A11303103,下層,15,566.0
1163b6f9-48f9-4ec6-8aba-927c6e03be46,A11303103,下層,16,641.0
1163b6f9-48f9-4ec6-8aba-927c6e03be46,A11303103,下層,17,719.0
1163b6f9-48f9-4ec6-8aba-927c6e03be46,A11303103,下層,18,797.0
1163b6f9-48f9-4ec6-8aba-927c6e03be46,A11303103,下層,19,889.0
1163b6f9-48f9-4ec6-8aba-927c6e03be46,A11303103,下層,20,982.0
1163b6f9-48f9-4ec6-8aba-927c6e03be46,A11303103,下層,21,1081.0
1163b6f9-48f9-4ec6-8aba-927c6e03be46,A11303103,下層,22,1191.0
1163b6f9-48f9-4ec6-8aba-927c6e03be46,A11303103,下層,23,1285.0
1163b6f9-48f9-4ec6-8aba-927c6e03be46,A11303103,下層,24,1361.0
1163b6f9-48f9-4ec6-8aba-927c6e03be46,A11303103,下層,25,1404.0
1163b6f9-48f9-4ec6-8aba-927c6e03be46,A11303103,下層,26,1485.0
1163b6f9-48f9-4ec6-8aba-927c6e03be46,A11303103,下層,27,1580.0
1163b6f9-48f9-4ec6-8aba-927c6e03be46,A11303103,下層,28,1656.0
1163b6f9-48f9-4ec6-8aba-927c6e03be46,A11303103,下層,29,1736.0
1163b6f9-48f9-4ec6-8aba-927c6e03be46,A11303103,下層,30,1878.0
1163b6f9-48f9-4ec6-8aba-927c6e03be46,A11303103,下層,31,1976.0
1163b6f9-48f9-4ec6-8aba-927c6e03be46,A11305106,下層,0,20.0
1163b6f9-48f9-4ec6-8aba-927c6e03be46,A11305106,下層,1,23.0
1163b6f9-48f9-4ec6-8aba-927c6e03be46,A11305106,下層,2,28.0
1163b6f9-48f9-4ec6-8aba-927c6e03be46,A11305106,下層,3,46.0
1163b6f9-48f9-4ec6-8aba-927c6e03be46,A11305106,下層,4,65.0
1163b6f9-48f9-4ec6-8aba-927c6e03be46,A11305106,下層,5,90.0
1163b6f9-48f9-4ec6-8aba-927c6e03be46,A11305106,下層,6,112.0
1163b6f9-48f9-4ec6-8aba-927c6e03be46,A11305106,下層,7,135.0
1163b6f9-48f9-4ec6-8aba-927c6e03be46,A11305106,下層,8,181.0
1163b6f9-48f9-4ec6-8aba-927c6e03be46,A11305106,下層,9,227.0
1163b6f9-48f9-4ec6-8aba-927c6e03be46,A11305106,下層,10,268.0
1163b6f9-48f9-4ec6-8aba-927c6e03be46,A11305106,下層,11,314.0
1163b6f9-48f9-4ec6-8aba-927c6e03be46,A11305106,下層,12,355.0
1163b6f9-48f9-4ec6-8aba-927c6e03be46,A11305106,下層,13,407.0
1163b6f9-48f9-4ec6-8aba-927c6e03be46,A11305106,下層,14,484.0
1163b6f9-48f9-4ec6-8aba-927c6e03be46,A11305106,下層,15,536.0
1163b6f9-48f9-4ec6-8aba-927c6e03be46,A11305106,下層,16,551.0
1163b6f9-48f9-4ec6-8aba-927c6e03be46,A11305106,下層,17,657.0
1163b6f9-48f9-4ec6-8aba-927c6e03be46,A11305106,下層,18,732.0
1163b6f9-48f9-4ec6-8aba-927c6e03be46,A11305106,下層,19,817.0
1163b6f9-48f9-4ec6-8aba-927c6e03be46,A11305106,下層,20,903.0
1163b6f9-48f9-4ec6-8aba-927c6e03be46,A11305106,下層,21,987.0
1163b6f9-48f9-4ec6-8aba-927c6e03be46,A11305106,下層,22,1089.0
1163b6f9-48f9-4ec6-8aba-927c6e03be46,A11305106,下層,23,1184.0
1163b6f9-48f9-4ec6-8aba-927c6e03be46,A11305106,下層,24,1302.0
1163b6f9-48f9-4ec6-8aba-927c6e03be46,A11305106,下層,25,1414.0
1163b6f9-48f9-4ec6-8aba-927c6e03be46,A11305106,下層,26,1530.0
1163b6f9-48f9-4ec6-8aba-927c6e03be46,A11305106,下層,27,1616.0
1163b6f9-48f9-4ec6-8aba-927c6e03be46,A11305106,下層,28,1727.0
1163b6f9-48f9-4ec6-8aba-927c6e03be46,A11305106,下層,29,1807.0
1163b6f9-48f9-4ec6-8aba-927c6e03be46,A11305106,下層,30,1931.0
1163b6f9-48f9-4ec6-8aba-927c6e03be46,A11305106,下層,31,2011.0
62c0b26d-85a0-479e-8607-3e7eca0a4fe2,G11211103,上層,0,34.0
62c0b26d-85a0-479e-8607-3e7eca0a4fe2,G11211103,上層,1,45.0
62c0b26d-85a0-479e-8607-3e7eca0a4fe2,G11211103,上層,2,63.0
62c0b26d-85a0-479e-8607-3e7eca0a4fe2,G11211103,上層,3,83.0
62c0b26d-85a0-479e-8607-3e7eca0a4fe2,G11211103,上層,4,103.0
62c0b26d-85a0-479e-8607-3e7eca0a4fe2,G11211103,上層,5,128.0
62c0b26d-85a0-479e-8607-3e7eca0a4fe2,G11211103,上層,6,149.0
62c0b26d-85a0-479e-8607-3e7eca0a4fe2,G11211103,上層,7,183.0
62c0b26d-85a0-479e-8607-3e7eca0a4fe2,G11211103,上層,8,215.0
62c0b26d-85a0-479e-8607-3e7eca0a4fe2,G11211103,上層,9,267.0
62c0b26d-85a0-479e-8607-3e7eca0a4fe2,G11211103,上層,10,298.0
62c0b26d-85a0-479e-8607-3e7eca0a4fe2,G11211103,上層,11,343.0
62c0b26d-85a0-479e-8607-3e7eca0a4fe2,G11211103,上層,12,436.0
62c0b26d-85a0-479e-8607-3e7eca0a4fe2,G11211103,上層,13,493.0
62c0b26d-85a0-479e-8607-3e7eca0a4fe2,G11211103,上層,14,533.0
62c0b26d-85a0-479e-8607-3e7eca0a4fe2,G11211103,上層,15,588.0
62c0b26d-85a0-479e-8607-3e7eca0a4fe2,G11211103,上層,16,667.0
62c0b26d-85a0-479e-8607-3e7eca0a4fe2,G11211103,上層,17,740.0
62c0b26d-85a0-479e-8607-3e7eca0a4fe2,G11211103,上層,18,829.0
62c0b26d-85a0-479e-8607-3e7eca0a4fe2,G11211103,上層,19,915.0
62c0b26d-85a0-479e-8607-3e7eca0a4fe2,G11211103,上層,20,985.0
62c0b26d-85a0-479e-8607-3e7eca0a4fe2,G11211103,上層,21,1010.0
62c0b26d-85a0-479e-8607-3e7eca0a4fe2,G11211103,上層,22,1044.0
62c0b26d-85a0-479e-8607-3e7eca0a4fe2,G11211103,上層,23,1137.0
62c0b26d-85a0-479e-8607-3e7eca0a4fe2,G11211103,上層,24,1226.0
62c0b26d-85a0-479e-8607-3e7eca0a4fe2,G11211103,上層,25,1320.0
62c0b26d-85a0-479e-8607-3e7eca0a4fe2,G11211103,上層,26,1409.0
62c0b26d-85a0-479e-8607-3e7eca0a4fe2,G11211103,上層,27,1519.0
62c0b26d-85a0-479e-8607-3e7eca0a4fe2,G11211103,上層,28,1603.0
62c0b26d-85a0-479e-8607-3e7eca0a4fe2,G11211103,上層,29,1686.0
62c0b26d-85a0-479e-8607-3e7eca0a4fe2,G11211103,上層,30,1803.0
62c0b26d-85a0-479e-8607-3e7eca0a4fe2,G11211103,上層,31,1902.0
62c0b26d-85a0-479e-8607-3e7eca0a4fe2,G11211103,下層,0,31.0
62c0b26d-85a0-479e-8607-3e7eca0a4fe2,G11211103,下層,1,43.0
62c0b26d-85a0-479e-8607-3e7eca0a4fe2,G11211103,下層,2,60.0
62c0b26d-85a0-479e-8607-3e7eca0a4fe2,G11211103,下層,3,82.0
62c0b26d-85a0-479e-8607-3e7eca0a4fe2,G11211103,下層,4,119.0
62c0b26d-85a0-479e-8607-3e7eca0a4fe2,G11211103,下層,5,137.0
62c0b26d-85a0-479e-8607-3e7eca0a4fe2,G11211103,下層,6,157.0
62c0b26d-85a0-479e-8607-3e7eca0a4fe2,G11211103,下層,7,190.0
62c0b26d-85a0-479e-8607-3e7eca0a4fe2,G11211103,下層,8,216.0
62c0b26d-85a0-479e-8607-3e7eca0a4fe2,G11211103,下層,9,262.0
62c0b26d-85a0-479e-8607-3e7eca0a4fe2,G11211103,下層,10,295.0
62c0b26d-85a0-479e-8607-3e7eca0a4fe2,G11211103,下層,11,348.0
62c0b26d-85a0-479e-8607-3e7eca0a4fe2,G11211103,下層,12,407.0
62c0b26d-85a0-479e-8607-3e7eca0a4fe2,G11211103,下層,13,474.0
62c0b26d-85a0-479e-8607-3e7eca0a4fe2,G11211103,下層,14,569.0
62c0b26d-85a0-479e-8607-3e7eca0a4fe2,G11211103,下層,15,602.0
62c0b26d-85a0-479e-8607-3e7eca0a4fe2,G11211103,下層,16,674.0
62c0b26d-85a0-479e-8607-3e7eca0a4fe2,G11211103,下層,17,752.0
62c0b26d-85a0-479e-8607-3e7eca0a4fe2,G11211103,下層,18,825.0
62c0b26d-85a0-479e-8607-3e7eca0a4fe2,G11211103,下層,19,906.0
62c0b26d-85a0-479e-8607-3e7eca0a4fe2,G11211103,下層,20,997.0
62c0b26d-85a0-479e-8607-3e7eca0a4fe2,G11211103,下層,21,1058.0
62c0b26d-85a0-479e-8607-3e7eca0a4fe2,G11211103,下層,22,1039.0
62c0b26d-85a0-479e-8607-3e7eca0a4fe2,G11211103,下層,23,1124.0
62c0b26d-85a0-479e-8607-3e7eca0a4fe2,G11211103,下層,24,1210.0
62c0b26d-85a0-479e-8607-3e7eca0a4fe2,G11211103,下層,25,1318.0
62c0b26d-85a0-479e-8607-3e7eca0a4fe2,G11211103,下層,26,1394.0
62c0b26d-85a0-479e-8607-3e7eca0a4fe2,G11211103,下層,27,1502.0
62c0b26d-85a0-479e-8607-3e7eca0a4fe2,G11211103,下層,28,1597.0
62c0b26d-85a0-479e-8607-3e7eca0a4fe2,G11211103,下層,29,1661.0
62c0b26d-85a0-479e-8607-3e7eca0a4fe2,G11211103,下層,30,1778.0
62c0b26d-85a0-479e-8607-3e7eca0a4fe2,G11211103,下層,31,1905.0
a1e231c6-87ab-43fa-9047-e292b19f146d,G11212101,上層,0,38.0
a1e231c6-87ab-43fa-9047-e292b19f146d,G11212101,上層,1,45.0
a1e231c6-87ab-43fa-9047-e292b19f146d,G11212101,上層,2,53.0
a1e231c6-87ab-43fa-9047-e292b19f146d,G11212101,上層,3,63.0
a1e231c6-87ab-43fa-9047-e292b19f146d,G11212101,上層,4,78.0
a1e231c6-87ab-43fa-9047-e292b19f146d,G11212101,上層,5,98.0
a1e231c6-87ab-43fa-9047-e292b19f146d,G11212101,上層,6,124.0
a1e231c6-87ab-43fa-9047-e292b19f146d,G11212101,上層,7,167.0
a1e231c6-87ab-43fa-9047-e292b19f146d,G11212101,上層,8,205.0
a1e231c6-87ab-43fa-9047-e292b19f146d,G11212101,上層,9,249.0
a1e231c6-87ab-43fa-9047-e292b19f146d,G11212101,上層,10,287.0
a1e231c6-87ab-43fa-9047-e292b19f146d,G11212101,上層,11,329.0
a1e231c6-87ab-43fa-9047-e292b19f146d,G11212101,上層,12,430.0
a1e231c6-87ab-43fa-9047-e292b19f146d,G11212101,上層,13,513.0
a1e231c6-87ab-43fa-9047-e292b19f146d,G11212101,上層,14,499.0
a1e231c6-87ab-43fa-9047-e292b19f146d,G11212101,上層,15,575.0
a1e231c6-87ab-43fa-9047-e292b19f146d,G11212101,上層,16,648.0
a1e231c6-87ab-43fa-9047-e292b19f146d,G11212101,上層,17,719.0
a1e231c6-87ab-43fa-9047-e292b19f146d,G11212101,上層,18,799.0
a1e231c6-87ab-43fa-9047-e292b19f146d,G11212101,上層,19,886.0
a1e231c6-87ab-43fa-9047-e292b19f146d,G11212101,上層,20,988.0
a1e231c6-87ab-43fa-9047-e292b19f146d,G11212101,上層,21,1069.0
a1e231c6-87ab-43fa-9047-e292b19f146d,G11212101,上層,22,1178.0
a1e231c6-87ab-43fa-9047-e292b19f146d,G11212101,上層,23,1295.0
a1e231c6-87ab-43fa-9047-e292b19f146d,G11212101,上層,24,1393.0
a1e231c6-87ab-43fa-9047-e292b19f146d,G11212101,上層,25,1497.0
a1e231c6-87ab-43fa-9047-e292b19f146d,G11212101,上層,26,1571.0
a1e231c6-87ab-43fa-9047-e292b19f146d,G11212101,上層,27,1719.0
a1e231c6-87ab-43fa-9047-e292b19f146d,G11212101,上層,28,1793.0
a1e231c6-87ab-43fa-9047-e292b19f146d,G11212101,上層,29,1894.0
a1e231c6-87ab-43fa-9047-e292b19f146d,G11212101,上層,30,1981.0
a1e231c6-87ab-43fa-9047-e292b19f146d,G11212101,上層,31,2116.0
a1e231c6-87ab-43fa-9047-e292b19f146d,G11212101,下層,0,38.0
a1e231c6-87ab-43fa-9047-e292b19f146d,G11212101,下層,1,48.0
a1e231c6-87ab-43fa-9047-e292b19f146d,G11212101,下層,2,65.0
a1e231c6-87ab-43fa-9047-e292b19f146d,G11212101,下層,3,89.0
a1e231c6-87ab-43fa-9047-e292b19f146d,G11212101,下層,4,136.0
a1e231c6-87ab-43fa-9047-e292b19f146d,G11212101,下層,5,168.0
a1e231c6-87ab-43fa-9047-e292b19f146d,G11212101,下層,6,206.0
a1e231c6-87ab-43fa-9047-e292b19f146d,G11212101,下層,7,218.0
a1e231c6-87ab-43fa-9047-e292b19f146d,G11212101,下層,8,242.0
a1e231c6-87ab-43fa-9047-e292b19f146d,G11212101,下層,9,285.0
a1e231c6-87ab-43fa-9047-e292b19f146d,G11212101,下層,10,338.0
a1e231c6-87ab-43fa-9047-e292b19f146d,G11212101,下層,11,409.0
a1e231c6-87ab-43fa-9047-e292b19f146d,G11212101,下層,12,422.0
a1e231c6-87ab-43fa-9047-e292b19f146d,G11212101,下層,13,485.0
a1e231c6-87ab-43fa-9047-e292b19f146d,G11212101,下層,14,504.0
a1e231c6-87ab-43fa-9047-e292b19f146d,G11212101,下層,15,566.0
a1e231c6-87ab-43fa-9047-e292b19f146d,G11212101,下層,16,617.0
a1e231c6-87ab-43fa-9047-e292b19f146d,G11212101,下層,17,704.0
a1e231c6-87ab-43fa-9047-e292b19f146d,G11212101,下層,18,773.0
a1e231c6-87ab-43fa-9047-e292b19f146d,G11212101,下層,19,839.0
a1e231c6-87ab-43fa-9047-e292b19f146d,G11212101,下層,20,940.0
a1e231c6-87ab-43fa-9047-e292b19f146d,G11212101,下層,21,1012.0
a1e231c6-87ab-43fa-9047-e292b19f146d,G11212101,下層,22,1105.0
a1e231c6-87ab-43fa-9047-e292b19f146d,G11212101,下層,23,1189.0
a1e231c6-87ab-43fa-9047-e292b19f146d,G11212101,下層,24,1276.0
a1e231c6-87ab-43fa-9047-e292b19f146d,G11212101,下層,25,1369.0
a1e231c6-87ab-43fa-9047-e292b19f146d,G11212101,下層,26,1471.0
a1e231c6-87ab-43fa-9047-e292b19f146d,G11212101,下層,27,1517.0
a1e231c6-87ab-43fa-9047-e292b19f146d,G11212101,下層,28,1614.0
a1e231c6-87ab-43fa-9047-e292b19f146d,G11212101,下層,29,1738.0
a1e231c6-87ab-43fa-9047-e292b19f146d,G11212101,下層,30,1828.0
a1e231c6-87ab-43fa-9047-e292b19f146d,G11212101,下層,31,1881.0
f5db36da-e119-40db-923f-0e06f6ab5a2c,G11212102,A棟上層,0,33.0
f5db36da-e119-40db-923f-0e06f6ab5a2c,G11212102,A棟上層,1,35.0
f5db36da-e119-40db-923f-0e06f6ab5a2c,G11212102,A棟上層,2,38.0
f5db36da-e119-40db-923f-0e06f6ab5a2c,G11212102,A棟上層,3,45.0
f5db36da-e119-40db-923f-0e06f6ab5a2c,G11212102,A棟上層,4,73.0
f5db36da-e119-40db-923f-0e06f6ab5a2c,G11212102,A棟上層,5,113.0
f5db36da-e119-40db-923f-0e06f6ab5a2c,G11212102,A棟上層,6,147.0
f5db36da-e119-40db-923f-0e06f6ab5a2c,G11212102,A棟上層,7,176.0
f5db36da-e119-40db-923f-0e06f6ab5a2c,G11212102,A棟上層,8,216.0
f5db36da-e119-40db-923f-0e06f6ab5a2c,G11212102,A棟上層,9,259.0
f5db36da-e119-40db-923f-0e06f6ab5a2c,G11212102,A棟上層,10,314.0
f5db36da-e119-40db-923f-0e06f6ab5a2c,G11212102,A棟上層,11,390.0
f5db36da-e119-40db-923f-0e06f6ab5a2c,G11212102,A棟上層,12,451.0
f5db36da-e119-40db-923f-0e06f6ab5a2c,G11212102,A棟上層,13,540.0
f5db36da-e119-40db-923f-0e06f6ab5a2c,G11212102,A棟上層,14,587.0
f5db36da-e119-40db-923f-0e06f6ab5a2c,G11212102,A棟上層,15,649.0
f5db36da-e119-40db-923f-0e06f6ab5a2c,G11212102,A棟上層,16,736.0
f5db36da-e119-40db-923f-0e06f6ab5a2c,G11212102,A棟上層,17,804.0
f5db36da-e119-40db-923f-0e06f6ab5a2c,G11212102,A棟上層,18,913.0
f5db36da-e119-40db-923f-0e06f6ab5a2c,G11212102,A棟上層,19,997.0
f5db36da-e119-40db-923f-0e06f6ab5a2c,G11212102,A棟上層,20,1123.0
f5db36da-e119-40db-923f-0e06f6ab5a2c,G11212102,A棟上層,21,1210.0
f5db36da-e119-40db-923f-0e06f6ab5a2c,G11212102,A棟上層,22,1278.0
f5db36da-e119-40db-923f-0e06f6ab5a2c,G11212102,A棟上層,23,1409.0
f5db36da-e119-40db-923f-0e06f6ab5a2c,G11212102,A棟上層,24,1523.0
f5db36da-e119-40db-923f-0e06f6ab5a2c,G11212102,A棟上層,25,1589.0
f5db36da-e119-40db-923f-0e06f6ab5a2c,G11212102,A棟上層,26,1730.0
f5db36da-e119-40db-923f-0e06f6ab5a2c,G11212102,A棟上層,27,1671.0
f5db36da-e119-40db-923f-0e06f6ab5a2c,G11212102,A棟上層,28,1775.0
f5db36da-e119-40db-923f-0e06f6ab5a2c,G11212102,A棟上層,29,1824.0
f5db36da-e119-40db-923f-0e06f6ab5a2c,G11212102,A棟上層,30,1902.0
f5db36da-e119-40db-923f-0e06f6ab5a2c,G11212102,A棟上層,31,1957.0
f5db36da-e119-40db-923f-0e06f6ab5a2c,G11212102,A棟下層,0,38.0
f5db36da-e119-40db-923f-0e06f6ab5a2c,G11212102,A棟下層,1,52.0
f5db36da-e119-40db-923f-0e06f6ab5a2c,G11212102,A棟下層,2,65.0
f5db36da-e119-40db-923f-0e06f6ab5a2c,G11212102,A棟下層,3,98.0
f5db36da-e119-40db-923f-0e06f6ab5a2c,G11212102,A棟下層,4,109.0
f5db36da-e119-40db-923f-0e06f6ab5a2c,G11212102,A棟下層,5,127.0
f5db36da-e119-40db-923f-0e06f6ab5a2c,G11212102,A棟下層,6,161.0
f5db36da-e119-40db-923f-0e06f6ab5a2c,G11212102,A棟下層,7,194.0
f5db36da-e119-40db-923f-0e06f6ab5a2c,G11212102,A棟下層,8,231.0
f5db36da-e119-40db-923f-0e06f6ab5a2c,G11212102,A棟下層,9,274.0
f5db36da-e119-40db-923f-0e06f6ab5a2c,G11212102,A棟下層,10,319.0
f5db36da-e119-40db-923f-0e06f6ab5a2c,G11212102,A棟下層,11,378.0
f5db36da-e119-40db-923f-0e06f6ab5a2c,G11212102,A棟下層,12,451.0
f5db36da-e119-40db-923f-0e06f6ab5a2c,G11212102,A棟下層,13,570.0
f5db36da-e119-40db-923f-0e06f6ab5a2c,G11212102,A棟下層,14,673.0
f5db36da-e119-40db-923f-0e06f6ab5a2c,G11212102,A棟下層,15,750.0
f5db36da-e119-40db-923f-0e06f6ab5a2c,G11212102,A棟下層,16,812.0
f5db36da-e119-40db-923f-0e06f6ab5a2c,G11212102,A棟下層,17,912.0
f5db36da-e119-40db-923f-0e06f6ab5a2c,G11212102,A棟下層,18,1001.0
f5db36da-e119-40db-923f-0e06f6ab5a2c,G11212102,A棟下層,19,1176.0
f5db36da-e119-40db-923f-0e06f6ab5a2c,G11212102,A棟下層,20,1197.0
f5db36da-e119-40db-923f-0e06f6ab5a2c,G11212102,A棟下層,21,1278.0
f5db36da-e119-40db-923f-0e06f6ab5a2c,G11212102,A棟下層,22,1381.0
f5db36da-e119-40db-923f-0e06f6ab5a2c,G11212102,A棟下層,23,1472.0
f5db36da-e119-40db-923f-0e06f6ab5a2c,G11212102,A棟下層,24,1593.0
f5db36da-e119-40db-923f-0e06f6ab5a2c,G11212102,A棟下層,25,1703.0
f5db36da-e119-40db-923f-0e06f6ab5a2c,G11212102,A棟下層,26,1784.0
f5db36da-e119-40db-923f-0e06f6ab5a2c,G11212102,A棟下層,27,1659.0
f5db36da-e119-40db-923f-0e06f6ab5a2c,G11212102,A棟下層,28,1729.0
f5db36da-e119-40db-923f-0e06f6ab5a2c,G11212102,A棟下層,29,1853.0
f5db36da-e119-40db-923f-0e06f6ab5a2c,G11212102,A棟下層,30,1924.0
f5db36da-e119-40db-923f-0e06f6ab5a2c,G11212102,A棟下層,31,2022.0
f5db36da-e119-40db-923f-0e06f6ab5a2c,G11212102,B棟上層,0,42.0
f5db36da-e119-40db-923f-0e06f6ab5a2c,G11212102,B棟上層,1,65.0
f5db36da-e119-40db-923f-0e06f6ab5a2c,G11212102,B棟上層,2,38.0
f5db36da-e119-40db-923f-0e06f6ab5a2c,G11212102,B棟上層,3,53.0
f5db36da-e119-40db-923f-0e06f6ab5a2c,G11212102,B棟上層,4,68.0
f5db36da-e119-40db-923f-0e06f6ab5a2c,G11212102,B棟上層,5,145.0
f5db36da-e119-40db-923f-0e06f6ab5a2c,G11212102,B棟上層,6,175.0
f5db36da-e119-40db-923f-0e06f6ab5a2c,G11212102,B棟上層,7,146.0
f5db36da-e119-40db-923f-0e06f6ab5a2c,G11212102,B棟上層,8,182.0
f5db36da-e119-40db-923f-0e06f6ab5a2c,G11212102,B棟上層,9,274.0
f5db36da-e119-40db-923f-0e06f6ab5a2c,G11212102,B棟上層,10,327.0
f5db36da-e119-40db-923f-0e06f6ab5a2c,G11212102,B棟上層,11,405.0
f5db36da-e119-40db-923f-0e06f6ab5a2c,G11212102,B棟上層,12,481.0
f5db36da-e119-40db-923f-0e06f6ab5a2c,G11212102,B棟上層,13,535.0
f5db36da-e119-40db-923f-0e06f6ab5a2c,G11212102,B棟上層,14,521.0
f5db36da-e119-40db-923f-0e06f6ab5a2c,G11212102,B棟上層,15,592.0
f5db36da-e119-40db-923f-0e06f6ab5a2c,G11212102,B棟上層,16,680.0
f5db36da-e119-40db-923f-0e06f6ab5a2c,G11212102,B棟上層,17,757.0
f5db36da-e119-40db-923f-0e06f6ab5a2c,G11212102,B棟上層,18,855.0
f5db36da-e119-40db-923f-0e06f6ab5a2c,G11212102,B棟上層,19,928.0
f5db36da-e119-40db-923f-0e06f6ab5a2c,G11212102,B棟上層,20,1070.0
f5db36da-e119-40db-923f-0e06f6ab5a2c,G11212102,B棟上層,21,1146.0
f5db36da-e119-40db-923f-0e06f6ab5a2c,G11212102,B棟上層,22,1259.0
f5db36da-e119-40db-923f-0e06f6ab5a2c,G11212102,B棟上層,23,1367.0
f5db36da-e119-40db-923f-0e06f6ab5a2c,G11212102,B棟上層,24,1492.0
f5db36da-e119-40db-923f-0e06f6ab5a2c,G11212102,B棟上層,25,1609.0
f5db36da-e119-40db-923f-0e06f6ab5a2c,G11212102,B棟上層,26,1698.0
f5db36da-e119-40db-923f-0e06f6ab5a2c,G11212102,B棟上層,27,1712.0
f5db36da-e119-40db-923f-0e06f6ab5a2c,G11212102,B棟上層,28,1835.0
f5db36da-e119-40db-923f-0e06f6ab5a2c,G11212102,B棟上層,29,1911.0
f5db36da-e119-40db-923f-0e06f6ab5a2c,G11212102,B棟上層,30,2033.0
f5db36da-e119-40db-923f-0e06f6ab5a2c,G11212102,B棟上層,31,2157.0
f5db36da-e119-40db-923f-0e06f6ab5a2c,G11212102,B棟下層,0,37.0
f5db36da-e119-40db-923f-0e06f6ab5a2c,G11212102,B棟下層,1,48.0
f5db36da-e119-40db-923f-0e06f6ab5a2c,G11212102,B棟下層,2,56.0
f5db36da-e119-40db-923f-0e06f6ab5a2c,G11212102,B棟下層,3,60.0
f5db36da-e119-40db-923f-0e06f6ab5a2c,G11212102,B棟下層,4,52.0
f5db36da-e119-40db-923f-0e06f6ab5a2c,G11212102,B棟下層,5,96.0
f5db36da-e119-40db-923f-0e06f6ab5a2c,G11212102,B棟下層,6,147.0
f5db36da-e119-40db-923f-0e06f6ab5a2c,G11212102,B棟下層,7,183.0
f5db36da-e119-40db-923f-0e06f6ab5a2c,G11212102,B棟下層,8,230.0
f5db36da-e119-40db-923f-0e06f6ab5a2c,G11212102,B棟下層,9,274.0
f5db36da-e119-40db-923f-0e06f6ab5a2c,G11212102,B棟下層,10,323.0
f5db36da-e119-40db-923f-0e06f6ab5a2c,G11212102,B棟下層,11,378.0
f5db36da-e119-40db-923f-0e06f6ab5a2c,G11212102,B棟下層,12,471.0
f5db36da-e119-40db-923f-0e06f6ab5a2c,G11212102,B棟下層,13,538.0
f5db36da-e119-40db-923f-0e06f6ab5a2c,G11212102,B棟下層,14,631.0
f5db36da-e119-40db-923f-0e06f6ab5a2c,G11212102,B棟下層,15,696.0
f5db36da-e119-40db-923f-0e06f6ab5a2c,G11212102,B棟下層,16,747.0
f5db36da-e119-40db-923f-0e06f6ab5a2c,G11212102,B棟下層,17,820.0
f5db36da-e119-40db-923f-0e06f6ab5a2c,G11212102,B棟下層,18,925.0
f5db36da-e119-40db-923f-0e06f6ab5a2c,G11212102,B棟下層,19,1013.0
f5db36da-e119-40db-923f-0e06f6ab5a2c,G11212102,B棟下層,20,1109.0
f5db36da-e119-40db-923f-0e06f6ab5a2c,G11212102,B棟下層,21,1215.0
f5db36da-e119-40db-923f-0e06f6ab5a2c,G11212102,B棟下層,22,1330.0
f5db36da-e119-40db-923f-0e06f6ab5a2c,G11212102,B棟下層,23,1400.0
f5db36da-e119-40db-923f-0e06f6ab5a2c,G11212102,B棟下層,24,1524.0
f5db36da-e119-40db-923f-0e06f6ab5a2c,G11212102,B棟下層,25,1611.0
f5db36da-e119-40db-923f-0e06f6ab5a2c,G11212102,B棟下層,26,1721.0
f5db36da-e119-40db-923f-0e06f6ab5a2c,G11212102,B棟下層,27,1610.0
f5db36da-e119-40db-923f-0e06f6ab5a2c,G11212102,B棟下層,28,1687.0
f5db36da-e119-40db-923f-0e06f6ab5a2c,G11212102,B棟下層,29,1761.0
f5db36da-e119-40db-923f-0e06f6ab5a2c,G11212102,B棟下層,30,1887.0
f5db36da-e119-40db-923f-0e06f6ab5a2c,G11212102,B棟下層,31,1952.0
8dd6be99-8c1c-427c-82dc-226189dc8b92,G11212103,A棟,0,30.0
8dd6be99-8c1c-427c-82dc-226189dc8b92,G11212103,A棟,1,22.0
8dd6be99-8c1c-427c-82dc-226189dc8b92,G11212103,A棟,2,28.0
8dd6be99-8c1c-427c-82dc-226189dc8b92,G11212103,A棟,3,40.0
8dd6be99-8c1c-427c-82dc-226189dc8b92,G11212103,A棟,4,65.0
8dd6be99-8c1c-427c-82dc-226189dc8b92,G11212103,A棟,5,100.0
8dd6be99-8c1c-427c-82dc-226189dc8b92,G11212103,A棟,6,136.0
8dd6be99-8c1c-427c-82dc-226189dc8b92,G11212103,A棟,7,181.0
8dd6be99-8c1c-427c-82dc-226189dc8b92,G11212103,A棟,8,232.0
8dd6be99-8c1c-427c-82dc-226189dc8b92,G11212103,A棟,9,272.0
8dd6be99-8c1c-427c-82dc-226189dc8b92,G11212103,A棟,10,320.0
8dd6be99-8c1c-427c-82dc-226189dc8b92,G11212103,A棟,11,359.0
8dd6be99-8c1c-427c-82dc-226189dc8b92,G11212103,A棟,12,394.0
8dd6be99-8c1c-427c-82dc-226189dc8b92,G11212103,A棟,13,444.0
8dd6be99-8c1c-427c-82dc-226189dc8b92,G11212103,A棟,14,499.0
8dd6be99-8c1c-427c-82dc-226189dc8b92,G11212103,A棟,15,562.0
8dd6be99-8c1c-427c-82dc-226189dc8b92,G11212103,A棟,16,630.0
8dd6be99-8c1c-427c-82dc-226189dc8b92,G11212103,A棟,17,705.0
8dd6be99-8c1c-427c-82dc-226189dc8b92,G11212103,A棟,18,781.0
8dd6be99-8c1c-427c-82dc-226189dc8b92,G11212103,A棟,19,870.0
8dd6be99-8c1c-427c-82dc-226189dc8b92,G11212103,A棟,20,918.0
8dd6be99-8c1c-427c-82dc-226189dc8b92,G11212103,A棟,21,978.0
8dd6be99-8c1c-427c-82dc-226189dc8b92,G11212103,A棟,22,1067.0
8dd6be99-8c1c-427c-82dc-226189dc8b92,G11212103,A棟,23,1155.0
8dd6be99-8c1c-427c-82dc-226189dc8b92,G11212103,A棟,24,1268.0
8dd6be99-8c1c-427c-82dc-226189dc8b92,G11212103,A棟,25,1358.0
8dd6be99-8c1c-427c-82dc-226189dc8b92,G11212103,A棟,26,1458.0
8dd6be99-8c1c-427c-82dc-226189dc8b92,G11212103,A棟,27,1584.0
8dd6be99-8c1c-427c-82dc-226189dc8b92,G11212103,A棟,28,1662.0
8dd6be99-8c1c-427c-82dc-226189dc8b92,G11212103,A棟,29,1768.0
8dd6be99-8c1c-427c-82dc-226189dc8b92,G11212103,A棟,30,1833.0
8dd6be99-8c1c-427c-82dc-226189dc8b92,G11212103,A棟,31,1955.0
8dd6be99-8c1c-427c-82dc-226189dc8b92,G11212103,B棟,0,30.0
8dd6be99-8c1c-427c-82dc-226189dc8b92,G11212103,B棟,1,35.0
8dd6be99-8c1c-427c-82dc-226189dc8b92,G11212103,B棟,2,42.0
8dd6be99-8c1c-427c-82dc-226189dc8b92,G11212103,B棟,3,58.0
8dd6be99-8c1c-427c-82dc-226189dc8b92,G11212103,B棟,4,79.0
8dd6be99-8c1c-427c-82dc-226189dc8b92,G11212103,B棟,5,113.0
8dd6be99-8c1c-427c-82dc-226189dc8b92,G11212103,B棟,6,163.0
8dd6be99-8c1c-427c-82dc-226189dc8b92,G11212103,B棟,7,206.0
8dd6be99-8c1c-427c-82dc-226189dc8b92,G11212103,B棟,8,249.0
8dd6be99-8c1c-427c-82dc-226189dc8b92,G11212103,B棟,9,301.0
8dd6be99-8c1c-427c-82dc-226189dc8b92,G11212103,B棟,10,316.0
8dd6be99-8c1c-427c-82dc-226189dc8b92,G11212103,B棟,11,341.0
8dd6be99-8c1c-427c-82dc-226189dc8b92,G11212103,B棟,12,388.0
8dd6be99-8c1c-427c-82dc-226189dc8b92,G11212103,B棟,13,456.0
8dd6be99-8c1c-427c-82dc-226189dc8b92,G11212103,B棟,14,519.0
8dd6be99-8c1c-427c-82dc-226189dc8b92,G11212103,B棟,15,590.0
8dd6be99-8c1c-427c-82dc-226189dc8b92,G11212103,B棟,16,658.0
8dd6be99-8c1c-427c-82dc-226189dc8b92,G11212103,B棟,17,729.0
8dd6be99-8c1c-427c-82dc-226189dc8b92,G11212103,B棟,18,792.0
8dd6be99-8c1c-427c-82dc-226189dc8b92,G11212103,B棟,19,874.0
8dd6be99-8c1c-427c-82dc-226189dc8b92,G11212103,B棟,20,911.0
8dd6be99-8c1c-427c-82dc-226189dc8b92,G11212103,B棟,21,967.0
8dd6be99-8c1c-427c-82dc-226189dc8b92,G11212103,B棟,22,1056.0
8dd6be99-8c1c-427c-82dc-226189dc8b92,G11212103,B棟,23,1158.0
8dd6be99-8c1c-427c-82dc-226189dc8b92,G11212103,B棟,24,1230.0
8dd6be99-8c1c-427c-82dc-226189dc8b92,G11212103,B棟,25,1336.0
8dd6be99-8c1c-427c-82dc-226189dc8b92,G11212103,B棟,26,1420.0
8dd6be99-8c1c-427c-82dc-226189dc8b92,G11212103,B棟,27,1529.0
8dd6be99-8c1c-427c-82dc-226189dc8b92,G11212103,B棟,28,1645.0
8dd6be99-8c1c-427c-82dc-226189dc8b92,G11212103,B棟,29,1762.0
8dd6be99-8c1c-427c-82dc-226189dc8b92,G11212103,B棟,30,1859.0
8dd6be99-8c1c-427c-82dc-226189dc8b92,G11212103,B棟,31,1955.0
8dd6be99-8c1c-427c-82dc-226189dc8b92,G11212103,C棟,0,20.0
8dd6be99-8c1c-427c-82dc-226189dc8b92,G11212103,C棟,1,34.0
8dd6be99-8c1c-427c-82dc-226189dc8b92,G11212103,C棟,2,41.0
8dd6be99-8c1c-427c-82dc-226189dc8b92,G11212103,C棟,3,52.0
8dd6be99-8c1c-427c-82dc-226189dc8b92,G11212103,C棟,4,69.0
8dd6be99-8c1c-427c-82dc-226189dc8b92,G11212103,C棟,5,102.0
8dd6be99-8c1c-427c-82dc-226189dc8b92,G11212103,C棟,6,134.0
8dd6be99-8c1c-427c-82dc-226189dc8b92,G11212103,C棟,7,166.0
8dd6be99-8c1c-427c-82dc-226189dc8b92,G11212103,C棟,8,211.0
8dd6be99-8c1c-427c-82dc-226189dc8b92,G11212103,C棟,9,222.0
8dd6be99-8c1c-427c-82dc-226189dc8b92,G11212103,C棟,10,263.0
8dd6be99-8c1c-427c-82dc-226189dc8b92,G11212103,C棟,11,313.0
8dd6be99-8c1c-427c-82dc-226189dc8b92,G11212103,C棟,12,371.0
8dd6be99-8c1c-427c-82dc-226189dc8b92,G11212103,C棟,13,436.0
8dd6be99-8c1c-427c-82dc-226189dc8b92,G11212103,C棟,14,497.0
8dd6be99-8c1c-427c-82dc-226189dc8b92,G11212103,C棟,15,562.0
8dd6be99-8c1c-427c-82dc-226189dc8b92,G11212103,C棟,16,640.0
8dd6be99-8c1c-427c-82dc-226189dc8b92,G11212103,C棟,17,731.0
8dd6be99-8c1c-427c-82dc-226189dc8b92,G11212103,C棟,18,804.0
8dd6be99-8c1c-427c-82dc-226189dc8b92,G11212103,C棟,19,872.0
8dd6be99-8c1c-427c-82dc-226189dc8b92,G11212103,C棟,20,930.0
8dd6be99-8c1c-427c-82dc-226189dc8b92,G11212103,C棟,21,1008.0
8dd6be99-8c1c-427c-82dc-226189dc8b92,G11212103,C棟,22,1083.0
8dd6be99-8c1c-427c-82dc-226189dc8b92,G11212103,C棟,23,1164.0
8dd6be99-8c1c-427c-82dc-226189dc8b92,G11212103,C棟,24,1275.0
8dd6be99-8c1c-427c-82dc-226189dc8b92,G11212103,C棟,25,1363.0
8dd6be99-8c1c-427c-82dc-226189dc8b92,G11212103,C棟,26,1445.0
8dd6be99-8c1c-427c-82dc-226189dc8b92,G11212103,C棟,27,1556.0
8dd6be99-8c1c-427c-82dc-226189dc8b92,G11212103,C棟,28,1649.0
8dd6be99-8c1c-427c-82dc-226189dc8b92,G11212103,C棟,29,1745.0
8dd6be99-8c1c-427c-82dc-226189dc8b92,G11212103,C棟,30,1833.0
8dd6be99-8c1c-427c-82dc-226189dc8b92,G11212103,C棟,31,1929.0
bf03e764-50bb-4e45-a670-ce10271d6626,G11212104,仁德廠,0,42.0
bf03e764-50bb-4e45-a670-ce10271d6626,G11212104,仁德廠,1,48.0
bf03e764-50bb-4e45-a670-ce10271d6626,G11212104,仁德廠,2,60.0
bf03e764-50bb-4e45-a670-ce10271d6626,G11212104,仁德廠,3,75.0
bf03e764-50bb-4e45-a670-ce10271d6626,G11212104,仁德廠,4,76.0
bf03e764-50bb-4e45-a670-ce10271d6626,G11212104,仁德廠,5,105.0
bf03e764-50bb-4e45-a670-ce10271d6626,G11212104,仁德廠,6,155.0
bf03e764-50bb-4e45-a670-ce10271d6626,G11212104,仁德廠,7,193.0
bf03e764-50bb-4e45-a670-ce10271d6626,G11212104,仁德廠,8,255.0
bf03e764-50bb-4e45-a670-ce10271d6626,G11212104,仁德廠,9,288.0
bf03e764-50bb-4e45-a670-ce10271d6626,G11212104,仁德廠,10,333.0
bf03e764-50bb-4e45-a670-ce10271d6626,G11212104,仁德廠,11,379.0
bf03e764-50bb-4e45-a670-ce10271d6626,G11212104,仁德廠,12,459.0
bf03e764-50bb-4e45-a670-ce10271d6626,G11212104,仁德廠,13,555.0
bf03e764-50bb-4e45-a670-ce10271d6626,G11212104,仁德廠,14,503.0
bf03e764-50bb-4e45-a670-ce10271d6626,G11212104,仁德廠,15,568.0
bf03e764-50bb-4e45-a670-ce10271d6626,G11212104,仁德廠,16,661.0
bf03e764-50bb-4e45-a670-ce10271d6626,G11212104,仁德廠,17,766.0
bf03e764-50bb-4e45-a670-ce10271d6626,G11212104,仁德廠,18,831.0
bf03e764-50bb-4e45-a670-ce10271d6626,G11212104,仁德廠,19,814.0
bf03e764-50bb-4e45-a670-ce10271d6626,G11212104,仁德廠,20,884.0
bf03e764-50bb-4e45-a670-ce10271d6626,G11212104,仁德廠,21,967.0
bf03e764-50bb-4e45-a670-ce10271d6626,G11212104,仁德廠,22,1029.0
bf03e764-50bb-4e45-a670-ce10271d6626,G11212104,仁德廠,23,1099.0
bf03e764-50bb-4e45-a670-ce10271d6626,G11212104,仁德廠,24,1217.0
bf03e764-50bb-4e45-a670-ce10271d6626,G11212104,仁德廠,25,1323.0
bf03e764-50bb-4e45-a670-ce10271d6626,G11212104,仁德廠,26,1398.0
bf03e764-50bb-4e45-a670-ce10271d6626,G11212104,仁德廠,27,1535.0
bf03e764-50bb-4e45-a670-ce10271d6626,G11212104,仁德廠,28,1569.0
bf03e764-50bb-4e45-a670-ce10271d6626,G11212104,仁德廠,29,1683.0
bf03e764-50bb-4e45-a670-ce10271d6626,G11212104,仁德廠,30,1752.0
bf03e764-50bb-4e45-a670-ce10271d6626,G11212104,仁德廠,31,1900.0
e8728b72-d138-49df-b469-1eafd2edd182,G11212105,中棟,0,35.0
e8728b72-d138-49df-b469-1eafd2edd182,G11212105,中棟,1,44.0
e8728b72-d138-49df-b469-1eafd2edd182,G11212105,中棟,2,66.0
e8728b72-d138-49df-b469-1eafd2edd182,G11212105,中棟,3,88.0
e8728b72-d138-49df-b469-1eafd2edd182,G11212105,中棟,4,119.0
e8728b72-d138-49df-b469-1eafd2edd182,G11212105,中棟,5,175.0
e8728b72-d138-49df-b469-1eafd2edd182,G11212105,中棟,6,239.0
e8728b72-d138-49df-b469-1eafd2edd182,G11212105,中棟,7,238.0
e8728b72-d138-49df-b469-1eafd2edd182,G11212105,中棟,8,278.0
e8728b72-d138-49df-b469-1eafd2edd182,G11212105,中棟,9,259.0
e8728b72-d138-49df-b469-1eafd2edd182,G11212105,中棟,10,285.0
e8728b72-d138-49df-b469-1eafd2edd182,G11212105,中棟,11,283.0
e8728b72-d138-49df-b469-1eafd2edd182,G11212105,中棟,12,322.0
e8728b72-d138-49df-b469-1eafd2edd182,G11212105,中棟,13,405.0
e8728b72-d138-49df-b469-1eafd2edd182,G11212105,中棟,14,468.0
e8728b72-d138-49df-b469-1eafd2edd182,G11212105,中棟,15,529.0
e8728b72-d138-49df-b469-1eafd2edd182,G11212105,中棟,16,580.0
e8728b72-d138-49df-b469-1eafd2edd182,G11212105,中棟,17,637.0
e8728b72-d138-49df-b469-1eafd2edd182,G11212105,中棟,18,730.0
e8728b72-d138-49df-b469-1eafd2edd182,G11212105,中棟,19,812.0
e8728b72-d138-49df-b469-1eafd2edd182,G11212105,中棟,20,895.0
e8728b72-d138-49df-b469-1eafd2edd182,G11212105,中棟,21,975.0
e8728b72-d138-49df-b469-1eafd2edd182,G11212105,中棟,22,1084.0
e8728b72-d138-49df-b469-1eafd2edd182,G11212105,中棟,23,1160.0
e8728b72-d138-49df-b469-1eafd2edd182,G11212105,中棟,24,1254.0
e8728b72-d138-49df-b469-1eafd2edd182,G11212105,中棟,25,1341.0
e8728b72-d138-49df-b469-1eafd2edd182,G11212105,中棟,26,1411.0
e8728b72-d138-49df-b469-1eafd2edd182,G11212105,中棟,27,1523.0
e8728b72-d138-49df-b469-1eafd2edd182,G11212105,中棟,28,1619.0
e8728b72-d138-49df-b469-1eafd2edd182,G11212105,中棟,29,1741.0
e8728b72-d138-49df-b469-1eafd2edd182,G11212105,中棟,30,1820.0
e8728b72-d138-49df-b469-1eafd2edd182,G11212105,中棟,31,1928.0
e8728b72-d138-49df-b469-1eafd2edd182,G11212105,前棟,0,36.0
e8728b72-d138-49df-b469-1eafd2edd182,G11212105,前棟,1,48.0
e8728b72-d138-49df-b469-1eafd2edd182,G11212105,前棟,2,65.0
e8728b72-d138-49df-b469-1eafd2edd182,G11212105,前棟,3,85.0
e8728b72-d138-49df-b469-1eafd2edd182,G11212105,前棟,4,117.0
e8728b72-d138-49df-b469-1eafd2edd182,G11212105,前棟,5,181.0
e8728b72-d138-49df-b469-1eafd2edd182,G11212105,前棟,6,261.0
e8728b72-d138-49df-b469-1eafd2edd182,G11212105,前棟,7,258.0
e8728b72-d138-49df-b469-1eafd2edd182,G11212105,前棟,8,275.0
e8728b72-d138-49df-b469-1eafd2edd182,G11212105,前棟,9,299.0
e8728b72-d138-49df-b469-1eafd2edd182,G11212105,前棟,10,335.0
e8728b72-d138-49df-b469-1eafd2edd182,G11212105,前棟,11,359.0
e8728b72-d138-49df-b469-1eafd2edd182,G11212105,前棟,12,378.0
e8728b72-d138-49df-b469-1eafd2edd182,G11212105,前棟,13,389.0
e8728b72-d138-49df-b469-1eafd2edd182,G11212105,前棟,14,437.0
e8728b72-d138-49df-b469-1eafd2edd182,G11212105,前棟,15,506.0
e8728b72-d138-49df-b469-1eafd2edd182,G11212105,前棟,16,571.0
e8728b72-d138-49df-b469-1eafd2edd182,G11212105,前棟,17,640.0
e8728b72-d138-49df-b469-1eafd2edd182,G11212105,前棟,18,729.0
e8728b72-d138-49df-b469-1eafd2edd182,G11212105,前棟,19,794.0
e8728b72-d138-49df-b469-1eafd2edd182,G11212105,前棟,20,879.0
e8728b72-d138-49df-b469-1eafd2edd182,G11212105,前棟,21,956.0
e8728b72-d138-49df-b469-1eafd2edd182,G11212105,前棟,22,1059.0
e8728b72-d138-49df-b469-1eafd2edd182,G11212105,前棟,23,1155.0
e8728b72-d138-49df-b469-1eafd2edd182,G11212105,前棟,24,1240.0
e8728b72-d138-49df-b469-1eafd2edd182,G11212105,前棟,25,1333.0
e8728b72-d138-49df-b469-1eafd2edd182,G11212105,前棟,26,1401.0
e8728b72-d138-49df-b469-1eafd2edd182,G11212105,前棟,27,1520.0
e8728b72-d138-49df-b469-1eafd2edd182,G11212105,前棟,28,1617.0
e8728b72-d138-49df-b469-1eafd2edd182,G11212105,前棟,29,1662.0
e8728b72-d138-49df-b469-1eafd2edd182,G11212105,前棟,30,1727.0
e8728b72-d138-49df-b469-1eafd2edd182,G11212105,前棟,31,1854.0
e8728b72-d138-49df-b469-1eafd2edd182,G11212105,後棟,0,40.0
e8728b72-d138-49df-b469-1eafd2edd182,G11212105,後棟,1,36.0
e8728b72-d138-49df-b469-1eafd2edd182,G11212105,後棟,2,64.0
e8728b72-d138-49df-b469-1eafd2edd182,G11212105,後棟,3,80.0
e8728b72-d138-49df-b469-1eafd2edd182,G11212105,後棟,4,106.0
e8728b72-d138-49df-b469-1eafd2edd182,G11212105,後棟,5,179.0
e8728b72-d138-49df-b469-1eafd2edd182,G11212105,後棟,6,252.0
e8728b72-d138-49df-b469-1eafd2edd182,G11212105,後棟,7,279.0
e8728b72-d138-49df-b469-1eafd2edd182,G11212105,後棟,8,300.0
e8728b72-d138-49df-b469-1eafd2edd182,G11212105,後棟,9,315.0
e8728b72-d138-49df-b469-1eafd2edd182,G11212105,後棟,10,367.0
e8728b72-d138-49df-b469-1eafd2edd182,G11212105,後棟,11,425.0
e8728b72-d138-49df-b469-1eafd2edd182,G11212105,後棟,12,612.0
e8728b72-d138-49df-b469-1eafd2edd182,G11212105,後棟,13,439.0
e8728b72-d138-49df-b469-1eafd2edd182,G11212105,後棟,14,475.0
e8728b72-d138-49df-b469-1eafd2edd182,G11212105,後棟,15,544.0
e8728b72-d138-49df-b469-1eafd2edd182,G11212105,後棟,16,603.0
e8728b72-d138-49df-b469-1eafd2edd182,G11212105,後棟,17,670.0
e8728b72-d138-49df-b469-1eafd2edd182,G11212105,後棟,18,750.0
e8728b72-d138-49df-b469-1eafd2edd182,G11212105,後棟,19,839.0
e8728b72-d138-49df-b469-1eafd2edd182,G11212105,後棟,20,924.0
e8728b72-d138-49df-b469-1eafd2edd182,G11212105,後棟,21,1018.0
e8728b72-d138-49df-b469-1eafd2edd182,G11212105,後棟,22,1124.0
e8728b72-d138-49df-b469-1eafd2edd182,G11212105,後棟,23,1170.0
e8728b72-d138-49df-b469-1eafd2edd182,G11212105,後棟,24,1272.0
e8728b72-d138-49df-b469-1eafd2edd182,G11212105,後棟,25,1365.0
e8728b72-d138-49df-b469-1eafd2edd182,G11212105,後棟,26,1440.0
e8728b72-d138-49df-b469-1eafd2edd182,G11212105,後棟,27,1517.0
e8728b72-d138-49df-b469-1eafd2edd182,G11212105,後棟,28,1599.0
e8728b72-d138-49df-b469-1eafd2edd182,G11212105,後棟,29,1717.0
e8728b72-d138-49df-b469-1eafd2edd182,G11212105,後棟,30,1847.0
e8728b72-d138-49df-b469-1eafd2edd182,G11212105,後棟,31,1951.0
98948182-62a4-4ef3-8202-ceb23ae188a7,G11301102,A棟,0,41.0
98948182-62a4-4ef3-8202-ceb23ae188a7,G11301102,A棟,1,50.0
98948182-62a4-4ef3-8202-ceb23ae188a7,G11301102,A棟,2,62.0
98948182-62a4-4ef3-8202-ceb23ae188a7,G11301102,A棟,3,71.0
98948182-62a4-4ef3-8202-ceb23ae188a7,G11301102,A棟,4,86.0
98948182-62a4-4ef3-8202-ceb23ae188a7,G11301102,A棟,5,109.0
98948182-62a4-4ef3-8202-ceb23ae188a7,G11301102,A棟,6,142.0
98948182-62a4-4ef3-8202-ceb23ae188a7,G11301102,A棟,7,189.0
98948182-62a4-4ef3-8202-ceb23ae188a7,G11301102,A棟,8,223.0
98948182-62a4-4ef3-8202-ceb23ae188a7,G11301102,A棟,9,261.0
98948182-62a4-4ef3-8202-ceb23ae188a7,G11301102,A棟,10,302.0
98948182-62a4-4ef3-8202-ceb23ae188a7,G11301102,A棟,11,337.0
98948182-62a4-4ef3-8202-ceb23ae188a7,G11301102,A棟,12,372.0
98948182-62a4-4ef3-8202-ceb23ae188a7,G11301102,A棟,13,429.0
98948182-62a4-4ef3-8202-ceb23ae188a7,G11301102,A棟,14,482.0
98948182-62a4-4ef3-8202-ceb23ae188a7,G11301102,A棟,15,568.0
98948182-62a4-4ef3-8202-ceb23ae188a7,G11301102,A棟,16,640.0
98948182-62a4-4ef3-8202-ceb23ae188a7,G11301102,A棟,17,735.0
98948182-62a4-4ef3-8202-ceb23ae188a7,G11301102,A棟,18,814.0
98948182-62a4-4ef3-8202-ceb23ae188a7,G11301102,A棟,19,881.0
98948182-62a4-4ef3-8202-ceb23ae188a7,G11301102,A棟,20,1000.0
98948182-62a4-4ef3-8202-ceb23ae188a7,G11301102,A棟,21,1092.0
98948182-62a4-4ef3-8202-ceb23ae188a7,G11301102,A棟,22,1170.0
98948182-62a4-4ef3-8202-ceb23ae188a7,G11301102,A棟,23,1243.0
98948182-62a4-4ef3-8202-ceb23ae188a7,G11301102,A棟,24,1321.0
98948182-62a4-4ef3-8202-ceb23ae188a7,G11301102,A棟,25,1446.0
98948182-62a4-4ef3-8202-ceb23ae188a7,G11301102,A棟,26,1493.0
98948182-62a4-4ef3-8202-ceb23ae188a7,G11301102,A棟,27,1623.0
98948182-62a4-4ef3-8202-ceb23ae188a7,G11301102,A棟,28,1751.0
98948182-62a4-4ef3-8202-ceb23ae188a7,G11301102,A棟,29,1944.0
98948182-62a4-4ef3-8202-ceb23ae188a7,G11301102,A棟,30,2015.0
98948182-62a4-4ef3-8202-ceb23ae188a7,G11301102,A棟,31,2158.0
62c0b26d-85a0-479e-8607-3e7eca0a4fe2,G11301103,上層,0,32.0
62c0b26d-85a0-479e-8607-3e7eca0a4fe2,G11301103,上層,1,34.0
62c0b26d-85a0-479e-8607-3e7eca0a4fe2,G11301103,上層,2,54.0
62c0b26d-85a0-479e-8607-3e7eca0a4fe2,G11301103,上層,3,76.0
62c0b26d-85a0-479e-8607-3e7eca0a4fe2,G11301103,上層,4,93.0
62c0b26d-85a0-479e-8607-3e7eca0a4fe2,G11301103,上層,5,122.0
62c0b26d-85a0-479e-8607-3e7eca0a4fe2,G11301103,上層,6,151.0
62c0b26d-85a0-479e-8607-3e7eca0a4fe2,G11301103,上層,7,182.0
62c0b26d-85a0-479e-8607-3e7eca0a4fe2,G11301103,上層,8,203.0
62c0b26d-85a0-479e-8607-3e7eca0a4fe2,G11301103,上層,9,255.0
62c0b26d-85a0-479e-8607-3e7eca0a4fe2,G11301103,上層,10,293.0
62c0b26d-85a0-479e-8607-3e7eca0a4fe2,G11301103,上層,11,345.0
62c0b26d-85a0-479e-8607-3e7eca0a4fe2,G11301103,上層,12,395.0
62c0b26d-85a0-479e-8607-3e7eca0a4fe2,G11301103,上層,13,445.0
62c0b26d-85a0-479e-8607-3e7eca0a4fe2,G11301103,上層,14,502.0
62c0b26d-85a0-479e-8607-3e7eca0a4fe2,G11301103,上層,15,566.0
62c0b26d-85a0-479e-8607-3e7eca0a4fe2,G11301103,上層,16,641.0
62c0b26d-85a0-479e-8607-3e7eca0a4fe2,G11301103,上層,17,718.0
62c0b26d-85a0-479e-8607-3e7eca0a4fe2,G11301103,上層,18,796.0
62c0b26d-85a0-479e-8607-3e7eca0a4fe2,G11301103,上層,19,889.0
62c0b26d-85a0-479e-8607-3e7eca0a4fe2,G11301103,上層,20,970.0
62c0b26d-85a0-479e-8607-3e7eca0a4fe2,G11301103,上層,21,1055.0
62c0b26d-85a0-479e-8607-3e7eca0a4fe2,G11301103,上層,22,1140.0
62c0b26d-85a0-479e-8607-3e7eca0a4fe2,G11301103,上層,23,1222.0
62c0b26d-85a0-479e-8607-3e7eca0a4fe2,G11301103,上層,24,1302.0
62c0b26d-85a0-479e-8607-3e7eca0a4fe2,G11301103,上層,25,1368.0
62c0b26d-85a0-479e-8607-3e7eca0a4fe2,G11301103,上層,26,1454.0
62c0b26d-85a0-479e-8607-3e7eca0a4fe2,G11301103,上層,27,1528.0
62c0b26d-85a0-479e-8607-3e7eca0a4fe2,G11301103,上層,28,1592.0
62c0b26d-85a0-479e-8607-3e7eca0a4fe2,G11301103,上層,29,1696.0
62c0b26d-85a0-479e-8607-3e7eca0a4fe2,G11301103,上層,30,1776.0
62c0b26d-85a0-479e-8607-3e7eca0a4fe2,G11301103,上層,31,1904.0
62c0b26d-85a0-479e-8607-3e7eca0a4fe2,G11301103,下層,0,45.0
62c0b26d-85a0-479e-8607-3e7eca0a4fe2,G11301103,下層,1,55.0
62c0b26d-85a0-479e-8607-3e7eca0a4fe2,G11301103,下層,2,70.0
62c0b26d-85a0-479e-8607-3e7eca0a4fe2,G11301103,下層,3,89.0
62c0b26d-85a0-479e-8607-3e7eca0a4fe2,G11301103,下層,4,133.0
62c0b26d-85a0-479e-8607-3e7eca0a4fe2,G11301103,下層,5,194.0
62c0b26d-85a0-479e-8607-3e7eca0a4fe2,G11301103,下層,6,154.0
62c0b26d-85a0-479e-8607-3e7eca0a4fe2,G11301103,下層,7,203.0
62c0b26d-85a0-479e-8607-3e7eca0a4fe2,G11301103,下層,8,261.0
62c0b26d-85a0-479e-8607-3e7eca0a4fe2,G11301103,下層,9,306.0
62c0b26d-85a0-479e-8607-3e7eca0a4fe2,G11301103,下層,10,318.0
62c0b26d-85a0-479e-8607-3e7eca0a4fe2,G11301103,下層,11,366.0
62c0b26d-85a0-479e-8607-3e7eca0a4fe2,G11301103,下層,12,417.0
62c0b26d-85a0-479e-8607-3e7eca0a4fe2,G11301103,下層,13,476.0
62c0b26d-85a0-479e-8607-3e7eca0a4fe2,G11301103,下層,14,516.0
62c0b26d-85a0-479e-8607-3e7eca0a4fe2,G11301103,下層,15,584.0
62c0b26d-85a0-479e-8607-3e7eca0a4fe2,G11301103,下層,16,658.0
62c0b26d-85a0-479e-8607-3e7eca0a4fe2,G11301103,下層,17,741.0
62c0b26d-85a0-479e-8607-3e7eca0a4fe2,G11301103,下層,18,814.0
62c0b26d-85a0-479e-8607-3e7eca0a4fe2,G11301103,下層,19,896.0
62c0b26d-85a0-479e-8607-3e7eca0a4fe2,G11301103,下層,20,978.0
62c0b26d-85a0-479e-8607-3e7eca0a4fe2,G11301103,下層,21,1061.0
62c0b26d-85a0-479e-8607-3e7eca0a4fe2,G11301103,下層,22,1131.0
62c0b26d-85a0-479e-8607-3e7eca0a4fe2,G11301103,下層,23,1217.0
62c0b26d-85a0-479e-8607-3e7eca0a4fe2,G11301103,下層,24,1286.0
62c0b26d-85a0-479e-8607-3e7eca0a4fe2,G11301103,下層,25,1331.0
62c0b26d-85a0-479e-8607-3e7eca0a4fe2,G11301103,下層,26,1419.0
62c0b26d-85a0-479e-8607-3e7eca0a4fe2,G11301103,下層,27,1498.0
62c0b26d-85a0-479e-8607-3e7eca0a4fe2,G11301103,下層,28,1577.0
62c0b26d-85a0-479e-8607-3e7eca0a4fe2,G11301103,下層,29,1666.0
62c0b26d-85a0-479e-8607-3e7eca0a4fe2,G11301103,下層,30,1742.0
62c0b26d-85a0-479e-8607-3e7eca0a4fe2,G11301103,下層,31,1873.0
eef47f04-01e7-4b49-8827-e231694ea345,G11301104,上層,0,32.0
eef47f04-01e7-4b49-8827-e231694ea345,G11301104,上層,1,45.0
eef47f04-01e7-4b49-8827-e231694ea345,G11301104,上層,2,59.0
eef47f04-01e7-4b49-8827-e231694ea345,G11301104,上層,3,65.0
eef47f04-01e7-4b49-8827-e231694ea345,G11301104,上層,4,103.0
eef47f04-01e7-4b49-8827-e231694ea345,G11301104,上層,5,138.0
eef47f04-01e7-4b49-8827-e231694ea345,G11301104,上層,6,208.0
eef47f04-01e7-4b49-8827-e231694ea345,G11301104,上層,7,257.0
eef47f04-01e7-4b49-8827-e231694ea345,G11301104,上層,8,279.0
eef47f04-01e7-4b49-8827-e231694ea345,G11301104,上層,9,344.0
eef47f04-01e7-4b49-8827-e231694ea345,G11301104,上層,10,356.0
eef47f04-01e7-4b49-8827-e231694ea345,G11301104,上層,11,395.0
eef47f04-01e7-4b49-8827-e231694ea345,G11301104,上層,12,468.0
eef47f04-01e7-4b49-8827-e231694ea345,G11301104,上層,13,544.0
eef47f04-01e7-4b49-8827-e231694ea345,G11301104,上層,14,585.0
eef47f04-01e7-4b49-8827-e231694ea345,G11301104,上層,15,655.0
eef47f04-01e7-4b49-8827-e231694ea345,G11301104,上層,16,739.0
eef47f04-01e7-4b49-8827-e231694ea345,G11301104,上層,17,820.0
eef47f04-01e7-4b49-8827-e231694ea345,G11301104,上層,18,933.0
eef47f04-01e7-4b49-8827-e231694ea345,G11301104,上層,19,1001.0
eef47f04-01e7-4b49-8827-e231694ea345,G11301104,上層,20,1101.0
eef47f04-01e7-4b49-8827-e231694ea345,G11301104,上層,21,1202.0
eef47f04-01e7-4b49-8827-e231694ea345,G11301104,上層,22,1302.0
eef47f04-01e7-4b49-8827-e231694ea345,G11301104,上層,23,1417.0
eef47f04-01e7-4b49-8827-e231694ea345,G11301104,上層,24,1508.0
eef47f04-01e7-4b49-8827-e231694ea345,G11301104,上層,25,1595.0
eef47f04-01e7-4b49-8827-e231694ea345,G11301104,上層,26,1622.0
eef47f04-01e7-4b49-8827-e231694ea345,G11301104,上層,27,1759.0
eef47f04-01e7-4b49-8827-e231694ea345,G11301104,上層,28,1838.0
eef47f04-01e7-4b49-8827-e231694ea345,G11301104,上層,29,1978.0
eef47f04-01e7-4b49-8827-e231694ea345,G11301104,上層,30,2071.0
eef47f04-01e7-4b49-8827-e231694ea345,G11301104,上層,31,1981.0
eef47f04-01e7-4b49-8827-e231694ea345,G11301104,下層,0,43.0
eef47f04-01e7-4b49-8827-e231694ea345,G11301104,下層,1,59.0
eef47f04-01e7-4b49-8827-e231694ea345,G11301104,下層,2,72.0
eef47f04-01e7-4b49-8827-e231694ea345,G11301104,下層,3,96.0
eef47f04-01e7-4b49-8827-e231694ea345,G11301104,下層,4,119.0
eef47f04-01e7-4b49-8827-e231694ea345,G11301104,下層,5,164.0
eef47f04-01e7-4b49-8827-e231694ea345,G11301104,下層,6,252.0
eef47f04-01e7-4b49-8827-e231694ea345,G11301104,下層,7,316.0
eef47f04-01e7-4b49-8827-e231694ea345,G11301104,下層,8,295.0
eef47f04-01e7-4b49-8827-e231694ea345,G11301104,下層,9,334.0
eef47f04-01e7-4b49-8827-e231694ea345,G11301104,下層,10,382.0
eef47f04-01e7-4b49-8827-e231694ea345,G11301104,下層,11,395.0
eef47f04-01e7-4b49-8827-e231694ea345,G11301104,下層,12,459.0
eef47f04-01e7-4b49-8827-e231694ea345,G11301104,下層,13,534.0
eef47f04-01e7-4b49-8827-e231694ea345,G11301104,下層,14,554.0
eef47f04-01e7-4b49-8827-e231694ea345,G11301104,下層,15,624.0
eef47f04-01e7-4b49-8827-e231694ea345,G11301104,下層,16,664.0
eef47f04-01e7-4b49-8827-e231694ea345,G11301104,下層,17,760.0
eef47f04-01e7-4b49-8827-e231694ea345,G11301104,下層,18,850.0
eef47f04-01e7-4b49-8827-e231694ea345,G11301104,下層,19,948.0
eef47f04-01e7-4b49-8827-e231694ea345,G11301104,下層,20,1048.0
eef47f04-01e7-4b49-8827-e231694ea345,G11301104,下層,21,1148.0
eef47f04-01e7-4b49-8827-e231694ea345,G11301104,下層,22,1218.0
eef47f04-01e7-4b49-8827-e231694ea345,G11301104,下層,23,1316.0
eef47f04-01e7-4b49-8827-e231694ea345,G11301104,下層,24,1482.0
eef47f04-01e7-4b49-8827-e231694ea345,G11301104,下層,25,1544.0
eef47f04-01e7-4b49-8827-e231694ea345,G11301104,下層,26,1628.0
eef47f04-01e7-4b49-8827-e231694ea345,G11301104,下層,27,1761.0
eef47f04-01e7-4b49-8827-e231694ea345,G11301104,下層,28,1790.0
eef47f04-01e7-4b49-8827-e231694ea345,G11301104,下層,29,1914.0
eef47f04-01e7-4b49-8827-e231694ea345,G11301104,下層,30,2046.0
eef47f04-01e7-4b49-8827-e231694ea345,G11301104,下層,31,1958.0
a1e231c6-87ab-43fa-9047-e292b19f146d,G11301106,上層,0,36.0
a1e231c6-87ab-43fa-9047-e292b19f146d,G11301106,上層,1,41.0
a1e231c6-87ab-43fa-9047-e292b19f146d,G11301106,上層,2,68.0
a1e231c6-87ab-43fa-9047-e292b19f146d,G11301106,上層,3,88.0
a1e231c6-87ab-43fa-9047-e292b19f146d,G11301106,上層,4,109.0
a1e231c6-87ab-43fa-9047-e292b19f146d,G11301106,上層,5,139.0
a1e231c6-87ab-43fa-9047-e292b19f146d,G11301106,上層,6,162.0
a1e231c6-87ab-43fa-9047-e292b19f146d,G11301106,上層,7,190.0
a1e231c6-87ab-43fa-9047-e292b19f146d,G11301106,上層,8,228.0
a1e231c6-87ab-43fa-9047-e292b19f146d,G11301106,上層,9,265.0
a1e231c6-87ab-43fa-9047-e292b19f146d,G11301106,上層,10,315.0
a1e231c6-87ab-43fa-9047-e292b19f146d,G11301106,上層,11,366.0
a1e231c6-87ab-43fa-9047-e292b19f146d,G11301106,上層,12,423.0
a1e231c6-87ab-43fa-9047-e292b19f146d,G11301106,上層,13,502.0
a1e231c6-87ab-43fa-9047-e292b19f146d,G11301106,上層,14,559.0
a1e231c6-87ab-43fa-9047-e292b19f146d,G11301106,上層,15,642.0
a1e231c6-87ab-43fa-9047-e292b19f146d,G11301106,上層,16,718.0
a1e231c6-87ab-43fa-9047-e292b19f146d,G11301106,上層,17,782.0
a1e231c6-87ab-43fa-9047-e292b19f146d,G11301106,上層,18,870.0
a1e231c6-87ab-43fa-9047-e292b19f146d,G11301106,上層,19,950.0
a1e231c6-87ab-43fa-9047-e292b19f146d,G11301106,上層,20,1039.0
a1e231c6-87ab-43fa-9047-e292b19f146d,G11301106,上層,21,1121.0
a1e231c6-87ab-43fa-9047-e292b19f146d,G11301106,上層,22,1222.0
a1e231c6-87ab-43fa-9047-e292b19f146d,G11301106,上層,23,1312.0
a1e231c6-87ab-43fa-9047-e292b19f146d,G11301106,上層,24,1415.0
a1e231c6-87ab-43fa-9047-e292b19f146d,G11301106,上層,25,1489.0
a1e231c6-87ab-43fa-9047-e292b19f146d,G11301106,上層,26,1578.0
a1e231c6-87ab-43fa-9047-e292b19f146d,G11301106,上層,27,1694.0
a1e231c6-87ab-43fa-9047-e292b19f146d,G11301106,上層,28,1793.0
a1e231c6-87ab-43fa-9047-e292b19f146d,G11301106,上層,29,1917.0
a1e231c6-87ab-43fa-9047-e292b19f146d,G11301106,上層,30,2043.0
a1e231c6-87ab-43fa-9047-e292b19f146d,G11301106,上層,31,2091.0
a1e231c6-87ab-43fa-9047-e292b19f146d,G11301106,下層,0,42.0
a1e231c6-87ab-43fa-9047-e292b19f146d,G11301106,下層,1,59.0
a1e231c6-87ab-43fa-9047-e292b19f146d,G11301106,下層,2,71.0
a1e231c6-87ab-43fa-9047-e292b19f146d,G11301106,下層,3,89.0
a1e231c6-87ab-43fa-9047-e292b19f146d,G11301106,下層,4,110.0
a1e231c6-87ab-43fa-9047-e292b19f146d,G11301106,下層,5,136.0
a1e231c6-87ab-43fa-9047-e292b19f146d,G11301106,下層,6,164.0
a1e231c6-87ab-43fa-9047-e292b19f146d,G11301106,下層,7,194.0
a1e231c6-87ab-43fa-9047-e292b19f146d,G11301106,下層,8,239.0
a1e231c6-87ab-43fa-9047-e292b19f146d,G11301106,下層,9,269.0
a1e231c6-87ab-43fa-9047-e292b19f146d,G11301106,下層,10,319.0
a1e231c6-87ab-43fa-9047-e292b19f146d,G11301106,下層,11,367.0
a1e231c6-87ab-43fa-9047-e292b19f146d,G11301106,下層,12,435.0
a1e231c6-87ab-43fa-9047-e292b19f146d,G11301106,下層,13,491.0
a1e231c6-87ab-43fa-9047-e292b19f146d,G11301106,下層,14,551.0
a1e231c6-87ab-43fa-9047-e292b19f146d,G11301106,下層,15,632.0
a1e231c6-87ab-43fa-9047-e292b19f146d,G11301106,下層,16,708.0
a1e231c6-87ab-43fa-9047-e292b19f146d,G11301106,下層,17,781.0
a1e231c6-87ab-43fa-9047-e292b19f146d,G11301106,下層,18,878.0
a1e231c6-87ab-43fa-9047-e292b19f146d,G11301106,下層,19,962.0
a1e231c6-87ab-43fa-9047-e292b19f146d,G11301106,下層,20,1086.0
a1e231c6-87ab-43fa-9047-e292b19f146d,G11301106,下層,21,1169.0
a1e231c6-87ab-43fa-9047-e292b19f146d,G11301106,下層,22,1267.0
a1e231c6-87ab-43fa-9047-e292b19f146d,G11301106,下層,23,1343.0
a1e231c6-87ab-43fa-9047-e292b19f146d,G11301106,下層,24,1437.0
a1e231c6-87ab-43fa-9047-e292b19f146d,G11301106,下層,25,1516.0
a1e231c6-87ab-43fa-9047-e292b19f146d,G11301106,下層,26,1621.0
a1e231c6-87ab-43fa-9047-e292b19f146d,G11301106,下層,27,1731.0
a1e231c6-87ab-43fa-9047-e292b19f146d,G11301106,下層,28,1795.0
a1e231c6-87ab-43fa-9047-e292b19f146d,G11301106,下層,29,1919.0
a1e231c6-87ab-43fa-9047-e292b19f146d,G11301106,下層,30,1979.0
a1e231c6-87ab-43fa-9047-e292b19f146d,G11301106,下層,31,2102.0
f5db36da-e119-40db-923f-0e06f6ab5a2c,G11302101,A棟上層,0,36.0
f5db36da-e119-40db-923f-0e06f6ab5a2c,G11302101,A棟上層,1,48.0
f5db36da-e119-40db-923f-0e06f6ab5a2c,G11302101,A棟上層,2,58.0
f5db36da-e119-40db-923f-0e06f6ab5a2c,G11302101,A棟上層,3,65.0
f5db36da-e119-40db-923f-0e06f6ab5a2c,G11302101,A棟上層,4,96.0
f5db36da-e119-40db-923f-0e06f6ab5a2c,G11302101,A棟上層,5,130.0
f5db36da-e119-40db-923f-0e06f6ab5a2c,G11302101,A棟上層,6,165.0
f5db36da-e119-40db-923f-0e06f6ab5a2c,G11302101,A棟上層,7,203.0
f5db36da-e119-40db-923f-0e06f6ab5a2c,G11302101,A棟上層,8,226.0
f5db36da-e119-40db-923f-0e06f6ab5a2c,G11302101,A棟上層,9,272.0
f5db36da-e119-40db-923f-0e06f6ab5a2c,G11302101,A棟上層,10,315.0
f5db36da-e119-40db-923f-0e06f6ab5a2c,G11302101,A棟上層,11,371.0
f5db36da-e119-40db-923f-0e06f6ab5a2c,G11302101,A棟上層,12,440.0
f5db36da-e119-40db-923f-0e06f6ab5a2c,G11302101,A棟上層,13,515.0
f5db36da-e119-40db-923f-0e06f6ab5a2c,G11302101,A棟上層,14,598.0
f5db36da-e119-40db-923f-0e06f6ab5a2c,G11302101,A棟上層,15,694.0
f5db36da-e119-40db-923f-0e06f6ab5a2c,G11302101,A棟上層,16,757.0
f5db36da-e119-40db-923f-0e06f6ab5a2c,G11302101,A棟上層,17,842.0
f5db36da-e119-40db-923f-0e06f6ab5a2c,G11302101,A棟上層,18,1060.0
f5db36da-e119-40db-923f-0e06f6ab5a2c,G11302101,A棟上層,19,1019.0
f5db36da-e119-40db-923f-0e06f6ab5a2c,G11302101,A棟上層,20,1113.0
f5db36da-e119-40db-923f-0e06f6ab5a2c,G11302101,A棟上層,21,1216.0
f5db36da-e119-40db-923f-0e06f6ab5a2c,G11302101,A棟上層,22,1133.0
f5db36da-e119-40db-923f-0e06f6ab5a2c,G11302101,A棟上層,23,1211.0
f5db36da-e119-40db-923f-0e06f6ab5a2c,G11302101,A棟上層,24,1294.0
f5db36da-e119-40db-923f-0e06f6ab5a2c,G11302101,A棟上層,25,1377.0
f5db36da-e119-40db-923f-0e06f6ab5a2c,G11302101,A棟上層,26,1476.0
f5db36da-e119-40db-923f-0e06f6ab5a2c,G11302101,A棟上層,27,1560.0
f5db36da-e119-40db-923f-0e06f6ab5a2c,G11302101,A棟上層,28,1744.0
f5db36da-e119-40db-923f-0e06f6ab5a2c,G11302101,A棟上層,29,1852.0
f5db36da-e119-40db-923f-0e06f6ab5a2c,G11302101,A棟上層,30,1978.0
f5db36da-e119-40db-923f-0e06f6ab5a2c,G11302101,A棟上層,31,2354.0
f5db36da-e119-40db-923f-0e06f6ab5a2c,G11302101,A棟下層,0,39.0
f5db36da-e119-40db-923f-0e06f6ab5a2c,G11302101,A棟下層,1,65.0
f5db36da-e119-40db-923f-0e06f6ab5a2c,G11302101,A棟下層,2,72.0
f5db36da-e119-40db-923f-0e06f6ab5a2c,G11302101,A棟下層,3,71.0
f5db36da-e119-40db-923f-0e06f6ab5a2c,G11302101,A棟下層,4,97.0
f5db36da-e119-40db-923f-0e06f6ab5a2c,G11302101,A棟下層,5,132.0
f5db36da-e119-40db-923f-0e06f6ab5a2c,G11302101,A棟下層,6,183.0
f5db36da-e119-40db-923f-0e06f6ab5a2c,G11302101,A棟下層,7,225.0
f5db36da-e119-40db-923f-0e06f6ab5a2c,G11302101,A棟下層,8,284.0
f5db36da-e119-40db-923f-0e06f6ab5a2c,G11302101,A棟下層,9,337.0
f5db36da-e119-40db-923f-0e06f6ab5a2c,G11302101,A棟下層,10,387.0
f5db36da-e119-40db-923f-0e06f6ab5a2c,G11302101,A棟下層,11,453.0
f5db36da-e119-40db-923f-0e06f6ab5a2c,G11302101,A棟下層,12,526.0
f5db36da-e119-40db-923f-0e06f6ab5a2c,G11302101,A棟下層,13,633.0
f5db36da-e119-40db-923f-0e06f6ab5a2c,G11302101,A棟下層,14,606.0
f5db36da-e119-40db-923f-0e06f6ab5a2c,G11302101,A棟下層,15,595.0
f5db36da-e119-40db-923f-0e06f6ab5a2c,G11302101,A棟下層,16,669.0
f5db36da-e119-40db-923f-0e06f6ab5a2c,G11302101,A棟下層,17,761.0
f5db36da-e119-40db-923f-0e06f6ab5a2c,G11302101,A棟下層,18,847.0
f5db36da-e119-40db-923f-0e06f6ab5a2c,G11302101,A棟下層,19,923.0
f5db36da-e119-40db-923f-0e06f6ab5a2c,G11302101,A棟下層,20,1293.0
f5db36da-e119-40db-923f-0e06f6ab5a2c,G11302101,A棟下層,21,1465.0
f5db36da-e119-40db-923f-0e06f6ab5a2c,G11302101,A棟下層,22,1163.0
f5db36da-e119-40db-923f-0e06f6ab5a2c,G11302101,A棟下層,23,1251.0
f5db36da-e119-40db-923f-0e06f6ab5a2c,G11302101,A棟下層,24,1295.0
f5db36da-e119-40db-923f-0e06f6ab5a2c,G11302101,A棟下層,25,1416.0
f5db36da-e119-40db-923f-0e06f6ab5a2c,G11302101,A棟下層,26,1541.0
f5db36da-e119-40db-923f-0e06f6ab5a2c,G11302101,A棟下層,27,1609.0
f5db36da-e119-40db-923f-0e06f6ab5a2c,G11302101,A棟下層,28,1776.0
f5db36da-e119-40db-923f-0e06f6ab5a2c,G11302101,A棟下層,29,1892.0
f5db36da-e119-40db-923f-0e06f6ab5a2c,G11302101,A棟下層,30,1982.0
f5db36da-e119-40db-923f-0e06f6ab5a2c,G11302101,A棟下層,31,2010.0
f5db36da-e119-40db-923f-0e06f6ab5a2c,G11302101,B棟上層,0,38.0
f5db36da-e119-40db-923f-0e06f6ab5a2c,G11302101,B棟上層,1,53.0
f5db36da-e119-40db-923f-0e06f6ab5a2c,G11302101,B棟上層,2,68.0
f5db36da-e119-40db-923f-0e06f6ab5a2c,G11302101,B棟上層,3,80.0
f5db36da-e119-40db-923f-0e06f6ab5a2c,G11302101,B棟上層,4,102.0
f5db36da-e119-40db-923f-0e06f6ab5a2c,G11302101,B棟上層,5,146.0
f5db36da-e119-40db-923f-0e06f6ab5a2c,G11302101,B棟上層,6,182.0
f5db36da-e119-40db-923f-0e06f6ab5a2c,G11302101,B棟上層,7,171.0
f5db36da-e119-40db-923f-0e06f6ab5a2c,G11302101,B棟上層,8,198.0
f5db36da-e119-40db-923f-0e06f6ab5a2c,G11302101,B棟上層,9,232.0
f5db36da-e119-40db-923f-0e06f6ab5a2c,G11302101,B棟上層,10,281.0
f5db36da-e119-40db-923f-0e06f6ab5a2c,G11302101,B棟上層,11,346.0
f5db36da-e119-40db-923f-0e06f6ab5a2c,G11302101,B棟上層,12,390.0
f5db36da-e119-40db-923f-0e06f6ab5a2c,G11302101,B棟上層,13,458.0
f5db36da-e119-40db-923f-0e06f6ab5a2c,G11302101,B棟上層,14,524.0
f5db36da-e119-40db-923f-0e06f6ab5a2c,G11302101,B棟上層,15,595.0
f5db36da-e119-40db-923f-0e06f6ab5a2c,G11302101,B棟上層,16,669.0
f5db36da-e119-40db-923f-0e06f6ab5a2c,G11302101,B棟上層,17,761.0
f5db36da-e119-40db-923f-0e06f6ab5a2c,G11302101,B棟上層,18,847.0
f5db36da-e119-40db-923f-0e06f6ab5a2c,G11302101,B棟上層,19,923.0
f5db36da-e119-40db-923f-0e06f6ab5a2c,G11302101,B棟上層,20,1092.0
f5db36da-e119-40db-923f-0e06f6ab5a2c,G11302101,B棟上層,21,1448.0
f5db36da-e119-40db-923f-0e06f6ab5a2c,G11302101,B棟上層,22,1215.0
f5db36da-e119-40db-923f-0e06f6ab5a2c,G11302101,B棟上層,23,1230.0
f5db36da-e119-40db-923f-0e06f6ab5a2c,G11302101,B棟上層,24,1313.0
f5db36da-e119-40db-923f-0e06f6ab5a2c,G11302101,B棟上層,25,1422.0
f5db36da-e119-40db-923f-0e06f6ab5a2c,G11302101,B棟上層,26,1480.0
f5db36da-e119-40db-923f-0e06f6ab5a2c,G11302101,B棟上層,27,1531.0
f5db36da-e119-40db-923f-0e06f6ab5a2c,G11302101,B棟上層,28,1833.0
f5db36da-e119-40db-923f-0e06f6ab5a2c,G11302101,B棟上層,29,1904.0
f5db36da-e119-40db-923f-0e06f6ab5a2c,G11302101,B棟上層,30,2004.0
f5db36da-e119-40db-923f-0e06f6ab5a2c,G11302101,B棟上層,31,2011.0
f5db36da-e119-40db-923f-0e06f6ab5a2c,G11302101,B棟下層,0,33.0
f5db36da-e119-40db-923f-0e06f6ab5a2c,G11302101,B棟下層,1,34.0
f5db36da-e119-40db-923f-0e06f6ab5a2c,G11302101,B棟下層,2,35.0
f5db36da-e119-40db-923f-0e06f6ab5a2c,G11302101,B棟下層,3,43.0
f5db36da-e119-40db-923f-0e06f6ab5a2c,G11302101,B棟下層,4,64.0
f5db36da-e119-40db-923f-0e06f6ab5a2c,G11302101,B棟下層,5,72.0
f5db36da-e119-40db-923f-0e06f6ab5a2c,G11302101,B棟下層,6,100.0
f5db36da-e119-40db-923f-0e06f6ab5a2c,G11302101,B棟下層,7,132.0
f5db36da-e119-40db-923f-0e06f6ab5a2c,G11302101,B棟下層,8,167.0
f5db36da-e119-40db-923f-0e06f6ab5a2c,G11302101,B棟下層,9,202.0
f5db36da-e119-40db-923f-0e06f6ab5a2c,G11302101,B棟下層,10,254.0
f5db36da-e119-40db-923f-0e06f6ab5a2c,G11302101,B棟下層,11,302.0
f5db36da-e119-40db-923f-0e06f6ab5a2c,G11302101,B棟下層,12,378.0
f5db36da-e119-40db-923f-0e06f6ab5a2c,G11302101,B棟下層,13,446.0
f5db36da-e119-40db-923f-0e06f6ab5a2c,G11302101,B棟下層,14,509.0
f5db36da-e119-40db-923f-0e06f6ab5a2c,G11302101,B棟下層,15,581.0
f5db36da-e119-40db-923f-0e06f6ab5a2c,G11302101,B棟下層,16,656.0
f5db36da-e119-40db-923f-0e06f6ab5a2c,G11302101,B棟下層,17,734.0
f5db36da-e119-40db-923f-0e06f6ab5a2c,G11302101,B棟下層,18,816.0
f5db36da-e119-40db-923f-0e06f6ab5a2c,G11302101,B棟下層,19,882.0
f5db36da-e119-40db-923f-0e06f6ab5a2c,G11302101,B棟下層,20,962.0
f5db36da-e119-40db-923f-0e06f6ab5a2c,G11302101,B棟下層,21,1055.0
f5db36da-e119-40db-923f-0e06f6ab5a2c,G11302101,B棟下層,22,1128.0
f5db36da-e119-40db-923f-0e06f6ab5a2c,G11302101,B棟下層,23,1229.0
f5db36da-e119-40db-923f-0e06f6ab5a2c,G11302101,B棟下層,24,1318.0
f5db36da-e119-40db-923f-0e06f6ab5a2c,G11302101,B棟下層,25,1384.0
f5db36da-e119-40db-923f-0e06f6ab5a2c,G11302101,B棟下層,26,1482.0
f5db36da-e119-40db-923f-0e06f6ab5a2c,G11302101,B棟下層,27,1557.0
f5db36da-e119-40db-923f-0e06f6ab5a2c,G11302101,B棟下層,28,1711.0
f5db36da-e119-40db-923f-0e06f6ab5a2c,G11302101,B棟下層,29,1896.0
f5db36da-e119-40db-923f-0e06f6ab5a2c,G11302101,B棟下層,30,2001.0
f5db36da-e119-40db-923f-0e06f6ab5a2c,G11302101,B棟下層,31,2020.0
bf03e764-50bb-4e45-a670-ce10271d6626,G11302102,仁德廠,0,42.0
bf03e764-50bb-4e45-a670-ce10271d6626,G11302102,仁德廠,1,50.0
bf03e764-50bb-4e45-a670-ce10271d6626,G11302102,仁德廠,2,63.0
bf03e764-50bb-4e45-a670-ce10271d6626,G11302102,仁德廠,3,80.0
bf03e764-50bb-4e45-a670-ce10271d6626,G11302102,仁德廠,4,98.0
bf03e764-50bb-4e45-a670-ce10271d6626,G11302102,仁德廠,5,127.0
bf03e764-50bb-4e45-a670-ce10271d6626,G11302102,仁德廠,6,172.0
bf03e764-50bb-4e45-a670-ce10271d6626,G11302102,仁德廠,7,231.0
bf03e764-50bb-4e45-a670-ce10271d6626,G11302102,仁德廠,8,289.0
bf03e764-50bb-4e45-a670-ce10271d6626,G11302102,仁德廠,9,359.0
bf03e764-50bb-4e45-a670-ce10271d6626,G11302102,仁德廠,10,387.0
bf03e764-50bb-4e45-a670-ce10271d6626,G11302102,仁德廠,11,413.0
bf03e764-50bb-4e45-a670-ce10271d6626,G11302102,仁德廠,12,475.0
bf03e764-50bb-4e45-a670-ce10271d6626,G11302102,仁德廠,13,539.0
bf03e764-50bb-4e45-a670-ce10271d6626,G11302102,仁德廠,14,588.0
bf03e764-50bb-4e45-a670-ce10271d6626,G11302102,仁德廠,15,658.0
bf03e764-50bb-4e45-a670-ce10271d6626,G11302102,仁德廠,16,748.0
bf03e764-50bb-4e45-a670-ce10271d6626,G11302102,仁德廠,17,842.0
bf03e764-50bb-4e45-a670-ce10271d6626,G11302102,仁德廠,18,919.0
bf03e764-50bb-4e45-a670-ce10271d6626,G11302102,仁德廠,19,1035.0
bf03e764-50bb-4e45-a670-ce10271d6626,G11302102,仁德廠,20,1156.0
bf03e764-50bb-4e45-a670-ce10271d6626,G11302102,仁德廠,21,1245.0
bf03e764-50bb-4e45-a670-ce10271d6626,G11302102,仁德廠,22,1357.0
bf03e764-50bb-4e45-a670-ce10271d6626,G11302102,仁德廠,23,1449.0
bf03e764-50bb-4e45-a670-ce10271d6626,G11302102,仁德廠,24,1329.0
bf03e764-50bb-4e45-a670-ce10271d6626,G11302102,仁德廠,25,1468.0
bf03e764-50bb-4e45-a670-ce10271d6626,G11302102,仁德廠,26,1548.0
bf03e764-50bb-4e45-a670-ce10271d6626,G11302102,仁德廠,27,1658.0
bf03e764-50bb-4e45-a670-ce10271d6626,G11302102,仁德廠,28,1767.0
bf03e764-50bb-4e45-a670-ce10271d6626,G11302102,仁德廠,29,1879.0
bf03e764-50bb-4e45-a670-ce10271d6626,G11302102,仁德廠,30,1958.0
bf03e764-50bb-4e45-a670-ce10271d6626,G11302102,仁德廠,31,2032.0
e8728b72-d138-49df-b469-1eafd2edd182,G11302103,前棟,0,36.0
e8728b72-d138-49df-b469-1eafd2edd182,G11302103,前棟,1,47.0
e8728b72-d138-49df-b469-1eafd2edd182,G11302103,前棟,2,57.0
e8728b72-d138-49df-b469-1eafd2edd182,G11302103,前棟,3,78.0
e8728b72-d138-49df-b469-1eafd2edd182,G11302103,前棟,4,110.0
e8728b72-d138-49df-b469-1eafd2edd182,G11302103,前棟,5,152.0
e8728b72-d138-49df-b469-1eafd2edd182,G11302103,前棟,6,215.0
e8728b72-d138-49df-b469-1eafd2edd182,G11302103,前棟,7,241.0
e8728b72-d138-49df-b469-1eafd2edd182,G11302103,前棟,8,280.0
e8728b72-d138-49df-b469-1eafd2edd182,G11302103,前棟,9,333.0
e8728b72-d138-49df-b469-1eafd2edd182,G11302103,前棟,10,367.0
e8728b72-d138-49df-b469-1eafd2edd182,G11302103,前棟,11,360.0
e8728b72-d138-49df-b469-1eafd2edd182,G11302103,前棟,12,369.0
e8728b72-d138-49df-b469-1eafd2edd182,G11302103,前棟,13,445.0
e8728b72-d138-49df-b469-1eafd2edd182,G11302103,前棟,14,497.0
e8728b72-d138-49df-b469-1eafd2edd182,G11302103,前棟,15,564.0
e8728b72-d138-49df-b469-1eafd2edd182,G11302103,前棟,16,625.0
e8728b72-d138-49df-b469-1eafd2edd182,G11302103,前棟,17,713.0
e8728b72-d138-49df-b469-1eafd2edd182,G11302103,前棟,18,813.0
e8728b72-d138-49df-b469-1eafd2edd182,G11302103,前棟,19,889.0
e8728b72-d138-49df-b469-1eafd2edd182,G11302103,前棟,20,990.0
e8728b72-d138-49df-b469-1eafd2edd182,G11302103,前棟,21,1081.0
e8728b72-d138-49df-b469-1eafd2edd182,G11302103,前棟,22,1174.0
e8728b72-d138-49df-b469-1eafd2edd182,G11302103,前棟,23,1259.0
e8728b72-d138-49df-b469-1eafd2edd182,G11302103,前棟,24,1251.0
e8728b72-d138-49df-b469-1eafd2edd182,G11302103,前棟,25,1360.0
e8728b72-d138-49df-b469-1eafd2edd182,G11302103,前棟,26,1465.0
e8728b72-d138-49df-b469-1eafd2edd182,G11302103,前棟,27,1582.0
e8728b72-d138-49df-b469-1eafd2edd182,G11302103,前棟,28,1654.0
e8728b72-d138-49df-b469-1eafd2edd182,G11302103,前棟,29,1778.0
e8728b72-d138-49df-b469-1eafd2edd182,G11302103,前棟,30,1871.0
e8728b72-d138-49df-b469-1eafd2edd182,G11302103,前棟,31,1973.0
e8728b72-d138-49df-b469-1eafd2edd182,G11302103,後棟,0,38.0
e8728b72-d138-49df-b469-1eafd2edd182,G11302103,後棟,1,52.0
e8728b72-d138-49df-b469-1eafd2edd182,G11302103,後棟,2,67.0
e8728b72-d138-49df-b469-1eafd2edd182,G11302103,後棟,3,86.0
e8728b72-d138-49df-b469-1eafd2edd182,G11302103,後棟,4,114.0
e8728b72-d138-49df-b469-1eafd2edd182,G11302103,後棟,5,162.0
e8728b72-d138-49df-b469-1eafd2edd182,G11302103,後棟,6,209.0
e8728b72-d138-49df-b469-1eafd2edd182,G11302103,後棟,7,236.0
e8728b72-d138-49df-b469-1eafd2edd182,G11302103,後棟,8,261.0
e8728b72-d138-49df-b469-1eafd2edd182,G11302103,後棟,9,325.0
e8728b72-d138-49df-b469-1eafd2edd182,G11302103,後棟,10,370.0
e8728b72-d138-49df-b469-1eafd2edd182,G11302103,後棟,11,362.0
e8728b72-d138-49df-b469-1eafd2edd182,G11302103,後棟,12,346.0
e8728b72-d138-49df-b469-1eafd2edd182,G11302103,後棟,13,437.0
e8728b72-d138-49df-b469-1eafd2edd182,G11302103,後棟,14,495.0
e8728b72-d138-49df-b469-1eafd2edd182,G11302103,後棟,15,557.0
e8728b72-d138-49df-b469-1eafd2edd182,G11302103,後棟,16,623.0
e8728b72-d138-49df-b469-1eafd2edd182,G11302103,後棟,17,703.0
e8728b72-d138-49df-b469-1eafd2edd182,G11302103,後棟,18,799.0
e8728b72-d138-49df-b469-1eafd2edd182,G11302103,後棟,19,872.0
e8728b72-d138-49df-b469-1eafd2edd182,G11302103,後棟,20,980.0
e8728b72-d138-49df-b469-1eafd2edd182,G11302103,後棟,21,1076.0
e8728b72-d138-49df-b469-1eafd2edd182,G11302103,後棟,22,1202.0
e8728b72-d138-49df-b469-1eafd2edd182,G11302103,後棟,23,1285.0
e8728b72-d138-49df-b469-1eafd2edd182,G11302103,後棟,24,1304.0
e8728b72-d138-49df-b469-1eafd2edd182,G11302103,後棟,25,1410.0
e8728b72-d138-49df-b469-1eafd2edd182,G11302103,後棟,26,1482.0
e8728b72-d138-49df-b469-1eafd2edd182,G11302103,後棟,27,1616.0
e8728b72-d138-49df-b469-1eafd2edd182,G11302103,後棟,28,1717.0
e8728b72-d138-49df-b469-1eafd2edd182,G11302103,後棟,29,1780.0
e8728b72-d138-49df-b469-1eafd2edd182,G11302103,後棟,30,1899.0
e8728b72-d138-49df-b469-1eafd2edd182,G11302103,後棟,31,2069.0
8dd6be99-8c1c-427c-82dc-226189dc8b92,G11302104,A棟,0,35.0
8dd6be99-8c1c-427c-82dc-226189dc8b92,G11302104,A棟,1,38.0
8dd6be99-8c1c-427c-82dc-226189dc8b92,G11302104,A棟,2,42.0
8dd6be99-8c1c-427c-82dc-226189dc8b92,G11302104,A棟,3,57.0
8dd6be99-8c1c-427c-82dc-226189dc8b92,G11302104,A棟,4,81.0
8dd6be99-8c1c-427c-82dc-226189dc8b92,G11302104,A棟,5,103.0
8dd6be99-8c1c-427c-82dc-226189dc8b92,G11302104,A棟,6,130.0
8dd6be99-8c1c-427c-82dc-226189dc8b92,G11302104,A棟,7,169.0
8dd6be99-8c1c-427c-82dc-226189dc8b92,G11302104,A棟,8,206.0
8dd6be99-8c1c-427c-82dc-226189dc8b92,G11302104,A棟,9,243.0
8dd6be99-8c1c-427c-82dc-226189dc8b92,G11302104,A棟,10,283.0
8dd6be99-8c1c-427c-82dc-226189dc8b92,G11302104,A棟,11,320.0
8dd6be99-8c1c-427c-82dc-226189dc8b92,G11302104,A棟,12,369.0
8dd6be99-8c1c-427c-82dc-226189dc8b92,G11302104,A棟,13,432.0
8dd6be99-8c1c-427c-82dc-226189dc8b92,G11302104,A棟,14,520.0
8dd6be99-8c1c-427c-82dc-226189dc8b92,G11302104,A棟,15,599.0
8dd6be99-8c1c-427c-82dc-226189dc8b92,G11302104,A棟,16,667.0
8dd6be99-8c1c-427c-82dc-226189dc8b92,G11302104,A棟,17,740.0
8dd6be99-8c1c-427c-82dc-226189dc8b92,G11302104,A棟,18,843.0
8dd6be99-8c1c-427c-82dc-226189dc8b92,G11302104,A棟,19,958.0
8dd6be99-8c1c-427c-82dc-226189dc8b92,G11302104,A棟,20,1008.0
8dd6be99-8c1c-427c-82dc-226189dc8b92,G11302104,A棟,21,1111.0
8dd6be99-8c1c-427c-82dc-226189dc8b92,G11302104,A棟,22,1229.0
8dd6be99-8c1c-427c-82dc-226189dc8b92,G11302104,A棟,23,1327.0
8dd6be99-8c1c-427c-82dc-226189dc8b92,G11302104,A棟,24,1441.0
8dd6be99-8c1c-427c-82dc-226189dc8b92,G11302104,A棟,25,1553.0
8dd6be99-8c1c-427c-82dc-226189dc8b92,G11302104,A棟,26,1568.0
8dd6be99-8c1c-427c-82dc-226189dc8b92,G11302104,A棟,27,1646.0
8dd6be99-8c1c-427c-82dc-226189dc8b92,G11302104,A棟,28,1692.0
8dd6be99-8c1c-427c-82dc-226189dc8b92,G11302104,A棟,29,1798.0
8dd6be99-8c1c-427c-82dc-226189dc8b92,G11302104,A棟,30,1875.0
8dd6be99-8c1c-427c-82dc-226189dc8b92,G11302104,A棟,31,1990.0
8dd6be99-8c1c-427c-82dc-226189dc8b92,G11302104,B棟,0,39.0
8dd6be99-8c1c-427c-82dc-226189dc8b92,G11302104,B棟,1,45.0
8dd6be99-8c1c-427c-82dc-226189dc8b92,G11302104,B棟,2,53.0
8dd6be99-8c1c-427c-82dc-226189dc8b92,G11302104,B棟,3,73.0
8dd6be99-8c1c-427c-82dc-226189dc8b92,G11302104,B棟,4,102.0
8dd6be99-8c1c-427c-82dc-226189dc8b92,G11302104,B棟,5,137.0
8dd6be99-8c1c-427c-82dc-226189dc8b92,G11302104,B棟,6,175.0
8dd6be99-8c1c-427c-82dc-226189dc8b92,G11302104,B棟,7,237.0
8dd6be99-8c1c-427c-82dc-226189dc8b92,G11302104,B棟,8,314.0
8dd6be99-8c1c-427c-82dc-226189dc8b92,G11302104,B棟,9,372.0
8dd6be99-8c1c-427c-82dc-226189dc8b92,G11302104,B棟,10,424.0
8dd6be99-8c1c-427c-82dc-226189dc8b92,G11302104,B棟,11,309.0
8dd6be99-8c1c-427c-82dc-226189dc8b92,G11302104,B棟,12,363.0
8dd6be99-8c1c-427c-82dc-226189dc8b92,G11302104,B棟,13,620.0
8dd6be99-8c1c-427c-82dc-226189dc8b92,G11302104,B棟,14,638.0
8dd6be99-8c1c-427c-82dc-226189dc8b92,G11302104,B棟,15,540.0
8dd6be99-8c1c-427c-82dc-226189dc8b92,G11302104,B棟,16,598.0
8dd6be99-8c1c-427c-82dc-226189dc8b92,G11302104,B棟,17,661.0
8dd6be99-8c1c-427c-82dc-226189dc8b92,G11302104,B棟,18,747.0
8dd6be99-8c1c-427c-82dc-226189dc8b92,G11302104,B棟,19,831.0
8dd6be99-8c1c-427c-82dc-226189dc8b92,G11302104,B棟,20,943.0
8dd6be99-8c1c-427c-82dc-226189dc8b92,G11302104,B棟,21,1044.0
8dd6be99-8c1c-427c-82dc-226189dc8b92,G11302104,B棟,22,1137.0
8dd6be99-8c1c-427c-82dc-226189dc8b92,G11302104,B棟,23,1241.0
8dd6be99-8c1c-427c-82dc-226189dc8b92,G11302104,B棟,24,1337.0
8dd6be99-8c1c-427c-82dc-226189dc8b92,G11302104,B棟,25,1434.0
8dd6be99-8c1c-427c-82dc-226189dc8b92,G11302104,B棟,26,1549.0
8dd6be99-8c1c-427c-82dc-226189dc8b92,G11302104,B棟,27,1626.0
8dd6be99-8c1c-427c-82dc-226189dc8b92,G11302104,B棟,28,1733.0
8dd6be99-8c1c-427c-82dc-226189dc8b92,G11302104,B棟,29,1818.0
8dd6be99-8c1c-427c-82dc-226189dc8b92,G11302104,B棟,30,1942.0
8dd6be99-8c1c-427c-82dc-226189dc8b92,G11302104,B棟,31,2013.0
8dd6be99-8c1c-427c-82dc-226189dc8b92,G11302104,C棟,0,37.0
8dd6be99-8c1c-427c-82dc-226189dc8b92,G11302104,C棟,1,45.0
8dd6be99-8c1c-427c-82dc-226189dc8b92,G11302104,C棟,2,57.0
8dd6be99-8c1c-427c-82dc-226189dc8b92,G11302104,C棟,3,59.0
8dd6be99-8c1c-427c-82dc-226189dc8b92,G11302104,C棟,4,102.0
8dd6be99-8c1c-427c-82dc-226189dc8b92,G11302104,C棟,5,129.0
8dd6be99-8c1c-427c-82dc-226189dc8b92,G11302104,C棟,6,167.0
8dd6be99-8c1c-427c-82dc-226189dc8b92,G11302104,C棟,7,209.0
8dd6be99-8c1c-427c-82dc-226189dc8b92,G11302104,C棟,8,259.0
8dd6be99-8c1c-427c-82dc-226189dc8b92,G11302104,C棟,9,308.0
8dd6be99-8c1c-427c-82dc-226189dc8b92,G11302104,C棟,10,356.0
8dd6be99-8c1c-427c-82dc-226189dc8b92,G11302104,C棟,11,412.0
8dd6be99-8c1c-427c-82dc-226189dc8b92,G11302104,C棟,12,462.0
8dd6be99-8c1c-427c-82dc-226189dc8b92,G11302104,C棟,13,521.0
8dd6be99-8c1c-427c-82dc-226189dc8b92,G11302104,C棟,14,564.0
8dd6be99-8c1c-427c-82dc-226189dc8b92,G11302104,C棟,15,633.0
8dd6be99-8c1c-427c-82dc-226189dc8b92,G11302104,C棟,16,726.0
8dd6be99-8c1c-427c-82dc-226189dc8b92,G11302104,C棟,17,811.0
8dd6be99-8c1c-427c-82dc-226189dc8b92,G11302104,C棟,18,903.0
8dd6be99-8c1c-427c-82dc-226189dc8b92,G11302104,C棟,19,993.0
8dd6be99-8c1c-427c-82dc-226189dc8b92,G11302104,C棟,20,1031.0
8dd6be99-8c1c-427c-82dc-226189dc8b92,G11302104,C棟,21,1124.0
8dd6be99-8c1c-427c-82dc-226189dc8b92,G11302104,C棟,22,1231.0
8dd6be99-8c1c-427c-82dc-226189dc8b92,G11302104,C棟,23,1319.0
8dd6be99-8c1c-427c-82dc-226189dc8b92,G11302104,C棟,24,1433.0
8dd6be99-8c1c-427c-82dc-226189dc8b92,G11302104,C棟,25,1549.0
8dd6be99-8c1c-427c-82dc-226189dc8b92,G11302104,C棟,26,1585.0
8dd6be99-8c1c-427c-82dc-226189dc8b92,G11302104,C棟,27,1711.0
8dd6be99-8c1c-427c-82dc-226189dc8b92,G11302104,C棟,28,1803.0
8dd6be99-8c1c-427c-82dc-226189dc8b92,G11302104,C棟,29,1929.0
8dd6be99-8c1c-427c-82dc-226189dc8b92,G11302104,C棟,30,2004.0
8dd6be99-8c1c-427c-82dc-226189dc8b92,G11302104,C棟,31,2196.0
c878da16-a4df-46f9-9ce8-fd357ca7193c,G11303101,A棟,0,42.0
c878da16-a4df-46f9-9ce8-fd357ca7193c,G11303101,A棟,1,54.0
c878da16-a4df-46f9-9ce8-fd357ca7193c,G11303101,A棟,2,84.0
c878da16-a4df-46f9-9ce8-fd357ca7193c,G11303101,A棟,3,101.0
c878da16-a4df-46f9-9ce8-fd357ca7193c,G11303101,A棟,4,141.0
c878da16-a4df-46f9-9ce8-fd357ca7193c,G11303101,A棟,5,179.0
c878da16-a4df-46f9-9ce8-fd357ca7193c,G11303101,A棟,6,193.0
c878da16-a4df-46f9-9ce8-fd357ca7193c,G11303101,A棟,7,204.0
c878da16-a4df-46f9-9ce8-fd357ca7193c,G11303101,A棟,8,242.0
c878da16-a4df-46f9-9ce8-fd357ca7193c,G11303101,A棟,9,379.0
c878da16-a4df-46f9-9ce8-fd357ca7193c,G11303101,A棟,10,452.0
c878da16-a4df-46f9-9ce8-fd357ca7193c,G11303101,A棟,11,361.0
c878da16-a4df-46f9-9ce8-fd357ca7193c,G11303101,A棟,12,401.0
c878da16-a4df-46f9-9ce8-fd357ca7193c,G11303101,A棟,13,461.0
c878da16-a4df-46f9-9ce8-fd357ca7193c,G11303101,A棟,14,530.0
c878da16-a4df-46f9-9ce8-fd357ca7193c,G11303101,A棟,15,600.0
c878da16-a4df-46f9-9ce8-fd357ca7193c,G11303101,A棟,16,666.0
c878da16-a4df-46f9-9ce8-fd357ca7193c,G11303101,A棟,17,770.0
c878da16-a4df-46f9-9ce8-fd357ca7193c,G11303101,A棟,18,814.0
c878da16-a4df-46f9-9ce8-fd357ca7193c,G11303101,A棟,19,884.0
c878da16-a4df-46f9-9ce8-fd357ca7193c,G11303101,A棟,20,970.0
c878da16-a4df-46f9-9ce8-fd357ca7193c,G11303101,A棟,21,1072.0
c878da16-a4df-46f9-9ce8-fd357ca7193c,G11303101,A棟,22,1154.0
c878da16-a4df-46f9-9ce8-fd357ca7193c,G11303101,A棟,23,1224.0
c878da16-a4df-46f9-9ce8-fd357ca7193c,G11303101,A棟,24,1332.0
c878da16-a4df-46f9-9ce8-fd357ca7193c,G11303101,A棟,25,1440.0
c878da16-a4df-46f9-9ce8-fd357ca7193c,G11303101,A棟,26,1543.0
c878da16-a4df-46f9-9ce8-fd357ca7193c,G11303101,A棟,27,1604.0
c878da16-a4df-46f9-9ce8-fd357ca7193c,G11303101,A棟,28,1742.0
c878da16-a4df-46f9-9ce8-fd357ca7193c,G11303101,A棟,29,1827.0
c878da16-a4df-46f9-9ce8-fd357ca7193c,G11303101,A棟,30,1973.0
c878da16-a4df-46f9-9ce8-fd357ca7193c,G11303101,A棟,31,2020.0
98948182-62a4-4ef3-8202-ceb23ae188a7,G11303102,A棟,0,33.0
98948182-62a4-4ef3-8202-ceb23ae188a7,G11303102,A棟,1,35.0
98948182-62a4-4ef3-8202-ceb23ae188a7,G11303102,A棟,2,38.0
98948182-62a4-4ef3-8202-ceb23ae188a7,G11303102,A棟,3,56.0
98948182-62a4-4ef3-8202-ceb23ae188a7,G11303102,A棟,4,78.0
98948182-62a4-4ef3-8202-ceb23ae188a7,G11303102,A棟,5,118.0
98948182-62a4-4ef3-8202-ceb23ae188a7,G11303102,A棟,6,139.0
98948182-62a4-4ef3-8202-ceb23ae188a7,G11303102,A棟,7,193.0
98948182-62a4-4ef3-8202-ceb23ae188a7,G11303102,A棟,8,254.0
98948182-62a4-4ef3-8202-ceb23ae188a7,G11303102,A棟,9,257.0
98948182-62a4-4ef3-8202-ceb23ae188a7,G11303102,A棟,10,290.0
98948182-62a4-4ef3-8202-ceb23ae188a7,G11303102,A棟,11,345.0
98948182-62a4-4ef3-8202-ceb23ae188a7,G11303102,A棟,12,390.0
98948182-62a4-4ef3-8202-ceb23ae188a7,G11303102,A棟,13,425.0
98948182-62a4-4ef3-8202-ceb23ae188a7,G11303102,A棟,14,489.0
98948182-62a4-4ef3-8202-ceb23ae188a7,G11303102,A棟,15,556.0
98948182-62a4-4ef3-8202-ceb23ae188a7,G11303102,A棟,16,627.0
98948182-62a4-4ef3-8202-ceb23ae188a7,G11303102,A棟,17,697.0
98948182-62a4-4ef3-8202-ceb23ae188a7,G11303102,A棟,18,771.0
98948182-62a4-4ef3-8202-ceb23ae188a7,G11303102,A棟,19,843.0
98948182-62a4-4ef3-8202-ceb23ae188a7,G11303102,A棟,20,924.0
98948182-62a4-4ef3-8202-ceb23ae188a7,G11303102,A棟,21,1022.0
98948182-62a4-4ef3-8202-ceb23ae188a7,G11303102,A棟,22,1102.0
98948182-62a4-4ef3-8202-ceb23ae188a7,G11303102,A棟,23,1219.0
98948182-62a4-4ef3-8202-ceb23ae188a7,G11303102,A棟,24,1316.0
98948182-62a4-4ef3-8202-ceb23ae188a7,G11303102,A棟,25,1401.0
98948182-62a4-4ef3-8202-ceb23ae188a7,G11303102,A棟,26,1481.0
98948182-62a4-4ef3-8202-ceb23ae188a7,G11303102,A棟,27,1598.0
98948182-62a4-4ef3-8202-ceb23ae188a7,G11303102,A棟,28,1731.0
98948182-62a4-4ef3-8202-ceb23ae188a7,G11303102,A棟,29,1764.0
98948182-62a4-4ef3-8202-ceb23ae188a7,G11303102,A棟,30,1887.0
98948182-62a4-4ef3-8202-ceb23ae188a7,G11303102,A棟,31,1979.0
62c0b26d-85a0-479e-8607-3e7eca0a4fe2,G11303103,上層,0,42.0
62c0b26d-85a0-479e-8607-3e7eca0a4fe2,G11303103,上層,1,52.0
62c0b26d-85a0-479e-8607-3e7eca0a4fe2,G11303103,上層,2,74.0
62c0b26d-85a0-479e-8607-3e7eca0a4fe2,G11303103,上層,3,88.0
62c0b26d-85a0-479e-8607-3e7eca0a4fe2,G11303103,上層,4,110.0
62c0b26d-85a0-479e-8607-3e7eca0a4fe2,G11303103,上層,5,135.0
62c0b26d-85a0-479e-8607-3e7eca0a4fe2,G11303103,上層,6,169.0
62c0b26d-85a0-479e-8607-3e7eca0a4fe2,G11303103,上層,7,197.0
62c0b26d-85a0-479e-8607-3e7eca0a4fe2,G11303103,上層,8,238.0
62c0b26d-85a0-479e-8607-3e7eca0a4fe2,G11303103,上層,9,281.0
62c0b26d-85a0-479e-8607-3e7eca0a4fe2,G11303103,上層,10,274.0
62c0b26d-85a0-479e-8607-3e7eca0a4fe2,G11303103,上層,11,319.0
62c0b26d-85a0-479e-8607-3e7eca0a4fe2,G11303103,上層,12,374.0
62c0b26d-85a0-479e-8607-3e7eca0a4fe2,G11303103,上層,13,429.0
62c0b26d-85a0-479e-8607-3e7eca0a4fe2,G11303103,上層,14,493.0
62c0b26d-85a0-479e-8607-3e7eca0a4fe2,G11303103,上層,15,564.0
62c0b26d-85a0-479e-8607-3e7eca0a4fe2,G11303103,上層,16,633.0
62c0b26d-85a0-479e-8607-3e7eca0a4fe2,G11303103,上層,17,701.0
62c0b26d-85a0-479e-8607-3e7eca0a4fe2,G11303103,上層,18,777.0
62c0b26d-85a0-479e-8607-3e7eca0a4fe2,G11303103,上層,19,845.0
62c0b26d-85a0-479e-8607-3e7eca0a4fe2,G11303103,上層,20,945.0
62c0b26d-85a0-479e-8607-3e7eca0a4fe2,G11303103,上層,21,1025.0
62c0b26d-85a0-479e-8607-3e7eca0a4fe2,G11303103,上層,22,1106.0
62c0b26d-85a0-479e-8607-3e7eca0a4fe2,G11303103,上層,23,1195.0
62c0b26d-85a0-479e-8607-3e7eca0a4fe2,G11303103,上層,24,1267.0
62c0b26d-85a0-479e-8607-3e7eca0a4fe2,G11303103,上層,25,1374.0
62c0b26d-85a0-479e-8607-3e7eca0a4fe2,G11303103,上層,26,1452.0
62c0b26d-85a0-479e-8607-3e7eca0a4fe2,G11303103,上層,27,1528.0
62c0b26d-85a0-479e-8607-3e7eca0a4fe2,G11303103,上層,28,1612.0
62c0b26d-85a0-479e-8607-3e7eca0a4fe2,G11303103,上層,29,1724.0
62c0b26d-85a0-479e-8607-3e7eca0a4fe2,G11303103,上層,30,1818.0
62c0b26d-85a0-479e-8607-3e7eca0a4fe2,G11303103,上層,31,1934.0
62c0b26d-85a0-479e-8607-3e7eca0a4fe2,G11303103,下層,0,42.0
62c0b26d-85a0-479e-8607-3e7eca0a4fe2,G11303103,下層,1,58.0
62c0b26d-85a0-479e-8607-3e7eca0a4fe2,G11303103,下層,2,79.0
62c0b26d-85a0-479e-8607-3e7eca0a4fe2,G11303103,下層,3,97.0
62c0b26d-85a0-479e-8607-3e7eca0a4fe2,G11303103,下層,4,124.0
62c0b26d-85a0-479e-8607-3e7eca0a4fe2,G11303103,下層,5,152.0
62c0b26d-85a0-479e-8607-3e7eca0a4fe2,G11303103,下層,6,178.0
62c0b26d-85a0-479e-8607-3e7eca0a4fe2,G11303103,下層,7,207.0
62c0b26d-85a0-479e-8607-3e7eca0a4fe2,G11303103,下層,8,254.0
62c0b26d-85a0-479e-8607-3e7eca0a4fe2,G11303103,下層,9,307.0
62c0b26d-85a0-479e-8607-3e7eca0a4fe2,G11303103,下層,10,294.0
62c0b26d-85a0-479e-8607-3e7eca0a4fe2,G11303103,下層,11,336.0
62c0b26d-85a0-479e-8607-3e7eca0a4fe2,G11303103,下層,12,387.0
62c0b26d-85a0-479e-8607-3e7eca0a4fe2,G11303103,下層,13,438.0
62c0b26d-85a0-479e-8607-3e7eca0a4fe2,G11303103,下層,14,499.0
62c0b26d-85a0-479e-8607-3e7eca0a4fe2,G11303103,下層,15,566.0
62c0b26d-85a0-479e-8607-3e7eca0a4fe2,G11303103,下層,16,634.0
62c0b26d-85a0-479e-8607-3e7eca0a4fe2,G11303103,下層,17,714.0
62c0b26d-85a0-479e-8607-3e7eca0a4fe2,G11303103,下層,18,797.0
62c0b26d-85a0-479e-8607-3e7eca0a4fe2,G11303103,下層,19,868.0
62c0b26d-85a0-479e-8607-3e7eca0a4fe2,G11303103,下層,20,968.0
62c0b26d-85a0-479e-8607-3e7eca0a4fe2,G11303103,下層,21,1045.0
62c0b26d-85a0-479e-8607-3e7eca0a4fe2,G11303103,下層,22,1136.0
62c0b26d-85a0-479e-8607-3e7eca0a4fe2,G11303103,下層,23,1223.0
62c0b26d-85a0-479e-8607-3e7eca0a4fe2,G11303103,下層,24,1286.0
62c0b26d-85a0-479e-8607-3e7eca0a4fe2,G11303103,下層,25,1382.0
62c0b26d-85a0-479e-8607-3e7eca0a4fe2,G11303103,下層,26,1468.0
62c0b26d-85a0-479e-8607-3e7eca0a4fe2,G11303103,下層,27,1546.0
62c0b26d-85a0-479e-8607-3e7eca0a4fe2,G11303103,下層,28,1609.0
62c0b26d-85a0-479e-8607-3e7eca0a4fe2,G11303103,下層,29,1729.0
62c0b26d-85a0-479e-8607-3e7eca0a4fe2,G11303103,下層,30,1817.0
62c0b26d-85a0-479e-8607-3e7eca0a4fe2,G11303103,下層,31,1925.0
eef47f04-01e7-4b49-8827-e231694ea345,G11303104,上層,0,42.0
eef47f04-01e7-4b49-8827-e231694ea345,G11303104,上層,1,50.0
eef47f04-01e7-4b49-8827-e231694ea345,G11303104,上層,2,70.0
eef47f04-01e7-4b49-8827-e231694ea345,G11303104,上層,3,85.0
eef47f04-01e7-4b49-8827-e231694ea345,G11303104,上層,4,119.0
eef47f04-01e7-4b49-8827-e231694ea345,G11303104,上層,5,162.0
eef47f04-01e7-4b49-8827-e231694ea345,G11303104,上層,6,211.0
eef47f04-01e7-4b49-8827-e231694ea345,G11303104,上層,7,250.0
eef47f04-01e7-4b49-8827-e231694ea345,G11303104,上層,8,282.0
eef47f04-01e7-4b49-8827-e231694ea345,G11303104,上層,9,330.0
eef47f04-01e7-4b49-8827-e231694ea345,G11303104,上層,10,377.0
eef47f04-01e7-4b49-8827-e231694ea345,G11303104,上層,11,451.0
eef47f04-01e7-4b49-8827-e231694ea345,G11303104,上層,12,503.0
eef47f04-01e7-4b49-8827-e231694ea345,G11303104,上層,13,512.0
eef47f04-01e7-4b49-8827-e231694ea345,G11303104,上層,14,568.0
eef47f04-01e7-4b49-8827-e231694ea345,G11303104,上層,15,638.0
eef47f04-01e7-4b49-8827-e231694ea345,G11303104,上層,16,710.0
eef47f04-01e7-4b49-8827-e231694ea345,G11303104,上層,17,802.0
eef47f04-01e7-4b49-8827-e231694ea345,G11303104,上層,18,897.0
eef47f04-01e7-4b49-8827-e231694ea345,G11303104,上層,19,976.0
eef47f04-01e7-4b49-8827-e231694ea345,G11303104,上層,20,1090.0
eef47f04-01e7-4b49-8827-e231694ea345,G11303104,上層,21,1149.0
eef47f04-01e7-4b49-8827-e231694ea345,G11303104,上層,22,1267.0
eef47f04-01e7-4b49-8827-e231694ea345,G11303104,上層,23,1368.0
eef47f04-01e7-4b49-8827-e231694ea345,G11303104,上層,24,1468.0
eef47f04-01e7-4b49-8827-e231694ea345,G11303104,上層,25,1579.0
eef47f04-01e7-4b49-8827-e231694ea345,G11303104,上層,26,1689.0
eef47f04-01e7-4b49-8827-e231694ea345,G11303104,上層,27,1712.0
eef47f04-01e7-4b49-8827-e231694ea345,G11303104,上層,28,1788.0
eef47f04-01e7-4b49-8827-e231694ea345,G11303104,上層,29,1914.0
eef47f04-01e7-4b49-8827-e231694ea345,G11303104,上層,30,1966.0
eef47f04-01e7-4b49-8827-e231694ea345,G11303104,上層,31,2064.0
eef47f04-01e7-4b49-8827-e231694ea345,G11303104,下層,0,39.0
eef47f04-01e7-4b49-8827-e231694ea345,G11303104,下層,1,52.0
eef47f04-01e7-4b49-8827-e231694ea345,G11303104,下層,2,70.0
eef47f04-01e7-4b49-8827-e231694ea345,G11303104,下層,3,91.0
eef47f04-01e7-4b49-8827-e231694ea345,G11303104,下層,4,125.0
eef47f04-01e7-4b49-8827-e231694ea345,G11303104,下層,5,170.0
eef47f04-01e7-4b49-8827-e231694ea345,G11303104,下層,6,203.0
eef47f04-01e7-4b49-8827-e231694ea345,G11303104,下層,7,244.0
eef47f04-01e7-4b49-8827-e231694ea345,G11303104,下層,8,284.0
eef47f04-01e7-4b49-8827-e231694ea345,G11303104,下層,9,327.0
eef47f04-01e7-4b49-8827-e231694ea345,G11303104,下層,10,389.0
eef47f04-01e7-4b49-8827-e231694ea345,G11303104,下層,11,441.0
eef47f04-01e7-4b49-8827-e231694ea345,G11303104,下層,12,508.0
eef47f04-01e7-4b49-8827-e231694ea345,G11303104,下層,13,550.0
eef47f04-01e7-4b49-8827-e231694ea345,G11303104,下層,14,580.0
eef47f04-01e7-4b49-8827-e231694ea345,G11303104,下層,15,644.0
eef47f04-01e7-4b49-8827-e231694ea345,G11303104,下層,16,719.0
eef47f04-01e7-4b49-8827-e231694ea345,G11303104,下層,17,813.0
eef47f04-01e7-4b49-8827-e231694ea345,G11303104,下層,18,914.0
eef47f04-01e7-4b49-8827-e231694ea345,G11303104,下層,19,985.0
eef47f04-01e7-4b49-8827-e231694ea345,G11303104,下層,20,1097.0
eef47f04-01e7-4b49-8827-e231694ea345,G11303104,下層,21,1198.0
eef47f04-01e7-4b49-8827-e231694ea345,G11303104,下層,22,1321.0
eef47f04-01e7-4b49-8827-e231694ea345,G11303104,下層,23,1401.0
eef47f04-01e7-4b49-8827-e231694ea345,G11303104,下層,24,1508.0
eef47f04-01e7-4b49-8827-e231694ea345,G11303104,下層,25,1614.0
eef47f04-01e7-4b49-8827-e231694ea345,G11303104,下層,26,1689.0
eef47f04-01e7-4b49-8827-e231694ea345,G11303104,下層,27,1771.0
eef47f04-01e7-4b49-8827-e231694ea345,G11303104,下層,28,1861.0
eef47f04-01e7-4b49-8827-e231694ea345,G11303104,下層,29,1972.0
eef47f04-01e7-4b49-8827-e231694ea345,G11303104,下層,30,2006.0
eef47f04-01e7-4b49-8827-e231694ea345,G11303104,下層,31,2104.0
a1e231c6-87ab-43fa-9047-e292b19f146d,G11304104,上層,0,42.0
a1e231c6-87ab-43fa-9047-e292b19f146d,G11304104,上層,1,56.0
a1e231c6-87ab-43fa-9047-e292b19f146d,G11304104,上層,2,63.0
a1e231c6-87ab-43fa-9047-e292b19f146d,G11304104,上層,3,83.0
a1e231c6-87ab-43fa-9047-e292b19f146d,G11304104,上層,4,103.0
a1e231c6-87ab-43fa-9047-e292b19f146d,G11304104,上層,5,122.0
a1e231c6-87ab-43fa-9047-e292b19f146d,G11304104,上層,6,157.0
a1e231c6-87ab-43fa-9047-e292b19f146d,G11304104,上層,7,173.0
a1e231c6-87ab-43fa-9047-e292b19f146d,G11304104,上層,8,215.0
a1e231c6-87ab-43fa-9047-e292b19f146d,G11304104,上層,9,244.0
a1e231c6-87ab-43fa-9047-e292b19f146d,G11304104,上層,10,286.0
a1e231c6-87ab-43fa-9047-e292b19f146d,G11304104,上層,11,340.0
a1e231c6-87ab-43fa-9047-e292b19f146d,G11304104,上層,12,394.0
a1e231c6-87ab-43fa-9047-e292b19f146d,G11304104,上層,13,461.0
a1e231c6-87ab-43fa-9047-e292b19f146d,G11304104,上層,14,514.0
a1e231c6-87ab-43fa-9047-e292b19f146d,G11304104,上層,15,594.0
a1e231c6-87ab-43fa-9047-e292b19f146d,G11304104,上層,16,673.0
a1e231c6-87ab-43fa-9047-e292b19f146d,G11304104,上層,17,755.0
a1e231c6-87ab-43fa-9047-e292b19f146d,G11304104,上層,18,831.0
a1e231c6-87ab-43fa-9047-e292b19f146d,G11304104,上層,19,880.0
a1e231c6-87ab-43fa-9047-e292b19f146d,G11304104,上層,20,984.0
a1e231c6-87ab-43fa-9047-e292b19f146d,G11304104,上層,21,1077.0
a1e231c6-87ab-43fa-9047-e292b19f146d,G11304104,上層,22,1186.0
a1e231c6-87ab-43fa-9047-e292b19f146d,G11304104,上層,23,1272.0
a1e231c6-87ab-43fa-9047-e292b19f146d,G11304104,上層,24,1381.0
a1e231c6-87ab-43fa-9047-e292b19f146d,G11304104,上層,25,1494.0
a1e231c6-87ab-43fa-9047-e292b19f146d,G11304104,上層,26,1581.0
a1e231c6-87ab-43fa-9047-e292b19f146d,G11304104,上層,27,1679.0
a1e231c6-87ab-43fa-9047-e292b19f146d,G11304104,上層,28,1761.0
a1e231c6-87ab-43fa-9047-e292b19f146d,G11304104,上層,29,1844.0
a1e231c6-87ab-43fa-9047-e292b19f146d,G11304104,上層,30,1942.0
a1e231c6-87ab-43fa-9047-e292b19f146d,G11304104,上層,31,2084.0
a1e231c6-87ab-43fa-9047-e292b19f146d,G11304104,下層,0,38.0
a1e231c6-87ab-43fa-9047-e292b19f146d,G11304104,下層,1,52.0
a1e231c6-87ab-43fa-9047-e292b19f146d,G11304104,下層,2,66.0
a1e231c6-87ab-43fa-9047-e292b19f146d,G11304104,下層,3,81.0
a1e231c6-87ab-43fa-9047-e292b19f146d,G11304104,下層,4,102.0
a1e231c6-87ab-43fa-9047-e292b19f146d,G11304104,下層,5,131.0
a1e231c6-87ab-43fa-9047-e292b19f146d,G11304104,下層,6,153.0
a1e231c6-87ab-43fa-9047-e292b19f146d,G11304104,下層,7,184.0
a1e231c6-87ab-43fa-9047-e292b19f146d,G11304104,下層,8,213.0
a1e231c6-87ab-43fa-9047-e292b19f146d,G11304104,下層,9,250.0
a1e231c6-87ab-43fa-9047-e292b19f146d,G11304104,下層,10,275.0
a1e231c6-87ab-43fa-9047-e292b19f146d,G11304104,下層,11,317.0
a1e231c6-87ab-43fa-9047-e292b19f146d,G11304104,下層,12,364.0
a1e231c6-87ab-43fa-9047-e292b19f146d,G11304104,下層,13,421.0
a1e231c6-87ab-43fa-9047-e292b19f146d,G11304104,下層,14,479.0
a1e231c6-87ab-43fa-9047-e292b19f146d,G11304104,下層,15,545.0
a1e231c6-87ab-43fa-9047-e292b19f146d,G11304104,下層,16,614.0
a1e231c6-87ab-43fa-9047-e292b19f146d,G11304104,下層,17,692.0
a1e231c6-87ab-43fa-9047-e292b19f146d,G11304104,下層,18,772.0
a1e231c6-87ab-43fa-9047-e292b19f146d,G11304104,下層,19,862.0
a1e231c6-87ab-43fa-9047-e292b19f146d,G11304104,下層,20,948.0
a1e231c6-87ab-43fa-9047-e292b19f146d,G11304104,下層,21,1035.0
a1e231c6-87ab-43fa-9047-e292b19f146d,G11304104,下層,22,1146.0
a1e231c6-87ab-43fa-9047-e292b19f146d,G11304104,下層,23,1226.0
a1e231c6-87ab-43fa-9047-e292b19f146d,G11304104,下層,24,1330.0
a1e231c6-87ab-43fa-9047-e292b19f146d,G11304104,下層,25,1465.0
a1e231c6-87ab-43fa-9047-e292b19f146d,G11304104,下層,26,1562.0
a1e231c6-87ab-43fa-9047-e292b19f146d,G11304104,下層,27,1667.0
a1e231c6-87ab-43fa-9047-e292b19f146d,G11304104,下層,28,1761.0
a1e231c6-87ab-43fa-9047-e292b19f146d,G11304104,下層,29,1866.0
a1e231c6-87ab-43fa-9047-e292b19f146d,G11304104,下層,30,2008.0
a1e231c6-87ab-43fa-9047-e292b19f146d,G11304104,下層,31,2105.0
f5db36da-e119-40db-923f-0e06f6ab5a2c,G11304105,A棟上層,0,38.0
f5db36da-e119-40db-923f-0e06f6ab5a2c,G11304105,A棟上層,1,47.0
f5db36da-e119-40db-923f-0e06f6ab5a2c,G11304105,A棟上層,2,58.0
f5db36da-e119-40db-923f-0e06f6ab5a2c,G11304105,A棟上層,3,88.0
f5db36da-e119-40db-923f-0e06f6ab5a2c,G11304105,A棟上層,4,108.0
f5db36da-e119-40db-923f-0e06f6ab5a2c,G11304105,A棟上層,5,134.0
f5db36da-e119-40db-923f-0e06f6ab5a2c,G11304105,A棟上層,6,152.0
f5db36da-e119-40db-923f-0e06f6ab5a2c,G11304105,A棟上層,7,168.0
f5db36da-e119-40db-923f-0e06f6ab5a2c,G11304105,A棟上層,8,201.0
f5db36da-e119-40db-923f-0e06f6ab5a2c,G11304105,A棟上層,9,236.0
f5db36da-e119-40db-923f-0e06f6ab5a2c,G11304105,A棟上層,10,275.0
f5db36da-e119-40db-923f-0e06f6ab5a2c,G11304105,A棟上層,11,324.0
f5db36da-e119-40db-923f-0e06f6ab5a2c,G11304105,A棟上層,12,377.0
f5db36da-e119-40db-923f-0e06f6ab5a2c,G11304105,A棟上層,13,443.0
f5db36da-e119-40db-923f-0e06f6ab5a2c,G11304105,A棟上層,14,518.0
f5db36da-e119-40db-923f-0e06f6ab5a2c,G11304105,A棟上層,15,577.0
f5db36da-e119-40db-923f-0e06f6ab5a2c,G11304105,A棟上層,16,650.0
f5db36da-e119-40db-923f-0e06f6ab5a2c,G11304105,A棟上層,17,744.0
f5db36da-e119-40db-923f-0e06f6ab5a2c,G11304105,A棟上層,18,824.0
f5db36da-e119-40db-923f-0e06f6ab5a2c,G11304105,A棟上層,19,909.0
f5db36da-e119-40db-923f-0e06f6ab5a2c,G11304105,A棟上層,20,1008.0
f5db36da-e119-40db-923f-0e06f6ab5a2c,G11304105,A棟上層,21,1104.0
f5db36da-e119-40db-923f-0e06f6ab5a2c,G11304105,A棟上層,22,1196.0
f5db36da-e119-40db-923f-0e06f6ab5a2c,G11304105,A棟上層,23,1315.0
f5db36da-e119-40db-923f-0e06f6ab5a2c,G11304105,A棟上層,24,1417.0
f5db36da-e119-40db-923f-0e06f6ab5a2c,G11304105,A棟上層,25,1521.0
f5db36da-e119-40db-923f-0e06f6ab5a2c,G11304105,A棟上層,26,1623.0
f5db36da-e119-40db-923f-0e06f6ab5a2c,G11304105,A棟上層,27,1668.0
f5db36da-e119-40db-923f-0e06f6ab5a2c,G11304105,A棟上層,28,1697.0
f5db36da-e119-40db-923f-0e06f6ab5a2c,G11304105,A棟上層,29,1789.0
f5db36da-e119-40db-923f-0e06f6ab5a2c,G11304105,A棟上層,30,1905.0
f5db36da-e119-40db-923f-0e06f6ab5a2c,G11304105,A棟上層,31,1983.0
f5db36da-e119-40db-923f-0e06f6ab5a2c,G11304105,A棟下層,0,40.0
f5db36da-e119-40db-923f-0e06f6ab5a2c,G11304105,A棟下層,1,53.0
f5db36da-e119-40db-923f-0e06f6ab5a2c,G11304105,A棟下層,2,65.0
f5db36da-e119-40db-923f-0e06f6ab5a2c,G11304105,A棟下層,3,83.0
f5db36da-e119-40db-923f-0e06f6ab5a2c,G11304105,A棟下層,4,92.0
f5db36da-e119-40db-923f-0e06f6ab5a2c,G11304105,A棟下層,5,135.0
f5db36da-e119-40db-923f-0e06f6ab5a2c,G11304105,A棟下層,6,156.0
f5db36da-e119-40db-923f-0e06f6ab5a2c,G11304105,A棟下層,7,183.0
f5db36da-e119-40db-923f-0e06f6ab5a2c,G11304105,A棟下層,8,153.0
f5db36da-e119-40db-923f-0e06f6ab5a2c,G11304105,A棟下層,9,190.0
f5db36da-e119-40db-923f-0e06f6ab5a2c,G11304105,A棟下層,10,286.0
f5db36da-e119-40db-923f-0e06f6ab5a2c,G11304105,A棟下層,11,330.0
f5db36da-e119-40db-923f-0e06f6ab5a2c,G11304105,A棟下層,12,390.0
f5db36da-e119-40db-923f-0e06f6ab5a2c,G11304105,A棟下層,13,434.0
f5db36da-e119-40db-923f-0e06f6ab5a2c,G11304105,A棟下層,14,497.0
f5db36da-e119-40db-923f-0e06f6ab5a2c,G11304105,A棟下層,15,560.0
f5db36da-e119-40db-923f-0e06f6ab5a2c,G11304105,A棟下層,16,616.0
f5db36da-e119-40db-923f-0e06f6ab5a2c,G11304105,A棟下層,17,680.0
f5db36da-e119-40db-923f-0e06f6ab5a2c,G11304105,A棟下層,18,747.0
f5db36da-e119-40db-923f-0e06f6ab5a2c,G11304105,A棟下層,19,840.0
f5db36da-e119-40db-923f-0e06f6ab5a2c,G11304105,A棟下層,20,945.0
f5db36da-e119-40db-923f-0e06f6ab5a2c,G11304105,A棟下層,21,1026.0
f5db36da-e119-40db-923f-0e06f6ab5a2c,G11304105,A棟下層,22,1136.0
f5db36da-e119-40db-923f-0e06f6ab5a2c,G11304105,A棟下層,23,1225.0
f5db36da-e119-40db-923f-0e06f6ab5a2c,G11304105,A棟下層,24,1332.0
f5db36da-e119-40db-923f-0e06f6ab5a2c,G11304105,A棟下層,25,1432.0
f5db36da-e119-40db-923f-0e06f6ab5a2c,G11304105,A棟下層,26,1542.0
f5db36da-e119-40db-923f-0e06f6ab5a2c,G11304105,A棟下層,27,1576.0
f5db36da-e119-40db-923f-0e06f6ab5a2c,G11304105,A棟下層,28,1675.0
f5db36da-e119-40db-923f-0e06f6ab5a2c,G11304105,A棟下層,29,1734.0
f5db36da-e119-40db-923f-0e06f6ab5a2c,G11304105,A棟下層,30,1882.0
f5db36da-e119-40db-923f-0e06f6ab5a2c,G11304105,A棟下層,31,1957.0
f5db36da-e119-40db-923f-0e06f6ab5a2c,G11304105,B棟上層,0,36.0
f5db36da-e119-40db-923f-0e06f6ab5a2c,G11304105,B棟上層,1,45.0
f5db36da-e119-40db-923f-0e06f6ab5a2c,G11304105,B棟上層,2,61.0
f5db36da-e119-40db-923f-0e06f6ab5a2c,G11304105,B棟上層,3,73.0
f5db36da-e119-40db-923f-0e06f6ab5a2c,G11304105,B棟上層,4,105.0
f5db36da-e119-40db-923f-0e06f6ab5a2c,G11304105,B棟上層,5,129.0
f5db36da-e119-40db-923f-0e06f6ab5a2c,G11304105,B棟上層,6,145.0
f5db36da-e119-40db-923f-0e06f6ab5a2c,G11304105,B棟上層,7,177.0
f5db36da-e119-40db-923f-0e06f6ab5a2c,G11304105,B棟上層,8,210.0
f5db36da-e119-40db-923f-0e06f6ab5a2c,G11304105,B棟上層,9,228.0
f5db36da-e119-40db-923f-0e06f6ab5a2c,G11304105,B棟上層,10,267.0
f5db36da-e119-40db-923f-0e06f6ab5a2c,G11304105,B棟上層,11,320.0
f5db36da-e119-40db-923f-0e06f6ab5a2c,G11304105,B棟上層,12,381.0
f5db36da-e119-40db-923f-0e06f6ab5a2c,G11304105,B棟上層,13,438.0
f5db36da-e119-40db-923f-0e06f6ab5a2c,G11304105,B棟上層,14,516.0
f5db36da-e119-40db-923f-0e06f6ab5a2c,G11304105,B棟上層,15,567.0
f5db36da-e119-40db-923f-0e06f6ab5a2c,G11304105,B棟上層,16,642.0
f5db36da-e119-40db-923f-0e06f6ab5a2c,G11304105,B棟上層,17,712.0
f5db36da-e119-40db-923f-0e06f6ab5a2c,G11304105,B棟上層,18,804.0
f5db36da-e119-40db-923f-0e06f6ab5a2c,G11304105,B棟上層,19,834.0
f5db36da-e119-40db-923f-0e06f6ab5a2c,G11304105,B棟上層,20,956.0
f5db36da-e119-40db-923f-0e06f6ab5a2c,G11304105,B棟上層,21,1033.0
f5db36da-e119-40db-923f-0e06f6ab5a2c,G11304105,B棟上層,22,1154.0
f5db36da-e119-40db-923f-0e06f6ab5a2c,G11304105,B棟上層,23,1237.0
f5db36da-e119-40db-923f-0e06f6ab5a2c,G11304105,B棟上層,24,1345.0
f5db36da-e119-40db-923f-0e06f6ab5a2c,G11304105,B棟上層,25,1504.0
f5db36da-e119-40db-923f-0e06f6ab5a2c,G11304105,B棟上層,26,1469.0
f5db36da-e119-40db-923f-0e06f6ab5a2c,G11304105,B棟上層,27,1515.0
f5db36da-e119-40db-923f-0e06f6ab5a2c,G11304105,B棟上層,28,1646.0
f5db36da-e119-40db-923f-0e06f6ab5a2c,G11304105,B棟上層,29,1735.0
f5db36da-e119-40db-923f-0e06f6ab5a2c,G11304105,B棟上層,30,1838.0
f5db36da-e119-40db-923f-0e06f6ab5a2c,G11304105,B棟上層,31,1942.0
f5db36da-e119-40db-923f-0e06f6ab5a2c,G11304105,B棟下層,0,40.0
f5db36da-e119-40db-923f-0e06f6ab5a2c,G11304105,B棟下層,1,44.0
f5db36da-e119-40db-923f-0e06f6ab5a2c,G11304105,B棟下層,2,58.0
f5db36da-e119-40db-923f-0e06f6ab5a2c,G11304105,B棟下層,3,72.0
f5db36da-e119-40db-923f-0e06f6ab5a2c,G11304105,B棟下層,4,96.0
f5db36da-e119-40db-923f-0e06f6ab5a2c,G11304105,B棟下層,5,123.0
f5db36da-e119-40db-923f-0e06f6ab5a2c,G11304105,B棟下層,6,154.0
f5db36da-e119-40db-923f-0e06f6ab5a2c,G11304105,B棟下層,7,162.0
f5db36da-e119-40db-923f-0e06f6ab5a2c,G11304105,B棟下層,8,188.0
f5db36da-e119-40db-923f-0e06f6ab5a2c,G11304105,B棟下層,9,228.0
f5db36da-e119-40db-923f-0e06f6ab5a2c,G11304105,B棟下層,10,268.0
f5db36da-e119-40db-923f-0e06f6ab5a2c,G11304105,B棟下層,11,319.0
f5db36da-e119-40db-923f-0e06f6ab5a2c,G11304105,B棟下層,12,390.0
f5db36da-e119-40db-923f-0e06f6ab5a2c,G11304105,B棟下層,13,436.0
f5db36da-e119-40db-923f-0e06f6ab5a2c,G11304105,B棟下層,14,506.0
f5db36da-e119-40db-923f-0e06f6ab5a2c,G11304105,B棟下層,15,572.0
f5db36da-e119-40db-923f-0e06f6ab5a2c,G11304105,B棟下層,16,643.0
f5db36da-e119-40db-923f-0e06f6ab5a2c,G11304105,B棟下層,17,728.0
f5db36da-e119-40db-923f-0e06f6ab5a2c,G11304105,B棟下層,18,797.0
f5db36da-e119-40db-923f-0e06f6ab5a2c,G11304105,B棟下層,19,870.0
f5db36da-e119-40db-923f-0e06f6ab5a2c,G11304105,B棟下層,20,961.0
f5db36da-e119-40db-923f-0e06f6ab5a2c,G11304105,B棟下層,21,1050.0
f5db36da-e119-40db-923f-0e06f6ab5a2c,G11304105,B棟下層,22,1129.0
f5db36da-e119-40db-923f-0e06f6ab5a2c,G11304105,B棟下層,23,1238.0
f5db36da-e119-40db-923f-0e06f6ab5a2c,G11304105,B棟下層,24,1399.0
f5db36da-e119-40db-923f-0e06f6ab5a2c,G11304105,B棟下層,25,1429.0
f5db36da-e119-40db-923f-0e06f6ab5a2c,G11304105,B棟下層,26,1511.0
f5db36da-e119-40db-923f-0e06f6ab5a2c,G11304105,B棟下層,27,1560.0
f5db36da-e119-40db-923f-0e06f6ab5a2c,G11304105,B棟下層,28,1569.0
f5db36da-e119-40db-923f-0e06f6ab5a2c,G11304105,B棟下層,29,1652.0
f5db36da-e119-40db-923f-0e06f6ab5a2c,G11304105,B棟下層,30,1767.0
f5db36da-e119-40db-923f-0e06f6ab5a2c,G11304105,B棟下層,31,1855.0
bf03e764-50bb-4e45-a670-ce10271d6626,G11304108,仁德廠,0,39.0
bf03e764-50bb-4e45-a670-ce10271d6626,G11304108,仁德廠,1,48.0
bf03e764-50bb-4e45-a670-ce10271d6626,G11304108,仁德廠,2,57.0
bf03e764-50bb-4e45-a670-ce10271d6626,G11304108,仁德廠,3,73.0
bf03e764-50bb-4e45-a670-ce10271d6626,G11304108,仁德廠,4,89.0
bf03e764-50bb-4e45-a670-ce10271d6626,G11304108,仁德廠,5,110.0
bf03e764-50bb-4e45-a670-ce10271d6626,G11304108,仁德廠,6,135.0
bf03e764-50bb-4e45-a670-ce10271d6626,G11304108,仁德廠,7,177.0
bf03e764-50bb-4e45-a670-ce10271d6626,G11304108,仁德廠,8,203.0
bf03e764-50bb-4e45-a670-ce10271d6626,G11304108,仁德廠,9,243.0
bf03e764-50bb-4e45-a670-ce10271d6626,G11304108,仁德廠,10,290.0
bf03e764-50bb-4e45-a670-ce10271d6626,G11304108,仁德廠,11,343.0
bf03e764-50bb-4e45-a670-ce10271d6626,G11304108,仁德廠,12,392.0
bf03e764-50bb-4e45-a670-ce10271d6626,G11304108,仁德廠,13,465.0
bf03e764-50bb-4e45-a670-ce10271d6626,G11304108,仁德廠,14,528.0
bf03e764-50bb-4e45-a670-ce10271d6626,G11304108,仁德廠,15,601.0
bf03e764-50bb-4e45-a670-ce10271d6626,G11304108,仁德廠,16,676.0
bf03e764-50bb-4e45-a670-ce10271d6626,G11304108,仁德廠,17,741.0
bf03e764-50bb-4e45-a670-ce10271d6626,G11304108,仁德廠,18,844.0
bf03e764-50bb-4e45-a670-ce10271d6626,G11304108,仁德廠,19,916.0
bf03e764-50bb-4e45-a670-ce10271d6626,G11304108,仁德廠,20,1016.0
bf03e764-50bb-4e45-a670-ce10271d6626,G11304108,仁德廠,21,1129.0
bf03e764-50bb-4e45-a670-ce10271d6626,G11304108,仁德廠,22,1233.0
bf03e764-50bb-4e45-a670-ce10271d6626,G11304108,仁德廠,23,1321.0
bf03e764-50bb-4e45-a670-ce10271d6626,G11304108,仁德廠,24,1440.0
bf03e764-50bb-4e45-a670-ce10271d6626,G11304108,仁德廠,25,1552.0
bf03e764-50bb-4e45-a670-ce10271d6626,G11304108,仁德廠,26,1638.0
bf03e764-50bb-4e45-a670-ce10271d6626,G11304108,仁德廠,27,1702.0
bf03e764-50bb-4e45-a670-ce10271d6626,G11304108,仁德廠,28,1826.0
bf03e764-50bb-4e45-a670-ce10271d6626,G11304108,仁德廠,29,1877.0
bf03e764-50bb-4e45-a670-ce10271d6626,G11304108,仁德廠,30,1984.0
bf03e764-50bb-4e45-a670-ce10271d6626,G11304108,仁德廠,31,2058.0
62c0b26d-85a0-479e-8607-3e7eca0a4fe2,G11305103,上層,0,42.0
62c0b26d-85a0-479e-8607-3e7eca0a4fe2,G11305103,上層,1,32.0
62c0b26d-85a0-479e-8607-3e7eca0a4fe2,G11305103,上層,2,51.0
62c0b26d-85a0-479e-8607-3e7eca0a4fe2,G11305103,上層,3,64.0
62c0b26d-85a0-479e-8607-3e7eca0a4fe2,G11305103,上層,4,82.0
62c0b26d-85a0-479e-8607-3e7eca0a4fe2,G11305103,上層,5,100.0
62c0b26d-85a0-479e-8607-3e7eca0a4fe2,G11305103,上層,6,126.0
62c0b26d-85a0-479e-8607-3e7eca0a4fe2,G11305103,上層,7,151.0
62c0b26d-85a0-479e-8607-3e7eca0a4fe2,G11305103,上層,8,190.0
62c0b26d-85a0-479e-8607-3e7eca0a4fe2,G11305103,上層,9,213.0
62c0b26d-85a0-479e-8607-3e7eca0a4fe2,G11305103,上層,10,250.0
62c0b26d-85a0-479e-8607-3e7eca0a4fe2,G11305103,上層,11,294.0
62c0b26d-85a0-479e-8607-3e7eca0a4fe2,G11305103,上層,12,347.0
62c0b26d-85a0-479e-8607-3e7eca0a4fe2,G11305103,上層,13,405.0
62c0b26d-85a0-479e-8607-3e7eca0a4fe2,G11305103,上層,14,469.0
62c0b26d-85a0-479e-8607-3e7eca0a4fe2,G11305103,上層,15,543.0
62c0b26d-85a0-479e-8607-3e7eca0a4fe2,G11305103,上層,16,605.0
62c0b26d-85a0-479e-8607-3e7eca0a4fe2,G11305103,上層,17,671.0
62c0b26d-85a0-479e-8607-3e7eca0a4fe2,G11305103,上層,18,746.0
62c0b26d-85a0-479e-8607-3e7eca0a4fe2,G11305103,上層,19,812.0
62c0b26d-85a0-479e-8607-3e7eca0a4fe2,G11305103,上層,20,906.0
62c0b26d-85a0-479e-8607-3e7eca0a4fe2,G11305103,上層,21,984.0
62c0b26d-85a0-479e-8607-3e7eca0a4fe2,G11305103,上層,22,1068.0
62c0b26d-85a0-479e-8607-3e7eca0a4fe2,G11305103,上層,23,1148.0
62c0b26d-85a0-479e-8607-3e7eca0a4fe2,G11305103,上層,24,1250.0
62c0b26d-85a0-479e-8607-3e7eca0a4fe2,G11305103,上層,25,1347.0
62c0b26d-85a0-479e-8607-3e7eca0a4fe2,G11305103,上層,26,1431.0
62c0b26d-85a0-479e-8607-3e7eca0a4fe2,G11305103,上層,27,1545.0
62c0b26d-85a0-479e-8607-3e7eca0a4fe2,G11305103,上層,28,1611.0
62c0b26d-85a0-479e-8607-3e7eca0a4fe2,G11305103,上層,29,1684.0
62c0b26d-85a0-479e-8607-3e7eca0a4fe2,G11305103,上層,30,1770.0
62c0b26d-85a0-479e-8607-3e7eca0a4fe2,G11305103,上層,31,1834.0
